date,trade_date,target_start_date,target_end_date,horizon,model_name,close,fwd_ret_1d,target_ret,target_up,target_trade,target_big_up,target_big_down,target_clean_direction,pred_ret,pred_up_prob,pred_trade_prob,pred_big_up_prob,pred_big_down_prob,pred_tail_score,pred_clean_direction_prob,pred_clean_direction,pred_up,pred_trade,pred_big_up,pred_big_down,chunk_start,train_samples,train_latest_target_end_date,feature_top_k,selected_feature_count,selected_feature_count_up,selected_feature_count_trade,selected_feature_count_big_up,selected_feature_count_big_down,selected_feature_count_clean_direction,clean_direction_train_samples,ret_5,ret_20,ret_60,ma_ratio_20,ma_ratio_60,ma_spread_20_60,volatility_20,volatility_60,volatility_ratio_5_20,volatility_ratio_20_60,drawdown_20,drawdown_60,drawdown_120,drawdown_speed_20,trend_regime_score,high_volatility_regime,drawdown_regime,severe_drawdown_regime,crash_risk_score,m5_available,strategy,final_position,signal,turnover,transaction_cost,strategy_return,buy_hold_return,active_return,equity,buy_hold_equity,drawdown,buy_hold_drawdown,benchmark_return,benchmark_equity,position_gap,position_gap_return,turnover_cost,cumulative_active_return,cumulative_position_gap_return,cumulative_turnover_cost,missed_upside_daily,avoided_downside_daily,cumulative_missed_upside,cumulative_avoided_downside
2025-01-02,2025-01-03,2025-01-03,2025-01-16,10,ExtraTreesDeep,3615.85,-0.0478283114620352,0.0237316260353719,1.0,1.0,0.0,0.0,1.0,-0.005796310095069,0.5768628870070569,0.5654621506503086,0.4685036910965011,0.4105996651748386,0.0579040259216624,0.4301590326165256,0,1,1,0,0,2025-01-02,1915,2024-12-31,120,120,120,120,120,120,120,1345,-0.0127614611518079,-0.0967803981225442,0.157101621801518,-0.0895261323260965,-0.0298319378837724,0.065563874551207,0.0250819625014464,0.0227176620011333,0.6998194923015401,1.1040732316642068,-0.1627147137690052,-0.1627147137690052,-0.1627147137690052,-0.0108231022521501,0.25,0.0,1.0,1.0,0.3166589573846069,1.0,ml_big_up_index_enhancement,0.88,ADJUST,0.12,0.00012,-0.0422089140865909,-0.0478283114620352,0.005619397375444299,95779.1085913409,95217.16885379648,0.0,0.0,-0.0478283114620352,95217.16885379648,-0.12,0.005739397375444224,0.00012,0.005619397375444299,0.005739397375444224,0.00012,0.0,0.005739397375444224,0.0,0.005739397375444224
2025-01-03,2025-01-06,2025-01-06,2025-01-17,10,ExtraTreesDeep,3442.91,-0.0069650382960925,0.0695922925664627,1.0,1.0,1.0,0.0,1.0,-0.0264476448860378,0.6373844636059535,0.6154140501052835,0.5398026625661744,0.3866218772406085,0.1531807853255658,0.536517967887419,1,1,1,1,0,2025-01-02,1915,2024-12-31,120,120,120,120,120,120,120,1345,-0.0739911942141092,-0.1547656457140613,0.0835654420766729,-0.1261368069478383,-0.0773289811494697,0.0558529369201332,0.0262559159598985,0.0235542586306151,0.8913204703537541,1.1146993149583524,-0.2027606552214406,-0.2027606552214406,-0.2027606552214406,-0.0637020845007804,0.25,0.0,1.0,1.0,0.3924254191510457,1.0,ml_big_up_index_enhancement,0.88,ADJUST,0.0,0.0,-0.0061292337005614,-0.0069650382960925,0.0008358045955311,95192.05605115312,94553.97762628426,-0.0061292337005615,-0.0069650382960926,-0.0069650382960925,94553.97762628426,-0.12,0.0008358045955311,0.0,0.006455201970975399,0.006575201970975324,0.00012,0.0,0.0008358045955311,0.0,0.006575201970975324
2025-01-06,2025-01-07,2025-01-07,2025-01-20,10,ExtraTreesDeep,3418.93,0.0366605926415575,0.0955035639805437,1.0,1.0,1.0,0.0,1.0,-0.0365466545440065,0.663722041422547,0.6045584198453953,0.5118103192412119,0.3608732115077667,0.1509371077334451,0.532505081328516,1,1,1,1,0,2025-01-02,1915,2024-12-31,120,120,120,120,120,120,120,1345,-0.0960114223767534,-0.1698059603276164,0.1146310133927988,-0.1244531241196974,-0.0851921035576248,0.0448417116703183,0.0258739179726067,0.0230987866061458,0.640389406332475,1.12014186778636,-0.208313457788975,-0.208313457788975,-0.208313457788975,-0.084083972824149,0.25,0.0,1.0,1.0,0.3450910264343198,1.0,ml_big_up_index_enhancement,0.88,ADJUST,0.0,0.0,0.0322613215245706,0.0366605926415575,-0.0043992711169869025,98263.07757800432,98020.38248268042,0.0,0.0,0.0366605926415575,98020.38248268042,-0.12,-0.0043992711169869,0.0,0.0020559308539884963,0.0021759308539884238,0.00012,0.0043992711169869,0.0,0.0043992711169869,0.006575201970975324
2025-01-07,2025-01-08,2025-01-08,2025-01-21,10,ExtraTreesDeep,3544.27,-0.0023530938670022,0.0448470347913674,1.0,1.0,1.0,0.0,1.0,-0.0338023832122024,0.5880050200744111,0.6065643870199977,0.4053213726390925,0.3527096621378409,0.0526117105012516,0.4681553827325662,0,1,1,0,0,2025-01-02,1915,2024-12-31,120,120,120,120,120,120,120,1345,-0.0445011781071565,-0.1454092150853682,0.1188921790848764,-0.0852918442585402,-0.0532447803542956,0.0350352882535165,0.027624232748789,0.0231929682198926,1.0963687624082428,1.1910606907612475,-0.1792897599651733,-0.1792897599651733,-0.1792897599651733,-0.0382235662978691,0.25,0.0,1.0,1.0,0.4304821580847131,1.0,ml_big_up_index_enhancement,0.88,ADJUST,0.0,0.0,-0.0020707226029619,-0.0023530938670022,0.00028237126404030005,98059.60200222697,97789.7313218192,-0.002070722602962,-0.0023530938670022,-0.0023530938670022,97789.7313218192,-0.12,0.000282371264040264,0.0,0.0023383021180287964,0.002458302118028688,0.00012,0.0,0.000282371264040264,0.0043992711169869,0.006857573235015587
2025-01-08,2025-01-09,2025-01-09,2025-01-22,10,ExtraTreesDeep,3535.93,0.0057325795476721,0.0359367973913511,1.0,1.0,1.0,0.0,1.0,-0.0293193668047526,0.5880262465078834,0.5921459367595582,0.4248146016904501,0.3733055518103687,0.0515090498800813,0.4799837196503886,0,1,1,0,0,2025-01-02,1915,2024-12-31,120,120,120,120,120,120,120,1345,-0.0298087291504897,-0.1506558767081499,0.124899390137211,-0.0799982827682298,-0.0571206179750963,0.0248669805334396,0.0275261595672011,0.0231649051486342,1.0878672964306593,1.188269901844347,-0.1812209681975853,-0.1812209681975853,-0.1812209681975853,-0.025156650164176,0.25,0.0,1.0,1.0,0.4297563800024293,1.0,ml_big_up_index_enhancement,0.88,ADJUST,0.0,0.0,0.0050446700019514,0.0057325795476721,-0.0006879095457207,98554.28033485088,98350.31873556704,0.0,0.0,0.0057325795476721,98350.31873556704,-0.12,-0.000687909545720652,0.0,0.0016503925723080964,0.0017703925723080358,0.00012,0.000687909545720652,0.0,0.005087180662707552,0.006857573235015587
2025-01-09,2025-01-10,2025-01-10,2025-01-23,10,ExtraTreesDeep,3556.2,-0.0315477194758448,0.0328581069681122,1.0,1.0,0.0,0.0,1.0,-0.027284967917382,0.582378240430587,0.5884471436646705,0.3756918261115492,0.3622655713083718,0.0134262548031773,0.443275341118916,0,1,1,0,0,2025-01-02,1915,2024-12-31,120,120,120,120,120,120,120,1345,-0.0164968126443298,-0.1592848176228201,0.1174971482800122,-0.0665422651324978,-0.0532886939273367,0.0141983624004597,0.0271502493623031,0.0231313059517061,1.1164016639305885,1.173744769058337,-0.1765272522658121,-0.1765272522658121,-0.1765272522658121,-0.0138125384968068,0.25,0.0,1.0,1.0,0.4345245103160604,1.0,ml_big_up_index_enhancement,0.88,ADJUST,0.0,0.0,-0.0277619931387434,-0.0315477194758448,0.003785726337101402,95818.21708040097,95247.59046973744,-0.0277619931387433,-0.0315477194758448,-0.0315477194758448,95247.59046973744,-0.12,0.003785726337101376,0.0,0.005436118909409498,0.005556118909409412,0.00012,0.0,0.003785726337101376,0.005087180662707552,0.010643299572116963
2025-01-10,2025-01-13,2025-01-13,2025-01-24,10,ExtraTreesDeep,3444.01,0.0092508442193837,0.0762367124369558,1.0,1.0,1.0,0.0,1.0,-0.0136762505901453,0.6234199263273982,0.5926689946377333,0.5050155753200983,0.3756988599244446,0.1293167153956537,0.5220749273915296,1,1,1,1,0,2025-01-02,1915,2024-12-31,120,120,120,120,120,120,120,1345,0.0003194971695457,-0.2025059395073334,0.0886707760391971,-0.0854943467570192,-0.0842949596841021,0.0013115141154829,0.0267104750848188,0.0235157869758936,0.9219495358071486,1.1358529107361006,-0.1943138938340861,-0.2025059395073334,-0.2025059395073334,0.0084467613873544,0.25,0.0,1.0,1.0,0.4245783428739885,1.0,ml_big_up_index_enhancement,0.88,ADJUST,0.0,0.0,0.0081407429130576,0.0092508442193837,-0.0011101013063261004,96598.24855204004,96128.71109144464,-0.0198472534745823,-0.022588718294809,0.0092508442193837,96128.71109144464,-0.12,-0.001110101306326044,0.0,0.004326017603083398,0.004446017603083368,0.00012,0.001110101306326044,0.0,0.006197281969033596,0.010643299572116963
2025-01-13,2025-01-14,2025-01-14,2025-01-27,10,ExtraTreesDeep,3475.87,0.0547114823051495,0.0655634416707184,1.0,1.0,1.0,0.0,1.0,-0.0177900501508606,0.6103181610470307,0.6023561594240032,0.468120806917231,0.3229904504287459,0.145130356488485,0.520447199699008,1,1,1,0,0,2025-01-02,1915,2024-12-31,120,120,120,120,120,120,120,1345,0.0166543333733069,-0.1834566259710911,0.0719590197807891,-0.0673645058819142,-0.0767785040357257,-0.0100939737048219,0.0270696399455503,0.0233387025020826,0.9049355884431192,1.1598605339407675,-0.1868606171762235,-0.1951284461878319,-0.1951284461878319,0.0214528406127515,0.0,0.0,1.0,1.0,0.4161113523805578,1.0,ml_big_up_index_enhancement,0.88,ADJUST,0.0,0.0,0.0481461044285315,0.0547114823051495,-0.006565377876618005,101249.07791443984,101388.05536734106,0.0,0.0,0.0547114823051495,101388.05536734106,-0.12,-0.0065653778766179395,0.0,-0.0022393602735346066,-0.0021193602735345715,0.00012,0.0065653778766179395,0.0,0.012762659845651536,0.010643299572116963
2025-01-14,2025-01-15,2025-01-15,2025-02-05,10,ExtraTreesDeep,3666.04,0.0002536797198067,0.0328583430622688,1.0,1.0,0.0,0.0,1.0,-0.0040406227735476,0.5946519565837738,0.5983822560818877,0.3791838555075161,0.3715392317405142,0.0076446237670019,0.4866700121835423,0,1,1,0,0,2025-01-02,1915,2024-12-31,120,120,120,120,120,120,120,1345,0.0343568633315181,-0.1423725562212402,0.1138036008336724,-0.0082411662805135,-0.027879653026297,-0.0198016756474267,0.0305679656895256,0.0242735875375995,1.0157599292093311,1.2593097597203646,-0.1017183797783478,-0.1510927304135193,-0.1510927304135193,0.0775713801868255,0.0,1.0,1.0,1.0,0.4212477730542251,1.0,ml_big_up_index_enhancement,0.88,ADJUST,0.0,0.0,0.0002232381534298,0.0002536797198067,-3.04415663769e-05,101271.68057162991,101413.7754608184,0.0,0.0,0.0002536797198067,101413.7754608184,-0.12,-3.0441566376804e-05,0.0,-0.0022698018399115068,-0.0021498018399113755,0.00012,3.0441566376804e-05,0.0,0.01279310141202834,0.010643299572116963
2025-01-15,2025-01-16,2025-01-16,2025-02-06,10,ExtraTreesDeep,3666.97,0.0094601264804456,0.0479905753251321,1.0,1.0,1.0,0.0,1.0,-0.016113577217562,0.5324306205937581,0.4834379314514902,0.3642559775743199,0.3914500719762785,-0.0271940944019586,0.3400344762692653,0,1,0,0,0,2025-01-02,1915,2024-12-31,120,120,120,120,120,120,120,1345,0.0370595571744916,-0.0885167583045826,0.094823802685281,-0.0031880844798894,-0.0289959744179258,-0.0258904308187071,0.0280667789737349,0.0241889553712793,1.099928328268288,1.1603138102879729,-0.1014905039486226,-0.1508773798552288,-0.1508773798552288,0.0797304642489626,0.0,0.0,1.0,1.0,0.4058240780823268,1.0,ml_big_up_index_enhancement,0.88,ADJUST,0.0,0.0,0.0083249113027921,0.0094601264804456,-0.0011352151776534997,102114.75832987342,102373.16260353726,0.0,0.0,0.0094601264804456,102373.16260353726,-0.12,-0.0011352151776534718,0.0,-0.0034050170175650065,-0.0032850170175648475,0.00012,0.0011352151776534718,0.0,0.013928316589681812,0.010643299572116963
2025-01-16,2025-01-17,2025-01-17,2025-02-07,10,ExtraTreesDeep,3701.66,-0.0051733546570996,0.0493049064473776,1.0,1.0,1.0,0.0,1.0,-0.0249072008658694,0.5135988470964697,0.4954890729998222,0.3655841014408539,0.3568666948836059,0.008717406557248,0.3590488699791598,0,1,0,0,0,2025-01-02,1915,2024-12-31,120,120,120,120,120,120,120,1345,0.0409032112929532,-0.0793905811663119,0.0991492836463514,0.0106267526169636,-0.0212524765089154,-0.0315440186432128,0.0282249349849838,0.0242046467157907,1.0932765664408948,1.1660957218834482,-0.092990490472095,-0.1428445724712519,-0.1428445724712519,0.083536761793717,0.25,0.0,1.0,0.0,0.402657011845031,1.0,ml_big_up_index_enhancement,0.88,ADJUST,0.0,0.0,-0.0045525520982476,-0.0051733546570996,0.0006208025588520004,101649.8755725767,101843.54992602023,-0.0045525520982477,-0.0051733546570994,-0.0051733546570996,101843.54992602023,-0.12,0.000620802558851952,0.0,-0.002784214458713006,-0.0026642144587128956,0.00012,0.0,0.000620802558851952,0.013928316589681812,0.011264102130968916
2025-01-17,2025-01-20,2025-01-20,2025-02-10,10,ExtraTreesDeep,3682.51,0.0170916032814574,0.082014712791004,1.0,1.0,1.0,0.0,1.0,-0.0137687093242396,0.4997701008917424,0.4848593711675707,0.3847008785038175,0.3619152171861831,0.0227856613176344,0.340424636677761,0,0,0,0,0,2025-01-02,1915,2024-12-31,120,120,120,120,120,120,120,1345,0.0692506700038617,-0.0811802778034217,0.0891133325446589,0.0098838081442622,-0.0276070391817185,-0.0371239216072522,0.0282264200924473,0.0242199283278296,0.8414979560125007,1.165421289047091,-0.0976827723422449,-0.147278941494116,-0.147278941494116,0.0966311214918411,0.25,0.0,1.0,0.0,0.3537241822688575,1.0,ml_big_up_index_enhancement,0.88,ADJUST,0.0,0.0,0.0150406108876825,0.0170916032814574,-0.0020509923937748996,103178.75179784517,103584.2194781311,0.0,0.0,0.0170916032814574,103584.2194781311,-0.12,-0.002050992393774888,0.0,-0.004835206852487906,-0.004715206852487783,0.00012,0.002050992393774888,0.0,0.0159793089834567,0.011264102130968916
2025-01-20,2025-01-21,2025-01-21,2025-02-11,10,ExtraTreesDeep,3745.45,-0.0112750136832689,0.062200803641752,1.0,1.0,1.0,0.0,1.0,-0.0025340461864831,0.5409652749720031,0.5177039933110033,0.4386299864706373,0.3706830247333291,0.0679469617373081,0.3973781436069434,0,1,1,0,0,2025-01-02,1915,2024-12-31,120,120,120,120,120,120,120,1345,0.0775575611285808,-0.0822607242530941,0.0773220043547917,0.0318945208162806,-0.0121559670633378,-0.0426889444521638,0.0281782366764457,0.0240554998968169,0.839081477572118,1.1713843735242566,-0.0133270460795987,-0.132704571452389,-0.132704571452389,0.1735335710966247,0.25,0.0,1.0,0.0,0.3363697413282517,1.0,ml_big_up_index_enhancement,0.88,ADJUST,0.0,0.0,-0.0099220120412766,-0.0112750136832689,0.0013530016419923008,102155.01098010306,102416.30598614443,-0.0099220120412765,-0.0112750136832689,-0.0112750136832689,102416.30598614443,-0.12,0.0013530016419922679,0.0,-0.003482205210495605,-0.003362205210495515,0.00012,0.0,0.0013530016419922679,0.0159793089834567,0.012617103772961184
2025-01-21,2025-01-22,2025-01-22,2025-02-12,10,ExtraTreesDeep,3703.22,-0.0108608184228859,0.0786855763362697,1.0,1.0,1.0,0.0,1.0,-0.0100416690483237,0.4530569197816964,0.3782743232763598,0.5682848702101666,0.4429887305578973,0.1252961396522693,0.3110165933517997,0,0,0,1,0,2025-01-02,1915,2024-12-31,120,120,120,120,120,120,120,1345,0.0101417333144209,-0.0244517971359627,0.0243387004422954,0.021566094958348,-0.0236715484876156,-0.0442826398303755,0.0236396835105341,0.0235753513071742,0.4795781409385591,1.0027287908681262,-0.0214667350163564,-0.1424833392766999,-0.1424833392766999,0.0802516447619914,0.25,0.0,1.0,0.0,0.2339495729168123,1.0,ml_big_up_index_enhancement,0.88,ADJUST,0.0,0.0,-0.0095575202121395,-0.0108608184228859,0.001303298210746399,101178.6623978894,101303.9810832862,-0.0193847024227864,-0.0220133762298253,-0.0108608184228859,101303.9810832862,-0.12,0.0013032982107463078,0.0,-0.0021789069997492057,-0.002058906999749207,0.00012,0.0,0.0013032982107463078,0.0159793089834567,0.013920401983707491
2025-01-22,2025-01-23,2025-01-23,2025-02-13,10,ExtraTreesDeep,3663.0,0.0027436527436528,0.0766257166257164,1.0,1.0,1.0,0.0,1.0,-0.0106908444831054,0.4094939235449018,0.3734571463731739,0.5035765433302399,0.4342381704515815,0.0693383728786584,0.2909028422523452,0,0,0,1,0,2025-01-02,1915,2024-12-31,120,120,120,120,120,120,120,1345,-0.0010826377090622,-0.0320944071280975,0.0408970526387579,0.0121667248324039,-0.0348856050935274,-0.0464867385694015,0.0237401191422919,0.023353297423422,0.5383438353297719,1.016563901527754,-0.0314776377890297,-0.1517966720234153,-0.1517966720234153,0.0700128661595929,0.25,0.0,1.0,1.0,0.2496574601021693,1.0,ml_big_up_index_enhancement,0.88,ADJUST,0.0,0.0,0.0024144144144144,0.0027436527436528,-0.0003292383292383999,101422.94961881403,101581.92402892832,-0.0170170907133206,-0.0193301205462623,0.0027436527436528,101581.92402892832,-0.12,-0.000329238329238336,0.0,-0.0025081453289876056,-0.0023881453289875433,0.00012,0.000329238329238336,0.0,0.016308547312695036,0.013920401983707491
2025-01-23,2025-01-24,2025-01-24,2025-02-14,10,ExtraTreesDeep,3673.05,0.0091259307659845,0.0751391895019124,1.0,1.0,1.0,0.0,1.0,-0.0081356407948083,0.4312741257322154,0.3653642655195031,0.5935321151291907,0.4857248146139644,0.1078073005152263,0.3512874590615111,0,0,0,1,0,2025-01-02,1915,2024-12-31,120,120,120,120,120,120,120,1345,-0.0077289648428001,0.0028559025170713,0.0456486463404219,0.0147971041240042,-0.0329186279110944,-0.0470199726045611,0.0226099308721797,0.0233516036100994,0.5234690013073011,0.9682388948397987,-0.0288203487526605,-0.1494694966354369,-0.1494694966354369,0.0641701417194344,0.5,0.0,1.0,0.0,0.22060034926304,1.0,ml_big_up_index_enhancement,0.88,ADJUST,0.0,0.0,0.0080308190740663,0.0091259307659845,-0.0010951116919182009,102237.45897716087,102508.95363469182,-0.00912293281594,-0.0103805951220812,0.0091259307659845,102508.95363469182,-0.12,-0.00109511169191814,0.0,-0.0036032570209058065,-0.0034832570209056835,0.00012,0.00109511169191814,0.0,0.017403659004613176,0.013920401983707491
2025-01-24,2025-01-27,2025-01-27,2025-02-17,10,ExtraTreesDeep,3706.57,-0.00075811329612,0.0928621339945015,1.0,1.0,1.0,0.0,1.0,-0.0058558687433463,0.4080292607071152,0.3663714492870022,0.6039266607641829,0.4710524653036263,0.1328741954605565,0.355103876016701,0,0,0,1,0,2025-01-02,1915,2024-12-31,120,120,120,120,120,120,120,1345,0.0065335871457239,-0.0030769148011974,0.0321774871763453,0.0242199330186907,-0.0245876977300896,-0.0476534669706431,0.0224430388737653,0.0232096428021622,0.5541510709609243,0.9669704555588644,-0.0199574304940441,-0.1417076141473738,-0.1417076141473738,0.0777253418482007,0.25,0.0,1.0,0.0,0.2249641795420413,1.0,ml_big_up_index_enhancement,0.88,ADJUST,0.0,0.0,-0.0006671397005856,-0.00075811329612,9.097359553439995e-05,102169.25230939024,102431.24023397,-0.0097839862458581,-0.0111308387510176,-0.00075811329612,102431.24023397,-0.12,9.097359553439999e-05,0.0,-0.0035122834253714067,-0.0033922834253712836,0.00012,0.0,9.097359553439999e-05,0.017403659004613176,0.014011375579241892
2025-01-27,2025-02-05,2025-02-05,2025-02-18,10,ExtraTreesDeep,3703.76,0.0223394604402011,0.0671209797611076,1.0,1.0,1.0,0.0,1.0,-0.0185415167429285,0.3919967297390236,0.3753175394453558,0.5870872993663241,0.521188261023816,0.0658990383425081,0.3710795087613165,0,0,0,1,1,2025-01-02,1915,2024-12-31,120,120,120,120,120,120,120,1345,-0.0111308387510178,-0.0207004137967504,0.0723755642352315,0.0245516915534429,-0.0263945915133382,-0.049725439415883,0.0220774601230488,0.022639308056269,0.4001383726724369,0.9751826366855532,-0.0111308387510178,-0.1423582970170473,-0.1423582970170473,0.0021962073285809,0.25,0.0,1.0,0.0,0.1925858498597686,1.0,ml_big_up_index_enhancement,0.88,ADJUST,0.0,0.0,0.0196587251873769,0.0223394604402011,-0.002680735252824199,104177.7695631403,104719.49887301752,0.0,0.0,0.0223394604402011,104719.49887301752,-0.12,-0.002680735252824132,0.0,-0.006193018678195605,-0.006073018678195416,0.00012,0.002680735252824132,0.0,0.02008439425743731,0.014011375579241892
2025-02-05,2025-02-06,2025-02-06,2025-02-19,10,ExtraTreesDeep,3786.5,0.0149082265944804,0.0652739997359037,1.0,1.0,1.0,0.0,1.0,-0.0164152169920365,0.3864227399321376,0.3488254103024845,0.5715494806238475,0.5384369090292676,0.0331125715945799,0.3567641743373393,0,0,0,1,1,2025-01-02,1915,2024-12-31,120,120,120,120,120,120,120,1345,0.0224885370029326,0.0208015442100211,0.0742483949398404,0.0463229685231287,-0.0057847320673218,-0.0498007805983653,0.022209149598217,0.0226659971794436,0.5543614703876453,0.9798443643308592,0.0,-0.1231990441213928,-0.1231990441213928,0.0214667350163564,0.5,0.0,1.0,0.0,0.1988980457860793,1.0,ml_big_up_index_enhancement,0.88,ADJUST,0.0,0.0,0.0131192394031427,0.0149082265944804,-0.0017889871913377015,105544.50266252458,106280.68089107692,0.0,0.0,0.0149082265944804,106280.68089107692,-0.12,-0.0017889871913376481,0.0,-0.007982005869533307,-0.007862005869533064,0.00012,0.0017889871913376481,0.0,0.02187338144877496,0.014011375579241892
2025-02-06,2025-02-07,2025-02-07,2025-02-20,10,ExtraTreesDeep,3842.95,0.0107261348703471,0.0627096371277273,1.0,1.0,1.0,0.0,1.0,-0.0124029417901589,0.4159627625686143,0.4131469569123352,0.2799703243276597,0.5353028798788516,-0.2553325555511919,0.3265274916620301,0,0,0,0,1,2025-01-02,1915,2024-12-31,120,120,120,120,120,120,120,1345,0.049126399126399,0.0544316613482522,0.0647532444503551,0.0590191062704914,0.0080063182857426,-0.0481698466842575,0.0219507344114941,0.0225434445255991,0.4230694440760251,0.9737080944559304,0.0,-0.1101274967928976,-0.1101274967928976,0.0314776377890297,0.75,0.0,1.0,0.0,0.1507743086857464,1.0,ml_big_up_index_enhancement,0.88,ADJUST,0.0,0.0,0.0094389986859054,0.0107261348703471,-0.0012871361844416992,106540.73708446068,107420.66180842691,0.0,0.0,0.0107261348703471,107420.66180842691,-0.12,-0.001287136184441652,0.0,-0.009269142053975006,-0.009149142053974716,0.00012,0.001287136184441652,0.0,0.02316051763321661,0.014011375579241892
2025-02-07,2025-02-10,2025-02-10,2025-02-21,10,ExtraTreesDeep,3884.17,0.0258382099650633,0.0479819369389085,1.0,1.0,1.0,0.0,1.0,-0.0046608022064267,0.4416350686356777,0.4599670080569265,0.259041671635584,0.4940917301749826,-0.2350500585393986,0.3912251652247488,0,0,0,0,0,2025-02-07,1935,2025-02-06,120,120,120,120,120,120,120,1364,0.0574781176406529,0.0742066180842679,0.0656509953688462,0.0664355608295375,0.0177536612897759,-0.0456491712465906,0.0218647299897293,0.0225492016925382,0.3862830621018739,0.9696454130775104,0.0,-0.1005826043060849,-0.1005826043060849,0.0288203487526605,0.75,0.0,1.0,0.0,0.1414469782104622,1.0,ml_big_up_index_enhancement,0.88,ADJUST,0.0,0.0,0.0227376247692557,0.0258382099650633,-0.0031005851958076022,108963.22038692707,110196.21942281912,0.0,0.0,0.0258382099650633,110196.21942281912,-0.12,-0.003100585195807596,0.0,-0.012369727249782608,-0.012249727249782311,0.00012,0.003100585195807596,0.0,0.026261102829024205,0.014011375579241892
2025-02-10,2025-02-11,2025-02-11,2025-02-24,10,ExtraTreesDeep,3984.53,-0.0015334305426236,0.0339513066785794,1.0,1.0,0.0,0.0,1.0,-0.0147115255337606,0.3668935280458258,0.401552964334982,0.2595309470179281,0.5482949591040328,-0.2887640120861047,0.3152221699271367,0,0,0,0,1,2025-02-07,1935,2025-02-06,120,120,120,120,120,120,120,1364,0.0749911643379188,0.1573145972447727,0.0613752357409993,0.0859161859978234,0.0430011017153348,-0.039519702197877,0.0186806053001927,0.0224663428436123,0.5596338709022244,0.8314929327940904,0.0,-0.077343268789915,-0.077343268789915,0.0199574304940441,0.75,0.0,0.0,0.0,0.1466600621050234,1.0,ml_big_up_index_enhancement,0.92,ADJUST,0.04,4.000000000000004e-05,-0.0014507560992137,-0.0015334305426236,8.267444340989997e-05,108805.14133036076,110027.24117427452,-0.0014507560992137,-0.0015334305426236,-0.0015334305426236,110027.24117427452,-0.07999999999999996,0.00012267444340988793,4e-05,-0.012287052806372708,-0.012127052806372423,0.00016,0.0,0.00012267444340988793,0.026261102829024205,0.01413405002265178
2025-02-11,2025-02-12,2025-02-12,2025-02-25,10,ExtraTreesDeep,3978.42,0.0040694547081505,0.0318820034083882,1.0,1.0,0.0,0.0,1.0,-0.0227341284964173,0.2689644451102285,0.2922342371484062,0.2152204275391614,0.6208183365737059,-0.4055979090345444,0.2002238922379142,0,0,0,0,1,2025-02-07,1935,2025-02-06,120,120,120,120,120,120,120,1364,0.0741570728124931,0.163644766052537,0.0567357801966628,0.0760472502024476,0.0404321792255544,-0.0330980549136598,0.0184979016096043,0.0224681600483328,0.5806639923915846,0.8232940111612255,-0.0015334305426236,-0.0787580988019098,-0.0787580988019098,0.0095974082083941,0.75,0.0,0.0,0.0,0.149814870573053,1.0,ml_big_up_index_enhancement,0.92,ADJUST,0.0,0.0,0.0037438983314984,0.0040694547081505,-0.0003255563766521,109212.49671744596,110474.992048896,0.0,0.0,0.0040694547081505,110474.992048896,-0.07999999999999996,-0.00032555637665203986,0.0,-0.012612609183024807,-0.012452609183024464,0.00016,0.00032555637665203986,0.0,0.026586659205676245,0.01413405002265178
2025-02-12,2025-02-13,2025-02-13,2025-02-26,10,ExtraTreesDeep,3994.61,-0.0127496801940615,0.0426574809555877,1.0,1.0,1.0,0.0,1.0,-0.0315408362774115,0.2466170748735153,0.2375636720341909,0.1313197039365396,0.6110223740521881,-0.4797026701156485,0.165045262024379,0,0,0,0,1,2025-02-07,1935,2025-02-06,120,120,120,120,120,120,120,1364,0.0549610458206788,0.1270614259071685,0.0345996653733988,0.0738859999715038,0.0440582450581645,-0.0277755319597524,0.0172092403878349,0.0222430903784331,0.6097529167456571,0.7736892713667644,0.0,-0.0750091466097337,-0.0750091466097337,0.0,0.75,0.0,0.0,0.0,0.1553259693353428,1.0,ml_big_up_index_enhancement,0.92,ADJUST,0.0,0.0,-0.0117297057785365,-0.0127496801940615,0.0010199744155250014,107931.46626361091,109066.47123083108,-0.0117297057785366,-0.0127496801940614,-0.0127496801940615,109066.47123083108,-0.07999999999999996,0.0010199744155249195,0.0,-0.011592634767499806,-0.011432634767499544,0.00016,0.0,0.0010199744155249195,0.026586659205676245,0.0151540244381767
2025-02-13,2025-02-14,2025-02-14,2025-02-27,10,ExtraTreesDeep,3943.68,0.0013591366439467,0.0543654657578709,1.0,1.0,1.0,0.0,1.0,-0.0314275057408857,0.234217484487693,0.2262022523703845,0.1395056432099854,0.6446080390801708,-0.5051023958701855,0.1499704164249636,0,0,0,0,1,2025-02-07,1935,2025-02-06,120,120,120,120,120,120,120,1364,0.0262116342913647,0.115316196870413,0.022147461400694,0.0544152072699593,0.0303633043851081,-0.0228106562946157,0.0176310609829778,0.0223112550371616,0.8146785875559347,0.7902316993648071,-0.0127496801940615,-0.0868024841728918,-0.0868024841728918,-0.0127496801940615,0.75,0.0,1.0,0.0,0.2014601861179754,1.0,ml_big_up_index_enhancement,0.92,ADJUST,0.0,0.0,0.0012504057124309,0.0013591366439467,-0.00010873093151579985,108066.424385578,109214.70746850688,-0.0104939669572161,-0.011407872107665,0.0013591366439467,109214.70746850688,-0.07999999999999996,-0.00010873093151573594,0.0,-0.011701365699015606,-0.01154136569901528,0.00016,0.00010873093151573594,0.0,0.026695390137191983,0.0151540244381767
2025-02-14,2025-02-17,2025-02-17,2025-02-28,10,ExtraTreesDeep,3949.04,0.025760691205964,0.0258847719952191,1.0,1.0,0.0,0.0,1.0,-0.0298383817948341,0.2472403366397168,0.2265179574486936,0.1329456499325516,0.63156846541142,-0.4986228154788683,0.1442601433482338,0,0,0,0,1,2025-02-07,1935,2025-02-06,120,120,120,120,120,120,120,1364,0.0167011227623918,0.1104662279961756,0.0151799876092226,0.0503323248135108,0.0314984768856392,-0.0179313227660736,0.0176566632793847,0.022289108140988,0.7975592646678945,0.7921655351887062,-0.0114078721076651,-0.0855613239659699,-0.0855613239659699,-0.0114078721076651,0.75,0.0,1.0,0.0,0.1977679599230881,1.0,ml_big_up_index_enhancement,0.92,ADJUST,0.0,0.0,0.0236998359094868,0.025760691205964,-0.0020608552964772008,110627.58091084116,112028.15382275278,0.0,0.0,0.025760691205964,112028.15382275278,-0.07999999999999996,-0.0020608552964771192,0.0,-0.013762220995492807,-0.013602220995492399,0.00016,0.0020608552964771192,0.0,0.0287562454336691,0.0151540244381767
2025-02-17,2025-02-18,2025-02-18,2025-03-03,10,ExtraTreesDeep,4050.77,-0.0242941465449778,0.0069196720623487,1.0,1.0,0.0,0.0,,-0.0276015016187032,0.2698330399519454,0.3002725104877994,0.2060983642037128,0.6291669847691032,-0.4230686205653903,0.2917648560279325,0,0,0,0,1,2025-02-07,1935,2025-02-06,120,120,120,120,120,120,120,1364,0.0166242944588195,0.1761783502370781,0.0718222542090794,0.0687656928632027,0.0568217661465801,-0.011175439852139,0.0159088260372612,0.0221943707222579,0.8832430923333285,0.7167955440749152,0.0,-0.0620047516058668,-0.0620047516058668,0.0,0.75,0.0,0.0,0.0,0.1872362211656807,1.0,ml_big_up_index_enhancement,0.92,ADJUST,0.0,0.0,-0.0223506148213795,-0.0242941465449778,0.0019435317235983011,108154.98646128194,109306.52543661951,-0.0223506148213795,-0.0242941465449777,-0.0242941465449778,109306.52543661951,-0.07999999999999996,0.001943531723598223,0.0,-0.011818689271894505,-0.011658689271894175,0.00016,0.0,0.001943531723598223,0.0287562454336691,0.017097556161774923
2025-02-18,2025-02-19,2025-02-19,2025-03-04,10,ExtraTreesDeep,3952.36,0.0205699885637946,0.0492794178667934,1.0,1.0,1.0,0.0,1.0,-0.0314282562730409,0.3414058418951672,0.3189962625075321,0.2292788123838987,0.6303511576517351,-0.4010723452678364,0.269071164593243,0,0,0,0,1,2025-02-07,1935,2025-02-06,120,120,120,120,120,120,120,1364,-0.006550339079333,0.137085103873275,0.0632626708275045,0.0362869277966253,0.0300938806477011,-0.0059761895888159,0.0174891657906396,0.0223241753030509,1.0803232258349826,0.7834182250060336,-0.0242941465449778,-0.0847925456288467,-0.0847925456288467,-0.0227607160023541,0.75,0.0,1.0,0.0,0.2550846138112516,1.0,ml_big_up_index_enhancement,0.92,ADJUST,0.0,0.0,0.018924389478691,0.0205699885637946,-0.0016455990851035988,110201.7535491378,111554.95941479893,-0.0038491970826565,-0.0042238882977804,0.0205699885637946,111554.95941479893,-0.07999999999999996,-0.001645599085103567,0.0,-0.013464288356998104,-0.013304288356997743,0.00016,0.001645599085103567,0.0,0.030401844518772668,0.017097556161774923
2025-02-19,2025-02-20,2025-02-20,2025-03-05,10,ExtraTreesDeep,4033.66,0.0124651061319001,0.0239856606654997,1.0,1.0,0.0,0.0,1.0,-0.0315822793089215,0.2474713065755089,0.2144641285411743,0.1605109158555236,0.6690218137410586,-0.508510897885535,0.1626576643257513,0,0,0,0,1,2025-02-07,1935,2025-02-06,120,120,120,120,120,120,120,1364,0.0097756727189888,0.1002771382745415,0.1163955705749339,0.0525307748991217,0.0493659372964443,-0.003006883673288,0.0138275746800781,0.0221244468960926,1.5420619590439588,0.6249907509561395,-0.0042238882977804,-0.0659667387589324,-0.0659667387589324,-0.0042238882977804,0.75,0.0,0.0,0.0,0.3434183088036073,1.0,ml_big_up_index_enhancement,0.92,ADJUST,0.0,0.0,0.011467897641348,0.0124651061319001,-0.0009972084905521,111465.53597873636,112945.5038234442,0.0,0.0,0.0124651061319001,112945.5038234442,-0.07999999999999996,-0.0009972084905520075,0.0,-0.014461496847550204,-0.014301496847549751,0.00016,0.0009972084905520075,0.0,0.031399053009324676,0.017097556161774923
2025-02-20,2025-02-21,2025-02-21,2025-03-06,10,ExtraTreesDeep,4083.94,-0.0032811451686362,0.0283598681665255,1.0,1.0,0.0,0.0,1.0,-0.0385841879172132,0.2453593922322159,0.2143148755227285,0.1415130587027552,0.6836810304167489,-0.5421679717139937,0.152108276434219,0,0,0,0,1,2025-02-07,1935,2025-02-06,120,120,120,120,120,120,120,1364,0.0355657659850698,0.1137096840170495,0.1061922213283712,0.0598847578988073,0.0606434301082241,0.0007158063211709,0.0138820359779063,0.0220159221932147,1.4303047850190729,0.6305452870007274,0.0,-0.0543239150268377,-0.0543239150268377,0.0127496801940615,1.0,0.0,0.0,0.0,0.320222096339074,1.0,ml_big_up_index_enhancement,0.97,ADJUST,0.0499999999999999,4.9999999999999935e-05,-0.0032327108135771,-0.0032811451686362,4.8434355059100154e-05,111105.20013523672,112574.91322925471,-0.0032327108135771,-0.003281145168636,-0.0032811451686362,112574.91322925471,-0.030000000000000027,9.84343550590861e-05,4.99999999999999e-05,-0.014413062492491104,-0.014203062492490665,0.0002099999999999999,0.0,9.84343550590861e-05,0.031399053009324676,0.01719599051683401
2025-02-21,2025-02-24,2025-02-24,2025-03-07,10,ExtraTreesDeep,4070.54,0.012104045163541,0.0269669380475319,1.0,1.0,0.0,0.0,1.0,-0.0390607814609868,0.2698577446065665,0.2586811559182294,0.1599947701069502,0.6901331159757098,-0.5301383458687596,0.1763603572553722,0,0,0,0,1,2025-02-07,1935,2025-02-06,120,120,120,120,120,120,120,1364,0.030766971213257,0.0996525882982231,0.0708453031116163,0.0513745285746738,0.0559324375902201,0.0043351906401283,0.0139822789950933,0.0217222219909401,1.4517426462941534,0.6436854848884742,-0.0032811451686362,-0.0574268155441421,-0.0574268155441421,0.0081267269390289,1.0,0.0,0.0,0.0,0.3259861839199764,1.0,ml_big_up_index_enhancement,0.97,ADJUST,0.0,0.0,0.0117409238086347,0.012104045163541,-0.00036312135490629976,112409.67782476766,113937.52506326334,0.0,0.0,0.012104045163541,113937.52506326334,-0.030000000000000027,-0.0003631213549062303,0.0,-0.014776183847397404,-0.014566183847396896,0.0002099999999999999,0.0003631213549062303,0.0,0.031762174364230907,0.01719599051683401
2025-02-24,2025-02-25,2025-02-25,2025-03-10,10,ExtraTreesDeep,4119.81,-0.0035317162684687,0.0302683861634396,1.0,1.0,0.0,0.0,1.0,-0.0371580873061811,0.2833961617450628,0.2975925451512732,0.1467510741093207,0.6841201449657639,-0.5373690708564431,0.2703356282489051,0,0,0,0,1,2025-02-07,1935,2025-02-06,120,120,120,120,120,120,120,1364,0.017043673178186,0.1187505261357064,0.0727777893508874,0.0581246726115298,0.0674236511830275,0.0087881691186229,0.0138633980120121,0.0217361599455676,1.2823978838565195,0.6378034596142722,0.0,-0.0460178671495458,-0.0460178671495458,0.0,1.0,0.0,0.0,0.0,0.2901676637344474,1.0,ml_big_up_index_enhancement,0.97,ADJUST,0.0,0.0,-0.0034257647804146,-0.0035317162684687,0.0001059514880540997,112024.5887094978,113535.13005240832,-0.0034257647804146,-0.0035317162684688,-0.0035317162684687,113535.13005240832,-0.030000000000000027,0.00010595148805406109,0.0,-0.014670232359343303,-0.014460232359342835,0.0002099999999999999,0.0,0.00010595148805406109,0.031762174364230907,0.017301942004888073
2025-02-25,2025-02-26,2025-02-26,2025-03-11,10,ExtraTreesDeep,4105.26,0.0145544983752552,0.0408597750203396,1.0,1.0,1.0,0.0,1.0,-0.0456657710354695,0.2209912266498482,0.1879393576566232,0.103375668207204,0.7122726101299512,-0.6088969419227472,0.1359852864844276,0,0,0,0,1,2025-02-07,1935,2025-02-06,120,120,120,120,120,120,120,1364,0.0386857472497443,0.0960658932838511,0.1076676505981837,0.0495381302070925,0.0618241241766694,0.0117060958682395,0.0137392877648231,0.0212186302047141,0.7758149020625593,0.6475105900931638,-0.0035317162684687,-0.0493870613679622,-0.0493870613679622,0.0207624302765091,1.0,0.0,0.0,0.0,0.1904403396964663,1.0,ml_big_up_index_enhancement,0.97,ADJUST,0.0,0.0,0.0141178634239975,0.0145544983752552,-0.00043663495125769933,113606.136553028,115187.5769182905,0.0,0.0,0.0145544983752552,115187.5769182905,-0.030000000000000027,-0.00043663495125765634,0.0,-0.015106867310601003,-0.014896867310600491,0.0002099999999999999,0.00043663495125765634,0.0,0.03219880931548856,0.017301942004888073
2025-02-26,2025-02-27,2025-02-27,2025-03-12,10,ExtraTreesDeep,4165.01,-0.0016638615513528,0.0310563480039662,1.0,1.0,0.0,0.0,1.0,-0.0489523571966686,0.2727378459045012,0.2383809636297845,0.1040497997198749,0.7160843101688907,-0.6120345104490158,0.1647917503531444,0,0,0,0,1,2025-02-07,1935,2025-02-06,120,120,120,120,120,120,120,1364,0.0325634783298542,0.1246995857659012,0.0899401254016936,0.0585649325093404,0.0756847196748244,0.016172637728421,0.0133689589907288,0.0209398271350531,0.6775110441456708,0.6384464830824361,0.0,-0.0355513668971457,-0.0355513668971457,0.0042238882977804,1.0,0.0,0.0,0.0,0.1672544714385777,1.0,ml_big_up_index_enhancement,0.97,ADJUST,0.0,0.0,-0.0016139457048122,-0.0016638615513528,4.9915846540599974e-05,113422.78241689794,114995.92073786266,-0.0016139457048121,-0.0016638615513528,-0.0016638615513528,114995.92073786266,-0.030000000000000027,4.991584654058404e-05,0.0,-0.015056951464060404,-0.014846951464059907,0.0002099999999999999,0.0,4.991584654058404e-05,0.03219880931548856,0.01735185785142866
2025-02-27,2025-02-28,2025-02-28,2025-03-13,10,ExtraTreesDeep,4158.08,-0.0256897414191163,0.0253795020778819,1.0,1.0,0.0,0.0,1.0,-0.0511717528893806,0.2324361128250251,0.2181144480346472,0.1178421467518638,0.7118172789996706,-0.5939751322478067,0.1501423850094087,0,0,0,0,1,2025-02-07,1935,2025-02-06,120,120,120,120,120,120,120,1364,0.0181540375225883,0.1351569751569752,0.0904322833076334,0.0501964281632612,0.0723032594761494,0.0210501871079031,0.0129095627927044,0.0209385331390327,0.6909252489976335,0.616545710579837,-0.0016638615513528,-0.0371560758960204,-0.0371560758960204,-0.0016638615513528,1.0,0.0,0.0,0.0,0.1679708455013575,1.0,ml_big_up_index_enhancement,0.97,ADJUST,0.0,0.0,-0.0249190491765428,-0.0256897414191163,0.0007706922425734994,110596.39452411096,112041.70526985376,-0.0264927768889684,-0.0273108587974577,-0.0256897414191163,112041.70526985376,-0.030000000000000027,0.0007706922425734896,0.0,-0.014286259221486904,-0.014076259221486418,0.0002099999999999999,0.0,0.0007706922425734896,0.03219880931548856,0.018122550094002148
2025-02-28,2025-03-03,2025-03-03,2025-03-14,10,ExtraTreesDeep,4051.26,0.0067978851024126,0.0733278041893139,1.0,1.0,1.0,0.0,1.0,-0.0452559222738739,0.2933669858121273,0.2433775181948384,0.1701800124949785,0.6864140206851833,-0.5162340081902048,0.1835527511232849,0,0,0,0,1,2025-02-07,1935,2025-02-06,120,120,120,120,120,120,120,1364,-0.0047364723107989,0.1029689222852943,0.0536656159295902,0.0183533145009131,0.0438303306135194,0.0250178555417108,0.0147694182654618,0.0212138516292889,1.0864742154276392,0.696215780309806,-0.0273108587974578,-0.061891287333219,-0.061891287333219,-0.0240297136288216,1.0,0.0,0.0,0.0,0.2761324735913587,1.0,ml_big_up_index_enhancement,0.92,ADJUST,0.0499999999999999,4.9999999999999935e-05,0.0062040542942195,0.0067978851024126,-0.0005938308081931002,111282.54056048344,112803.35190895664,-0.0204530852209727,-0.0206986297751983,0.0067978851024126,112803.35190895664,-0.07999999999999996,-0.0005438308081930078,4.99999999999999e-05,-0.014880090029680004,-0.014620090029679426,0.0002599999999999998,0.0005438308081930078,0.0,0.03274264012368157,0.018122550094002148
2025-03-03,2025-03-04,2025-03-04,2025-03-17,10,ExtraTreesDeep,4078.8,0.0167524762184956,0.0770790428557417,1.0,1.0,1.0,0.0,1.0,-0.0461149564585308,0.2567392834556014,0.2223238720416067,0.155668033690354,0.7128149361846573,-0.5571469024943032,0.170781846780465,0,0,0,0,1,2025-02-07,1935,2025-02-06,120,120,120,120,120,120,120,1364,-0.0099543425546324,0.1004243815711021,0.0447317732879801,0.0205017316729454,0.0501386178856209,0.0290414854701819,0.0147444743875954,0.0211444108911079,1.025814214678569,0.697322543698582,-0.0206986297751986,-0.0555141320909381,-0.0555141320909381,-0.0206986297751986,1.0,0.0,0.0,0.0,0.2626780276370928,1.0,ml_big_up_index_enhancement,0.97,ADJUST,0.0499999999999999,4.9999999999999935e-05,0.0161999019319407,0.0167524762184956,-0.000552574286554898,113085.30680430052,114693.08737917805,-0.0045845212638172,-0.004292906859767,0.0167524762184956,114693.08737917805,-0.030000000000000027,-0.0005025742865548684,4.99999999999999e-05,-0.015432664316234902,-0.015122664316234295,0.00030999999999999973,0.0005025742865548684,0.0,0.03324521441023644,0.018122550094002148
2025-03-04,2025-03-05,2025-03-05,2025-03-18,10,ExtraTreesDeep,4147.13,-0.004031703853026,0.0684593923990808,1.0,1.0,1.0,0.0,1.0,-0.0495121820289164,0.2635524033868114,0.2431589627182269,0.1797407365072262,0.6746808177501736,-0.4949400812429474,0.1919494871312446,0,0,0,0,1,2025-02-07,1935,2025-02-06,120,120,120,120,120,120,120,1364,0.0101991104095719,0.1197080804371772,0.0500179765949797,0.0318743894665025,0.066826695658702,0.033872636581542,0.0149098036243318,0.0211984953848462,1.1511360612398365,0.703342541706528,-0.0042929068597674,-0.0396916550500863,-0.0396916550500863,-0.0007611905912987,1.0,0.0,0.0,0.0,0.2842717240422301,1.0,ml_big_up_index_enhancement,0.97,ADJUST,0.0,0.0,-0.0039107527374352,-0.004031703853026,0.00012095111559080017,112643.05813115188,114230.67881687594,-0.0084773450721702,-0.0083073029836659,-0.004031703853026,114230.67881687594,-0.030000000000000027,0.0001209511155907801,0.0,-0.015311713200644101,-0.015001713200643516,0.00030999999999999973,0.0,0.0001209511155907801,0.03324521441023644,0.01824350120959293
2025-03-05,2025-03-06,2025-03-06,2025-03-19,10,ExtraTreesDeep,4130.41,0.0167901007406046,0.0677220905430695,1.0,1.0,1.0,0.0,1.0,-0.0431286756497146,0.2603596289834132,0.2335712232556963,0.1794591648887361,0.6734440923867405,-0.4939849274980044,0.2011869621953295,0,0,0,0,1,2025-02-07,1935,2025-02-06,120,120,120,120,120,120,120,1364,-0.0083073029836664,0.0908253004093488,0.0235314525021992,0.0233358104851282,0.0620931538091222,0.0378735337187317,0.0145290362862733,0.0210323278985286,1.0847543650183031,0.6907954438695159,-0.0083073029836664,-0.043563333904514,-0.043563333904514,-0.0083073029836664,1.0,0.0,0.0,0.0,0.2728061899859598,1.0,ml_big_up_index_enhancement,0.97,ADJUST,0.0,0.0,0.0162863977183864,0.0167901007406046,-0.0005037030222182007,114477.60777609116,116148.62342187892,0.0,0.0,0.0167901007406046,116148.62342187892,-0.030000000000000027,-0.0005037030222181384,0.0,-0.015815416222862304,-0.015505416222861654,0.00030999999999999973,0.0005037030222181384,0.0,0.033748917432454575,0.01824350120959293
2025-03-06,2025-03-07,2025-03-07,2025-03-20,10,ExtraTreesDeep,4199.76,-0.004631217021925,0.0541626188163131,1.0,1.0,1.0,0.0,1.0,-0.0380089594380227,0.2942442381942825,0.2875279477300311,0.1600798001667095,0.6614994665617485,-0.501419666395039,0.2462326854352249,0,0,0,0,1,2025-02-07,1935,2025-02-06,120,120,120,120,120,120,120,1364,0.0100238571648454,0.092847942335966,0.0335097782994839,0.0359387695600115,0.079295950438639,0.0418530343227159,0.0146061756551493,0.0211206812476885,1.2162894912293207,0.6915579797762367,0.0,-0.0275046659287628,-0.0275046659287628,0.0016638615513528,1.0,0.0,0.0,0.0,0.29745175463143,1.0,ml_big_up_index_enhancement,0.97,ADJUST,0.0,0.0,-0.0044922805112672,-0.004631217021925,0.0001389365106578,113963.34224970215,115610.71394001436,-0.0044922805112671,-0.004631217021925,-0.004631217021925,115610.71394001436,-0.030000000000000027,0.00013893651065775012,0.0,-0.015676479712204504,-0.015366479712203904,0.00030999999999999973,0.0,0.00013893651065775012,0.033748917432454575,0.01838243772025068
2025-03-07,2025-03-10,2025-03-10,2025-03-21,10,ExtraTreesDeep,4180.31,0.0153577127055171,0.0455325083546434,1.0,1.0,1.0,0.0,1.0,-0.0047520087200925,0.4856308748033254,0.5135558054786037,0.2083571992541717,0.3524873364553467,-0.1441301372011749,0.3795668532262346,0,0,1,0,0,2025-03-07,1955,2025-03-06,120,120,120,120,120,120,120,1383,0.0318542873081462,0.0762428009072724,0.0442186301766798,0.027388692041941,0.0734835750789153,0.0448660603275286,0.0146679808142243,0.0210337363322097,0.7197089056467683,0.6973549816616629,-0.004631217021925,-0.0320085028736563,-0.0320085028736563,0.0226796417755328,1.0,0.0,0.0,0.0,0.2002196851747857,1.0,ml_big_up_index_enhancement,0.97,ADJUST,0.0,0.0,0.0148969813243515,0.0153577127055171,-0.00046073138116559977,115661.05203085666,117386.23007038482,0.0,0.0,0.0153577127055171,117386.23007038482,-0.030000000000000027,-0.0004607313811655134,0.0,-0.016137211093370102,-0.015827211093369417,0.00030999999999999973,0.0004607313811655134,0.0,0.03420964881362009,0.01838243772025068
2025-03-10,2025-03-11,2025-03-11,2025-03-24,10,ExtraTreesDeep,4244.51,0.0067121999948167,-0.0109459042386518,0.0,0.0,0.0,0.0,0.0,-0.0079232797560036,0.4871214733034024,0.472156972262904,0.2080821432005889,0.3931891708678152,-0.1851070276672262,0.3610781732006464,0,0,0,0,0,2025-03-07,1955,2025-03-06,120,120,120,120,120,120,120,1383,0.0406271452387956,0.0652473441033196,0.0420271424783713,0.0398449925377304,0.0891718135298795,0.0474367058033984,0.0140110631405678,0.0210070458031751,0.807725141609667,0.6669697049191979,0.0,-0.0171423675594065,-0.0171423675594065,0.0206986297751986,1.0,0.0,0.0,0.0,0.2168966889629805,1.0,ml_big_up_index_enhancement,0.97,ADJUST,0.0,0.0,0.0065108339949721,0.0067121999948167,-0.0002013659998445997,116414.1019403134,118174.1499232548,0.0,0.0,0.0067121999948167,118174.1499232548,-0.030000000000000027,-0.00020136599984450117,0.0,-0.0163385770932147,-0.016028577093213918,0.00030999999999999973,0.00020136599984450117,0.0,0.03441101481346459,0.01838243772025068
2025-03-11,2025-03-12,2025-03-12,2025-03-25,10,ExtraTreesDeep,4273.0,0.0049988298619236,-0.0197776737655044,0.0,0.0,0.0,1.0,0.0,-0.0085094215633301,0.44841898191799,0.4738924673334721,0.2238978962894903,0.4253656714001506,-0.2014677751106602,0.3758455784163534,0,0,0,0,0,2025-03-07,1955,2025-03-06,120,120,120,120,120,120,120,1383,0.0303511102859086,0.0740444699151925,0.037581679507944,0.0430608624670671,0.0957572508331865,0.0505209142268849,0.0139839196535388,0.0209791922178491,0.7311514260466634,0.6665613960885144,0.0,-0.0105452305640332,-0.0105452305640332,0.0042929068597674,1.0,0.0,0.0,0.0,0.2011985882147238,1.0,ml_big_up_index_enhancement,0.97,ADJUST,0.0,0.0,0.0048488649660658,0.0049988298619236,-0.0001499648958578001,116978.5782007678,118764.88239279864,0.0,0.0,0.0049988298619236,118764.88239279864,-0.030000000000000027,-0.00014996489585770813,0.0,-0.0164885419890725,-0.016178541989071624,0.00030999999999999973,0.00014996489585770813,0.0,0.0345609797093223,0.01838243772025068
2025-03-12,2025-03-13,2025-03-13,2025-03-26,10,ExtraTreesDeep,4294.36,-0.0071605547741688,-0.0013878668765543,0.0,0.0,0.0,0.0,0.0,-0.0124947506502379,0.455717968089341,0.4706680802298654,0.2199285733505401,0.4040213840986181,-0.184092810748078,0.3624251074566412,0,0,0,0,0,2025-03-07,1955,2025-03-06,120,120,120,120,120,120,120,1383,0.0396933960551131,0.0750386145330832,0.035451724362421,0.0444537866119496,0.1005431735844284,0.0537021242025692,0.0139868572520054,0.0209704797387128,0.6207122886707866,0.6669784109032489,0.0,-0.0055991145155539,-0.0055991145155539,0.0083073029836664,1.0,0.0,0.0,0.0,0.1791107607395485,1.0,ml_big_up_index_enhancement,0.97,ADJUST,0.0,0.0,-0.0069457381309437,-0.0071605547741688,0.00021481664322509954,116166.07562965513,117914.45994717728,-0.0069457381309439,-0.0071605547741688,-0.0071605547741688,117914.45994717728,-0.030000000000000027,0.0002148166432250642,0.0,-0.016273725345847402,-0.01596372534584656,0.00030999999999999973,0.0,0.0002148166432250642,0.0345609797093223,0.018597254363475743
2025-03-13,2025-03-14,2025-03-14,2025-03-27,10,ExtraTreesDeep,4263.61,0.0198704853398881,-0.0012782595030971,0.0,0.0,0.0,0.0,0.0,-0.0145920113777705,0.4717811196089206,0.4374506948706232,0.2018551369477132,0.3900419698017757,-0.1881868328540625,0.2922170741024746,0,0,0,0,0,2025-03-07,1955,2025-03-06,120,120,120,120,120,120,120,1383,0.0152032497095071,0.0811247362869198,0.0241356863705912,0.032956106736609,0.0921939287777797,0.0573478598508112,0.0136932825992135,0.0209916060612604,0.6652670798365876,0.6523218165990768,-0.0071605547741688,-0.0127195765235473,-0.0127195765235473,-0.0071605547741688,1.0,0.0,0.0,0.0,0.1880565485725693,1.0,ml_big_up_index_enhancement,0.97,ADJUST,0.0,0.0,0.0192743707796914,0.0198704853398881,-0.0005961145601966998,118405.1036433628,120257.47749491848,0.0,0.0,0.0198704853398881,120257.47749491848,-0.030000000000000027,-0.0005961145601966435,0.0,-0.016869839906044102,-0.016559839906043206,0.00030999999999999973,0.0005961145601966435,0.0,0.03515709426951894,0.018597254363475743
2025-03-14,2025-03-17,2025-03-17,2025-03-28,10,ExtraTreesDeep,4348.33,0.0103166043055609,-0.0425979628961002,0.0,0.0,0.0,1.0,0.0,-0.0138760417282404,0.5595394676816242,0.5239561123802787,0.194422601792518,0.418508520727113,-0.2240859189345949,0.4169894849729653,0,1,1,0,0,2025-03-07,1955,2025-03-06,120,120,120,120,120,120,120,1383,0.0401931914140338,0.1011106496768834,0.0279812859192853,0.048410439379146,0.113333750104815,0.0619254714442902,0.0141244321948841,0.0210448749356818,0.7387784911319427,0.6711578110134543,0.0,0.0,0.0,0.004631217021925,1.0,0.0,0.0,0.0,0.2013267198768065,1.0,ml_big_up_index_enhancement,0.97,ADJUST,0.0,0.0,0.010007106176394,0.0103166043055609,-0.00030949812916689946,119589.99608734886,121498.12630501846,0.0,0.0,0.0103166043055609,121498.12630501846,-0.030000000000000027,-0.00030949812916682726,0.0,-0.017179338035211003,-0.016869338035210034,0.00030999999999999973,0.00030949812916682726,0.0,0.03546659239868577,0.018597254363475743
2025-03-17,2025-03-18,2025-03-18,2025-03-31,10,ExtraTreesDeep,4393.19,0.0086156073377205,-0.0642403356103422,0.0,0.0,0.0,1.0,0.0,-0.0222663896120041,0.5038072765789638,0.4776747692807985,0.1696000392050322,0.4526701018662777,-0.2830700626612454,0.3620730525831616,0,1,0,0,0,2025-03-07,1955,2025-03-06,120,120,120,120,120,120,120,1383,0.035028778351329,0.0845320766175319,0.0172859345982669,0.054871980745637,0.124461373534281,0.0659695148405161,0.0133247537065473,0.0209158530608228,0.7326768952274784,0.6370647980648594,0.0,0.0,0.0,0.0,1.0,0.0,0.0,0.0,0.2001064006959137,1.0,ml_big_up_index_enhancement,0.97,ADJUST,0.0,0.0,0.0083571391175888,0.0086156073377205,-0.0002584682201317006,120589.42632172276,122544.9064535313,0.0,0.0,0.0086156073377205,122544.9064535313,-0.030000000000000027,-0.0002584682201316152,0.0,-0.017437806255342705,-0.01712780625534165,0.00030999999999999973,0.0002584682201316152,0.0,0.03572506061881738,0.018597254363475743
2025-03-18,2025-03-19,2025-03-19,2025-04-01,10,ExtraTreesDeep,4431.04,-0.0047189824510723,-0.0527934751209648,0.0,0.0,0.0,1.0,0.0,-0.0269425861229955,0.5085386798087782,0.4820973039016842,0.1355158700465486,0.4964565181984287,-0.36094064815188,0.3354954606422074,0,1,0,0,0,2025-03-07,1955,2025-03-06,120,120,120,120,120,120,120,1383,0.0369857243154692,0.1211124492708153,0.0409297102760046,0.0578807885832035,0.1333069582313271,0.0712993093949085,0.0115397083515427,0.020850145175137,0.8482316735588148,0.5534593766427747,0.0,0.0,0.0,0.0,1.0,0.0,0.0,0.0,0.1996438197259365,1.0,ml_big_up_index_enhancement,0.97,ADJUST,0.0,0.0,-0.0045774129775401,-0.0047189824510723,0.0001415694735321998,120037.43871672358,121966.61919050878,-0.0045774129775401,-0.0047189824510723,-0.0047189824510723,121966.61919050878,-0.030000000000000027,0.00014156947353216912,0.0,-0.017296236781810505,-0.01698623678180948,0.00030999999999999973,0.0,0.00014156947353216912,0.03572506061881738,0.018738823837007913
2025-03-19,2025-03-20,2025-03-20,2025-04-02,10,ExtraTreesDeep,4410.13,0.0038774367195524,-0.044336561507257,0.0,0.0,0.0,1.0,0.0,-0.0293122323711124,0.5198223648296266,0.4740807458893626,0.1439468038617561,0.5227734447230025,-0.3788266408612464,0.3092901015791304,0,1,0,0,1,2025-03-07,1955,2025-03-06,120,120,120,120,120,120,120,1383,0.026958615486359,0.0933321102918938,0.0316986499416322,0.0481781726776289,0.1273077655028687,0.0754925020267298,0.0112166204107933,0.0208579444466676,1.0008123291550448,0.5377625028906121,-0.0047189824510723,-0.0047189824510723,-0.0047189824510723,-0.0047189824510723,1.0,0.0,0.0,0.0,0.232283492948165,1.0,ml_big_up_index_enhancement,0.97,ADJUST,0.0,0.0,0.0037611136179658,0.0038774367195524,-0.00011632310158660002,120488.9131621468,122439.5370383177,-0.0008335155298589,-0.0008598432873547,0.0038774367195524,122439.5370383177,-0.030000000000000027,-0.0001163231015865721,0.0,-0.017412559883397107,-0.01710255988339605,0.00030999999999999973,0.0001163231015865721,0.0,0.035841383720403956,0.018738823837007913
2025-03-20,2025-03-21,2025-03-21,2025-04-03,10,ExtraTreesDeep,4427.23,-0.0127800001355249,-0.047187519058192,0.0,0.0,0.0,1.0,0.0,-0.0354262175834287,0.520990867965166,0.4616622457142106,0.111799255468168,0.5098093890376089,-0.3980101335694408,0.3591444561275388,0,1,0,0,1,2025-03-07,1955,2025-03-06,120,120,120,120,120,120,120,1383,0.0383759302562851,0.084058531712023,0.1004578581584259,0.0479671570378983,0.1297336557994957,0.0780239134523186,0.0110602043606265,0.0193374097036295,0.8144696337888554,0.5719589402168251,-0.0008598432873547,-0.0008598432873547,-0.0008598432873547,0.0063007114868141,1.0,0.0,0.0,0.0,0.1942431260421837,1.0,ml_big_up_index_enhancement,0.97,ADJUST,0.0,0.0,-0.0123966001314591,-0.0127800001355249,0.00038340000406580053,118995.26028540156,120874.7597383744,-0.0132197829025911,-0.0136288546255507,-0.0127800001355249,120874.7597383744,-0.030000000000000027,0.00038340000406574735,0.0,-0.017029159879331304,-0.016719159879330304,0.00030999999999999973,0.0,0.00038340000406574735,0.035841383720403956,0.01912222384107366
2025-03-21,2025-03-24,2025-03-24,2025-04-07,10,ExtraTreesDeep,4370.65,-0.0394906936039261,-0.1611705352750734,0.0,0.0,0.0,1.0,0.0,-0.0319330875049473,0.5197483521058555,0.4622652183695961,0.1455057287541457,0.4847260936946635,-0.3392203649405177,0.2648815667711019,0,1,0,0,0,2025-03-07,1955,2025-03-06,120,120,120,120,120,120,120,1383,0.0051330050847107,0.0737273187341236,0.0869884204452755,0.0309123939697999,0.1136390515771339,0.0802460597925041,0.0115854104820107,0.0194266694488162,0.8364721496771305,0.5963662743392553,-0.0136288546255507,-0.0136288546255507,-0.0136288546255507,-0.0136288546255507,1.0,0.0,0.0,0.0,0.2035721452292,1.0,ml_big_up_index_enhancement,0.97,ADJUST,0.0,0.0,-0.0383059727958083,-0.0394906936039261,0.0011847208081177951,114437.03108207886,116101.33163709808,-0.0510193590541662,-0.0525813353072868,-0.0394906936039261,116101.33163709808,-0.030000000000000027,0.001184720808117784,0.0,-0.01584443907121351,-0.015534439071212519,0.00030999999999999973,0.0,0.001184720808117784,0.035841383720403956,0.020306944649191444
2025-03-24,2025-03-25,2025-03-25,2025-04-08,10,ExtraTreesDeep,4198.05,-0.0022772477697979,-0.1182549040626005,0.0,0.0,0.0,1.0,0.0,-0.0552389731038971,0.4561205206064228,0.4667178023196467,0.2792819182280629,0.5206451398559221,-0.2413632216278591,0.3839862615945839,0,0,0,0,1,2025-03-07,1955,2025-03-06,120,120,120,120,120,120,120,1383,-0.0444187481078668,0.0189911670683842,0.0474516389004633,-0.0107118971906718,0.0687974809471552,0.0803702964910226,0.0148756032640005,0.020130056525207,1.2747734943650089,0.738974738862417,-0.0525813353072867,-0.0525813353072867,-0.0525813353072867,-0.0525813353072867,0.75,0.0,0.0,0.0,0.3263955837041045,1.0,ml_big_up_index_enhancement,0.97,ADJUST,0.0,0.0,-0.0022089303367039,-0.0022772477697979,6.831743309399993e-05,114184.24765247932,115836.94013855694,-0.0531155911808962,-0.0547388423485231,-0.0022772477697979,115836.94013855694,-0.030000000000000027,6.831743309393706e-05,0.0,-0.01577612163811951,-0.015466121638118582,0.00030999999999999973,0.0,6.831743309393706e-05,0.035841383720403956,0.02037526208228538
2025-03-25,2025-03-26,2025-03-26,2025-04-09,10,ExtraTreesDeep,4188.49,0.023853465091238,-0.0857755420211102,0.0,0.0,0.0,1.0,0.0,-0.0737214394743637,0.4212412840870714,0.3988506348869319,0.2390654499173687,0.5344136717482215,-0.2953482218308528,0.2544749119269968,0,0,0,0,1,2025-03-07,1955,2025-03-06,120,120,120,120,120,120,120,1383,-0.0547388423485232,0.0202739899543511,0.0262963806947515,-0.0139317637267982,0.0658781810003823,0.0809375475157971,0.0148579138930236,0.0200049375083428,1.1420579642797657,0.7427123372331097,-0.0547388423485232,-0.0547388423485232,-0.0547388423485232,-0.0547388423485232,0.75,0.0,0.0,0.0,0.2999703619706354,1.0,ml_big_up_index_enhancement,0.97,ADJUST,0.0,0.0,0.0231378611385008,0.023853465091238,-0.0007156039527372003,116826.2269188666,118600.05254642785,-0.0312067112154281,-0.0321910883223801,0.023853465091238,118600.05254642785,-0.030000000000000027,-0.0007156039527371407,0.0,-0.01649172559085671,-0.016181725590855723,0.00030999999999999973,0.0007156039527371407,0.0,0.0365569876731411,0.02037526208228538
2025-03-26,2025-03-27,2025-03-27,2025-04-10,10,ExtraTreesDeep,4288.4,-0.0070515810092341,-0.074981345023785,0.0,0.0,0.0,1.0,0.0,-0.0445013054263541,0.4281784828982826,0.4198415693806925,0.2156983959767365,0.5348197483526227,-0.3191213523758861,0.2735027916651707,0,0,0,0,1,2025-03-07,1955,2025-03-06,120,120,120,120,120,120,120,1383,-0.027602360928136,0.0296253790507103,0.129703585842088,0.0081251350251549,0.0890289090144247,0.0802517179449662,0.0154350622434801,0.0179617313940109,1.5083890305619874,0.8593304233814946,-0.0321910883223803,-0.0321910883223803,-0.0321910883223803,-0.0274721058713079,1.0,0.0,0.0,0.0,0.3687270244218512,1.0,ml_big_up_index_enhancement,0.97,ADJUST,0.0,0.0,-0.006840033578957,-0.0070515810092341,0.00021154743027709984,116027.13160383869,117763.7346681973,-0.037833289841783,-0.0390156712645335,-0.0070515810092341,117763.7346681973,-0.030000000000000027,0.00021154743027702318,0.0,-0.01628017816057961,-0.0159701781605787,0.00030999999999999973,0.0,0.00021154743027702318,0.0365569876731411,0.020586809512562403
2025-03-27,2025-03-28,2025-03-28,2025-04-11,10,ExtraTreesDeep,4258.16,-0.0223241963665056,-0.0614537734608374,0.0,0.0,0.0,1.0,0.0,-0.0362668895801866,0.3915271665528619,0.3974851742812024,0.2240880520978468,0.5526277299116437,-0.3285396778137969,0.2418754328183417,0,0,0,0,1,2025-03-07,1955,2025-03-06,120,120,120,120,120,120,120,1383,-0.0381886642437822,0.02406880098507,0.1251697732305268,-0.0001599026589627,0.0791858560832929,0.0793584483691611,0.0155412141982794,0.017988936507075,1.460855104401712,0.8639317945319962,-0.0390156712645338,-0.0390156712645338,-0.0390156712645338,-0.038155827977179,0.75,0.0,0.0,0.0,0.3619320856426972,1.0,ml_big_up_index_enhancement,0.97,ADJUST,0.0,0.0,-0.0216544704755104,-0.0223241963665056,0.0006697258909952007,113514.6255081652,115134.7539306114,-0.058668500459423,-0.0604688741243587,-0.0223241963665056,115134.7539306114,-0.030000000000000027,0.0006697258909951686,0.0,-0.01561045226958441,-0.015300452269583532,0.00030999999999999973,0.0,0.0006697258909951686,0.0365569876731411,0.021256535403557573
2025-03-28,2025-03-31,2025-03-31,2025-04-14,10,ExtraTreesDeep,4163.1,-0.0125219187624606,-0.0142153683553122,0.0,0.0,0.0,1.0,0.0,-0.0291155933427415,0.394392554116126,0.3652876251913379,0.2248430928784018,0.5256984147016038,-0.3008553218232019,0.2428804034804463,0,0,0,0,1,2025-03-07,1955,2025-03-06,120,120,120,120,120,120,120,1383,-0.0474872158603409,0.0276062262111047,0.136654662411026,-0.0237623618427115,0.0528679783827092,0.0784955806150491,0.0152490037963792,0.017712494727544,1.5499569298174274,0.8609179017942705,-0.0604688741243589,-0.0604688741243589,-0.0604688741243589,-0.0468400194988082,0.75,0.0,0.0,0.0,0.3832017050346526,1.0,ml_big_up_index_enhancement,0.92,ADJUST,0.0499999999999999,4.9999999999999935e-05,-0.0115701652614637,-0.0125219187624606,0.0009517535009968998,112201.24253144256,113693.0458951564,-0.0695598614749289,-0.0722336065573766,-0.0125219187624606,113693.0458951564,-0.07999999999999996,0.0010017535009968475,4.99999999999999e-05,-0.01465869876858751,-0.014298698768586684,0.00035999999999999964,0.0,0.0010017535009968475,0.0365569876731411,0.02225828890455442
2025-03-31,2025-04-01,2025-04-01,2025-04-15,10,ExtraTreesDeep,4110.97,0.0209536921942994,0.0054804583833012,1.0,1.0,0.0,0.0,,-0.0010492374396004,0.3939898757708444,0.3533353724802069,0.3242318224596835,0.4776698155399837,-0.1534379930803001,0.2377060377503724,0,0,0,0,0,2025-03-07,1955,2025-03-06,120,120,120,120,120,120,120,1383,-0.0207429639951882,0.0078871236638227,0.105690947576795,-0.0363502089700721,0.0379648099335632,0.0771182846666826,0.0155037906223038,0.0177324953284593,1.1155364573316766,0.8743152238377521,-0.0722336065573769,-0.0722336065573769,-0.0722336065573769,-0.0196522712500902,0.75,0.0,0.0,0.0,0.3018010367147212,1.0,ml_big_up_index_enhancement,0.92,ADJUST,0.0,0.0,0.0192773968187554,0.0209536921942994,-0.001676295375544,114364.1904072786,116075.33498347584,-0.0516233977084833,-0.0527934751209646,0.0209536921942994,116075.33498347584,-0.07999999999999996,-0.0016762953755439511,0.0,-0.01633499414413151,-0.015974994144130634,0.00035999999999999964,0.0016762953755439511,0.0,0.03823328304868505,0.02225828890455442
2025-04-01,2025-04-02,2025-04-02,2025-04-16,10,ExtraTreesDeep,4197.11,0.0041671531124989,-0.0347882233250974,0.0,0.0,0.0,1.0,0.0,-0.0049516753842868,0.4134949741504213,0.3696703342649496,0.2832461281407975,0.480470419991018,-0.1972242918502205,0.2350360100722561,0,0,0,0,0,2025-03-07,1955,2025-03-06,120,120,120,120,120,120,120,1383,0.0020580209096834,0.0120517080486985,0.1097447151677,-0.0167341741281359,0.0578663166246757,0.075870114459295,0.0157617877281525,0.0177937992885174,1.3122622243875044,0.8858022658670665,-0.0527934751209648,-0.0527934751209648,-0.0527934751209648,0.0019453672275583,0.75,0.0,0.0,0.0,0.3372581638386043,1.0,ml_big_up_index_enhancement,0.97,ADJUST,0.0499999999999999,4.9999999999999935e-05,0.0039921385191239,0.0041671531124989,-0.00017501459337499956,114820.74809701192,116559.0386769366,-0.0478373469438395,-0.0488463205026356,0.0041671531124989,116559.0386769366,-0.030000000000000027,-0.00012501459337496711,4.99999999999999e-05,-0.01651000873750651,-0.0161000087375056,0.00040999999999999956,0.00012501459337496711,0.0,0.038358297642060016,0.02225828890455442
2025-04-02,2025-04-03,2025-04-03,2025-04-17,10,ExtraTreesDeep,4214.6,0.0008826460399562,-0.0267380059792152,0.0,0.0,0.0,1.0,0.0,-0.0037563356100648,0.4338885766926716,0.373129093473278,0.2178622866742056,0.4928371331296037,-0.274974846455398,0.2740729605442996,0,0,0,0,0,2025-03-07,1955,2025-03-06,120,120,120,120,120,120,120,1383,-0.0172092155582499,0.0203829644030497,0.1362129111917485,-0.0136095020771165,0.060024723682043,0.0746501775049706,0.0157383584565905,0.0175782190031192,1.0560784874773534,0.8953329375289787,-0.0488463205026358,-0.0488463205026358,-0.0488463205026358,-0.0166552321802554,0.75,0.0,0.0,0.0,0.2842240595696518,1.0,ml_big_up_index_enhancement,0.97,ADJUST,0.0,0.0,0.0008561666587575,0.0008826460399562,-2.6479381198699927e-05,114919.05379326615,116661.91905084591,-0.0470221370265788,-0.0480067884740373,0.0008826460399562,116661.91905084591,-0.030000000000000027,-2.6479381198686022e-05,0.0,-0.01653648811870521,-0.016126488118704287,0.00040999999999999956,2.6479381198686022e-05,0.0,0.0383847770232587,0.02225828890455442
2025-04-03,2025-04-07,2025-04-07,2025-04-18,10,ExtraTreesDeep,4218.32,-0.130879117753039,-0.0286488459860796,0.0,0.0,0.0,1.0,0.0,-0.0065254633401051,0.4425529480029306,0.3784988863200287,0.2677710756980437,0.4832820944977803,-0.2155110187997366,0.2847417816076893,0,0,0,0,0,2025-03-07,1955,2025-03-06,120,120,120,120,120,120,120,1383,-0.0093561538317019,0.0044193001504846,0.1574259789220675,-0.012953245424667,0.0584147690099692,0.0723045935806168,0.0153010562346177,0.017387489717719,1.0821779984881543,0.8800037545974729,-0.0480067884740377,-0.0480067884740377,-0.0480067884740377,-0.0089911172095038,0.75,0.0,0.0,0.0,0.2892760553660924,1.0,ml_big_up_index_enhancement,0.97,ADJUST,0.0,0.0,-0.1269527442204478,-0.130879117753039,0.003926373532591204,100329.76455099376,101393.31001009472,-0.1680052919123926,-0.1726028201054377,-0.130879117753039,101393.31001009472,-0.030000000000000027,0.003926373532591174,0.0,-0.012610114586114007,-0.012200114586113114,0.00040999999999999956,0.0,0.003926373532591174,0.0383847770232587,0.02618466243714559
2025-04-07,2025-04-08,2025-04-08,2025-04-21,10,ExtraTreesDeep,3666.23,0.0096502401649651,0.1323293955916569,1.0,1.0,1.0,0.0,1.0,-0.0064416793556806,0.660079779335595,0.5958235232743028,0.5684018548210398,0.3820404122860628,0.1863614425349769,0.6073174059431804,1,1,1,1,0,2025-04-07,1975,2025-04-03,120,120,120,120,120,120,120,1403,-0.1193509644255483,-0.1229765256643646,0.0139331001009443,-0.1369462242471352,-0.0803033838456033,0.0656307196525742,0.0331211814729136,0.0244564574631637,1.8480775231006097,1.3542918684278258,-0.172602820105438,-0.172602820105438,-0.172602820105438,-0.112133945981079,0.25,1.0,1.0,1.0,0.516437141797642,1.0,ml_big_up_index_enhancement,0.88,ADJUST,0.0899999999999999,8.999999999999997e-05,0.0084022113451692,0.0096502401649651,-0.0012480288197958996,101172.75643696229,102371.77980281292,-0.161014696536978,-0.1646182386076403,0.0096502401649651,102371.77980281292,-0.12,-0.001158028819795812,8.99999999999999e-05,-0.013858143405909906,-0.013358143405908926,0.0004999999999999995,0.001158028819795812,0.0,0.039542805843054515,0.02618466243714559
2025-04-08,2025-04-09,2025-04-09,2025-04-22,10,ExtraTreesDeep,3701.61,0.0344741882586225,0.1276066360313485,1.0,1.0,1.0,0.0,1.0,-0.012788062479531,0.6593710090598331,0.6463606372760263,0.5449000007929891,0.3358844660094508,0.2090155347835382,0.6100379785543176,1,1,1,1,0,2025-04-07,1975,2025-04-03,120,120,120,120,120,120,120,1403,-0.0995774719834978,-0.1279064014456321,0.0751399252376623,-0.1230135122744844,-0.0724313566769864,0.0576772348325274,0.0329518141997467,0.023641966816655,1.9112862240606487,1.393784808822809,-0.1646182386076405,-0.1646182386076405,-0.1646182386076405,-0.0923846320502636,0.25,1.0,1.0,1.0,0.5274819656900903,1.0,ml_big_up_index_enhancement,0.88,ADJUST,0.0,0.0,0.0303372856675878,0.0344741882586225,-0.004136902591034702,104242.06325076772,105900.96381210534,-0.1355621597149124,-0.1358191304975804,0.0344741882586225,105900.96381210534,-0.12,-0.0041369025910347,0.0,-0.017995045996944608,-0.017495045996943626,0.0004999999999999995,0.0041369025910347,0.0,0.043679708434089214,0.02618466243714559
2025-04-09,2025-04-10,2025-04-10,2025-04-23,10,ExtraTreesDeep,3829.22,0.0359420456385373,0.097871106909501,1.0,1.0,1.0,0.0,1.0,0.0094674432211944,0.6755408973523108,0.6626346609171972,0.5516704206992713,0.3355406548307453,0.2161297658685259,0.6904249664337402,1,1,1,1,0,2025-04-07,1975,2025-04-03,120,120,120,120,120,120,120,1403,-0.0876531708723383,-0.1038567750994617,0.1200053818007387,-0.0879856334432103,-0.0420955913162662,0.0503172360104335,0.0340922687117611,0.0239932688163738,1.917499563776874,1.420909713164861,-0.1358191304975807,-0.1358191304975807,-0.1358191304975807,-0.0830256553766158,0.25,1.0,1.0,0.0,0.5229648120113235,1.0,ml_big_up_index_enhancement,0.88,ADJUST,0.0,0.0,0.0316290001619128,0.0359420456385373,-0.004313045476624498,107539.13548620437,109707.26108660513,-0.108220855124572,-0.1047587022459737,0.0359420456385373,109707.26108660513,-0.12,-0.004313045476624476,0.0,-0.022308091473569106,-0.021808091473568103,0.0004999999999999995,0.004313045476624476,0.0,0.04799275391071369,0.02618466243714559
2025-04-10,2025-04-11,2025-04-11,2025-04-24,10,ExtraTreesDeep,3966.85,0.0074694026746662,0.0515018213443916,1.0,1.0,1.0,0.0,1.0,0.0138805552442548,0.6655427570250965,0.6545623340110462,0.5682742328458461,0.3026013524361641,0.2656728804096819,0.6887458774987834,1,1,1,1,0,2025-04-07,1975,2025-04-03,120,120,120,120,120,120,120,1403,-0.0587837517202107,-0.0762651477752214,0.1192290655057317,-0.0515066658266114,-0.0094118175870386,0.0443807528455204,0.0352466299085195,0.0239759433823929,1.9658889671311832,1.4700831306768671,-0.1047587022459738,-0.1047587022459738,-0.1047587022459738,-0.055912381743338,0.25,1.0,1.0,0.0,0.526430607031864,1.0,ml_big_up_index_enhancement,0.88,ADJUST,0.0,0.0,0.0065730743537062,0.0074694026746662,-0.00089632832096,108245.99821968844,110526.70879599571,-0.1023591244982212,-0.098071784502058,0.0074694026746662,110526.70879599571,-0.12,-0.0008963283209599439,0.0,-0.023204419794529106,-0.022704419794528048,0.0004999999999999995,0.0008963283209599439,0.0,0.04888908223167363,0.02618466243714559
2025-04-11,2025-04-14,2025-04-14,2025-04-25,10,ExtraTreesDeep,3996.48,0.0268836576187043,0.0428952478180799,1.0,1.0,1.0,0.0,1.0,0.0099795820768542,0.6705751199821098,0.6694417789452923,0.5461842987826003,0.2803348364557325,0.2658494623268678,0.6856599397284283,1,1,1,1,0,2025-04-07,1975,2025-04-03,120,120,120,120,120,120,120,1403,-0.0525896565457337,-0.062653479094007,0.1302486191751535,-0.0413604713752379,-0.0039219807674852,0.0390537730709485,0.0353146955466047,0.0239780356105374,1.971165972991009,1.4727935232144358,-0.0980717845020582,-0.0980717845020582,-0.0980717845020582,-0.0500649960280205,0.25,1.0,1.0,0.0,0.5243584859615037,1.0,ml_big_up_index_enhancement,0.88,ADJUST,0.0,0.0,0.0236576187044597,0.0268836576187043,-0.0032260389142446007,110806.84077185349,113498.0709929895,-0.0811230789320627,-0.0738246551599624,0.0268836576187043,113498.0709929895,-0.12,-0.003226038914244516,0.0,-0.026430458708773707,-0.025930458708772565,0.0004999999999999995,0.003226038914244516,0.0,0.052115121145918146,0.02618466243714559
2025-04-14,2025-04-15,2025-04-15,2025-04-28,10,ExtraTreesDeep,4103.92,0.0072077428409911,0.0028411859880308,1.0,0.0,0.0,0.0,,0.0062980035747331,0.7429305962363245,0.7100650677560657,0.5906084289372076,0.1924495917638864,0.398158837173321,0.7840802734724768,1,1,1,1,0,2025-04-07,1975,2025-04-03,120,120,120,120,120,120,120,1403,0.1193842175750021,-0.0562077855176584,0.1540183341769305,-0.0126946035755635,0.0205343014009369,0.0336561565416739,0.0355833420048993,0.0241833765430914,0.3805820841393061,1.4713967646947377,-0.0738246551599624,-0.0738246551599624,-0.0738246551599624,0.0987781649454756,0.5,1.0,0.0,0.0,0.2013922823227439,1.0,ml_big_up_index_enhancement,0.88,ADJUST,0.0,0.0,0.0063428137000721,0.0072077428409911,-0.000864929140919,111509.6679195629,114316.13590165552,-0.0752948138084329,-0.067149021448689,0.0072077428409911,114316.13590165552,-0.12,-0.000864929140918932,0.0,-0.027295387849692706,-0.026795387849691498,0.0004999999999999995,0.000864929140918932,0.0,0.052980050286837076,0.02618466243714559
2025-04-15,2025-04-16,2025-04-16,2025-04-29,10,ExtraTreesDeep,4133.5,-0.0199346800532236,0.0168767388411759,1.0,1.0,0.0,0.0,,0.00838641322261,0.7426269186655029,0.7226137999221218,0.6064784435383591,0.1588762502331332,0.4476021933052259,0.8097067831967582,1,1,1,1,0,2025-04-07,1975,2025-04-03,120,120,120,120,120,120,120,1403,0.1166762570881319,-0.0591119437128827,0.2001997671319189,-0.0024622903716795,0.0249610943762652,0.0274910757590933,0.0355323200713369,0.0237673642591591,0.398754100771956,1.495004649396242,-0.0671490214486892,-0.0671490214486892,-0.0671490214486892,0.0974692171589513,0.5,1.0,0.0,0.0,0.2036915589070193,1.0,ml_big_up_index_enhancement,0.88,ADJUST,0.0,0.0,-0.0175425184468367,-0.0199346800532236,0.0023921616063868993,109553.50751308331,112037.2803075352,-0.0915164715950841,-0.0857451072434459,-0.0199346800532236,112037.2803075352,-0.12,0.0023921616063868317,0.0,-0.024903226243305807,-0.024403226243304668,0.0004999999999999995,0.0,0.0023921616063868317,0.052980050286837076,0.02857682404353242
2025-04-16,2025-04-17,2025-04-17,2025-04-30,10,ExtraTreesDeep,4051.1,0.0125422724692059,0.0516032682481299,1.0,1.0,1.0,0.0,1.0,0.0460165611058838,0.7395282225320855,0.7249376078414508,0.6181282447900024,0.2558772665998342,0.3622509781901681,0.7585898603787136,1,1,1,1,0,2025-04-07,1975,2025-04-03,120,120,120,120,120,120,120,1403,0.0579439154710359,-0.0857451072434462,0.1654923803249257,-0.017845150660435,0.0021464435996907,0.0203548292548458,0.0356396772769998,0.0239422953838974,0.6045439974037853,1.48856559931048,-0.084958314792771,-0.0857451072434462,-0.0857451072434462,0.0508608157048097,0.5,1.0,1.0,0.0,0.2708950669155074,1.0,ml_big_up_index_enhancement,0.88,ADJUST,0.0,0.0,0.0110371997729011,0.0125422724692059,-0.0015050726963048,110762.67146132728,113442.4824038611,-0.0814893574016887,-0.0742782732721887,0.0125422724692059,113442.4824038611,-0.12,-0.001505072696304708,0.0,-0.026408298939610608,-0.025908298939609376,0.0004999999999999995,0.001505072696304708,0.0,0.05448512298314179,0.02857682404353242
2025-04-17,2025-04-18,2025-04-18,2025-05-06,10,ExtraTreesDeep,4101.91,-0.0010824225787497,0.0708913652420457,1.0,1.0,1.0,0.0,1.0,0.042827477348211,0.780225697621812,0.7593874647036434,0.6398584272470175,0.1776981716528125,0.4621602555942049,0.7976459770719234,1,1,1,1,0,2025-04-07,1975,2025-04-03,120,120,120,120,120,120,120,1403,0.0340471658872909,-0.0698890962397934,0.1188939564216429,-0.0017971452524094,0.0128953977767667,0.0147189952015229,0.0358255552056556,0.0229942975872515,0.4736338795256264,1.5580191162489727,-0.0734816126562206,-0.0742782732721889,-0.0742782732721889,0.0312770895897531,0.5,1.0,0.0,0.0,0.2412379572997974,1.0,ml_big_up_index_enhancement,0.88,ADJUST,0.0,0.0,-0.0009525318692997,-0.0010824225787497,0.00012989070945000007,110657.1664868316,113319.68969951777,-0.0823642680610545,-0.0752802953708379,-0.0010824225787497,113319.68969951777,-0.12,0.000129890709449964,0.0,-0.02627840823016061,-0.02577840823015941,0.0004999999999999995,0.0,0.000129890709449964,0.05448512298314179,0.028706714752982386
2025-04-18,2025-04-21,2025-04-21,2025-05-07,10,ExtraTreesDeep,4097.47,0.0131568992573465,0.085006113528592,1.0,1.0,1.0,0.0,1.0,0.0489014359946506,0.7808614503800523,0.7616466271470992,0.6433861546238991,0.205585885381729,0.4378002692421701,0.8051253292552524,1,1,1,1,0,2025-04-07,1975,2025-04-03,120,120,120,120,120,120,120,1403,0.0252697373688846,-0.0744844970783084,0.1173993787786649,0.0011393158778316,0.0100095410345004,0.0088601306691178,0.0357928288420321,0.0229968099043717,0.4837713828208898,1.5564258256197463,-0.0625032889844758,-0.0752802953708383,-0.0752802953708383,0.0355684955175823,0.75,1.0,0.0,0.0,0.2413403988691886,1.0,ml_big_up_index_enhancement,0.88,ADJUST,0.0,0.0,0.0115780713464649,0.0131568992573465,-0.001578827910881599,111938.36305541376,114810.62544076808,-0.0717398160865999,-0.0631138513757487,0.0131568992573465,114810.62544076808,-0.12,-0.00157882791088158,0.0,-0.027857236141042206,-0.02735723614104099,0.0004999999999999995,0.00157882791088158,0.0,0.05606395089402337,0.028706714752982386
2025-04-21,2025-04-22,2025-04-22,2025-05-08,10,ExtraTreesDeep,4151.38,0.0054391551724968,0.0894907235666213,1.0,1.0,1.0,0.0,1.0,0.0364608798648793,0.8393794704381227,0.8190546542838991,0.6224745382697495,0.122095220509256,0.5003793177604935,0.8375272958811284,1,1,1,1,0,2025-04-07,1975,2025-04-03,120,120,120,120,120,120,120,1403,0.0115645529152614,-0.0501687392035508,0.1214914389760271,0.017035562485431,0.0214110075933273,0.0043021554695723,0.0358977780225158,0.0230217322168135,0.3821202448187538,1.559299608058966,-0.031951310512079,-0.0631138513757492,-0.0631138513757492,0.0418733446478833,0.75,1.0,0.0,0.0,0.2117047755404008,1.0,ml_big_up_index_enhancement,0.88,ADJUST,0.0,0.0,0.0047864565517971,0.0054391551724968,-0.0006526986206997001,112474.1511666578,115435.09824799185,-0.0672967390475353,-0.0580179822344185,0.0054391551724968,115435.09824799185,-0.12,-0.000652698620699616,0.0,-0.028509934761741906,-0.02800993476174061,0.0004999999999999995,0.000652698620699616,0.0,0.05671664951472299,0.028706714752982386
2025-04-22,2025-04-23,2025-04-23,2025-05-09,10,ExtraTreesDeep,4173.96,0.007194606560676,0.0766202838551399,1.0,1.0,1.0,0.0,1.0,0.0332353526195049,0.8150698169014441,0.7794616005799918,0.6218984344272381,0.1799595879012294,0.4419388465260087,0.8113874678975904,1,1,1,1,0,2025-04-07,1975,2025-04-03,120,120,120,120,120,120,120,1403,0.0097883149872988,-0.0057383785328902,0.1334551705222795,0.0228692123954115,0.0249011542443955,0.0019865118867206,0.034812223837031,0.0230049843210267,0.3902003759811377,1.513247014266052,-0.0266859434754219,-0.058017982234419,-0.058017982234419,0.0404630779732673,0.75,1.0,0.0,0.0,0.1848950549645647,1.0,ml_big_up_index_enhancement,0.88,ADJUST,0.0,0.0,0.0063312537733948,0.007194606560676,-0.0008633527872811998,113186.25356064108,116265.60836317913,-0.0613915580071724,-0.0512407922293635,0.007194606560676,116265.60836317913,-0.12,-0.0008633527872811199,0.0,-0.029373287549023106,-0.02887328754902173,0.0004999999999999995,0.0008633527872811199,0.0,0.05758000230200411,0.028706714752982386
2025-04-23,2025-04-24,2025-04-24,2025-05-12,10,ExtraTreesDeep,4203.99,-0.0078116265738025,0.0794697418404897,1.0,1.0,1.0,0.0,1.0,0.0280494092132377,0.7942247135428929,0.7553259116737812,0.6037754106558151,0.19464049627067,0.409134914385145,0.7654094359323732,1,1,1,1,0,2025-04-07,1975,2025-04-03,120,120,120,120,120,120,120,1403,0.0377403668139517,0.0037006176450224,0.1224258767304329,0.0300327288532846,0.0303414296723922,0.0002997000099709,0.0348393402552203,0.0229329645288705,0.1670040054993207,1.5191817094279596,-0.0196833317787519,-0.0512407922293638,-0.0512407922293638,0.0652749830140191,1.0,1.0,0.0,0.0,0.1382859465864177,1.0,ml_big_up_index_enhancement,0.88,ADJUST,0.0,0.0,-0.0068742313849462,-0.0078116265738025,0.0009373951888563001,112408.18506407,115357.38484727,-0.0678437696172951,-0.0586521448689243,-0.0078116265738025,115357.38484727,-0.12,0.0009373951888562999,0.0,-0.028435892360166807,-0.02793589236016543,0.0004999999999999995,0.0,0.0009373951888562999,0.05758000230200411,0.029644109941838685
2025-04-24,2025-04-25,2025-04-25,2025-05-13,10,ExtraTreesDeep,4171.15,-0.0007767642017189,0.0861728779832902,1.0,1.0,1.0,0.0,1.0,0.0278958677231648,0.7654669650103441,0.7424434073775219,0.6185663590472494,0.2047634119598704,0.4138029470873789,0.7600771471353645,1,1,1,1,0,2025-04-07,1975,2025-04-03,120,120,120,120,120,120,120,1403,0.0168799412956401,-0.0273411995149706,0.1263576023028607,0.0234565800481232,0.0203425155149596,-0.0030426933529679,0.0344539742877008,0.0229028136452477,0.2337958847247364,1.504355526852479,-0.0204337084562347,-0.0586521448689247,-0.0586521448689247,0.0530479041999859,0.5,1.0,0.0,0.0,0.1537473044104481,1.0,ml_big_up_index_enhancement,0.88,ADJUST,0.0,0.0,-0.0006835524975126,-0.0007767642017189,9.321170420629999e-05,112331.34816842862,115267.77936031672,-0.068480947336645,-0.0593833501841551,-0.0007767642017189,115267.77936031672,-0.12,9.3211704206268e-05,0.0,-0.028342680655960507,-0.02784268065595916,0.0004999999999999995,0.0,9.3211704206268e-05,0.05758000230200411,0.029737321646044954
2025-04-25,2025-04-28,2025-04-28,2025-05-14,10,ExtraTreesDeep,4167.91,-0.0125554534526897,0.0848002955917954,1.0,1.0,1.0,0.0,1.0,0.0264184804130842,0.7730995298335117,0.7461483853829035,0.57067802431335,0.1692029313993245,0.4014750929140255,0.7473182243325462,1,1,1,1,0,2025-04-07,1975,2025-04-03,120,120,120,120,120,120,120,1403,0.0171910959689758,-0.0211946004847164,0.1378405678405678,0.0237951540135086,0.0174555080428038,-0.0061922992562055,0.0344224340942372,0.0228418393249902,0.2328111287813833,1.5069904662439852,-0.0119502550778508,-0.0593833501841554,-0.0593833501841554,0.050553033906625,0.5,1.0,0.0,0.0,0.1502849583442219,1.0,ml_big_up_index_enhancement,0.88,ADJUST,0.0,0.0,-0.0110487990383669,-0.0125554534526897,0.0015066544143227997,111090.22167680682,113820.54012196336,-0.0787731141499324,-0.0711932187477428,-0.0125554534526897,113820.54012196336,-0.12,0.0015066544143227639,0.0,-0.02683602624163771,-0.026336026241636397,0.0004999999999999995,0.0,0.0015066544143227639,0.05758000230200411,0.031243976060367717
2025-04-28,2025-04-29,2025-04-29,2025-05-15,10,ExtraTreesDeep,4115.58,0.0213044090990821,0.1024934517127598,1.0,1.0,1.0,0.0,1.0,0.0289546738884965,0.748243875856644,0.7309531153334853,0.6045582346564363,0.2152457581962607,0.3893124764601756,0.742524820843762,1,1,1,1,0,2025-04-07,1975,2025-04-03,120,120,120,120,120,120,120,1403,-0.0086236384045788,-0.011414570872667,0.1204802548290928,0.0115313064758619,0.0028752348850351,-0.0085573936618772,0.0341643273996729,0.0229234678870049,0.2475576573927448,1.4903647025867457,-0.0243556676591628,-0.0711932187477432,-0.0711932187477432,0.0075956428529161,0.5,1.0,0.0,0.0,0.1357731608543026,1.0,ml_big_up_index_enhancement,0.88,ADJUST,0.0,0.0,0.0187478800071922,0.0213044090990821,-0.0025565290918899003,113172.927822776,116245.41947260014,-0.0615020630346159,-0.0514055391059431,0.0213044090990821,116245.41947260014,-0.12,-0.0025565290918898517,0.0,-0.02939255533352761,-0.02889255533352625,0.0004999999999999995,0.0025565290918898517,0.0,0.06013653139389396,0.031243976060367717
2025-04-29,2025-04-30,2025-04-30,2025-05-16,10,ExtraTreesDeep,4203.26,0.0135347325647234,0.0861379024852138,1.0,1.0,1.0,0.0,1.0,0.0253393035101696,0.7745191333354241,0.7205905828191572,0.5470374015976034,0.2034472684185325,0.3435901331790709,0.7547595167505918,1,1,1,1,0,2025-04-07,1975,2025-04-03,120,120,120,120,120,120,120,1403,0.0070197126948989,0.022449689489342,0.1340025953914265,0.0319110347870972,0.0221789547190736,-0.0094311231685116,0.0343475530231676,0.0230397251604369,0.3889995433811639,1.490796994494886,-0.0035701416677728,-0.0514055391059434,-0.0514055391059434,0.0231158018076491,0.75,1.0,0.0,0.0,0.1567739531630932,1.0,ml_big_up_index_enhancement,0.88,ADJUST,0.0,0.0,0.0119105646569565,0.0135347325647234,-0.0016241679077669009,114520.88129702624,117818.77013703588,-0.0503240226759692,-0.038566566765364,0.0135347325647234,117818.77013703588,-0.12,-0.001624167907766808,0.0,-0.031016723241294508,-0.030516723241293058,0.0004999999999999995,0.001624167907766808,0.0,0.06176069930166077,0.031243976060367717
2025-04-30,2025-05-06,2025-05-06,2025-05-19,10,ExtraTreesDeep,4260.15,0.0311139279133363,0.0890837177094703,1.0,1.0,1.0,0.0,1.0,0.0264899811276626,0.7791152890492011,0.7288206854159851,0.5230298155293834,0.2406157259487759,0.2824140895806074,0.7205652915379668,1,1,1,1,0,2025-04-07,1975,2025-04-03,120,120,120,120,120,120,120,1403,0.0133587377705464,0.0150198589029117,0.1502230166101472,0.0450689751901756,0.0336827996385635,-0.0108951426383507,0.0341683964053448,0.0230806562215432,0.4187350664826498,1.4803910286334212,0.0,-0.0385665667653644,-0.0385665667653644,0.0196833317787519,0.75,1.0,0.0,0.0,0.1620070294498358,1.0,ml_big_up_index_enhancement,0.88,ADJUST,0.0,0.0,0.0273802565637359,0.0311139279133363,-0.003733671349600398,117656.49240884396,121484.57485791756,-0.0243216507644207,-0.0086525962302301,0.0311139279133363,121484.57485791756,-0.12,-0.0037336713496003556,0.0,-0.034750394590894906,-0.034250394590893414,0.0004999999999999995,0.0037336713496003556,0.0,0.06549437065126112,0.031243976060367717
2025-05-06,2025-05-07,2025-05-07,2025-05-20,10,ExtraTreesDeep,4392.7,0.0120836842943974,0.0745350240171192,1.0,1.0,1.0,0.0,1.0,0.0275461373840216,0.7729529422878277,0.7015449445474523,0.5337667966059434,0.2419179190545676,0.2918488775513758,0.6887589013448404,1,1,1,1,0,2025-04-07,1975,2025-04-03,120,120,120,120,120,120,120,1403,0.0531148484230967,0.042257865515114,0.160095074607157,0.0752363117389776,0.0632382321365956,-0.0111585513541458,0.0348109707557882,0.0232350567308768,0.4995441946230234,1.4982089847677584,0.0,-0.0086525962302304,-0.0086525962302304,0.0204337084562347,0.75,1.0,0.0,0.0,0.1781688550779106,1.0,ml_big_up_index_enhancement,0.88,ADJUST,0.0,0.0,0.0106336421790697,0.0120836842943974,-0.0014500421153276991,118907.60944916404,122952.55610713972,-0.0139466363167841,0.0,0.0120836842943974,122952.55610713972,-0.12,-0.0014500421153276878,0.0,-0.036200436706222604,-0.035700436706221104,0.0004999999999999995,0.0014500421153276878,0.0,0.06694441276658882,0.031243976060367717
2025-05-07,2025-05-08,2025-05-08,2025-05-21,10,ExtraTreesDeep,4445.78,0.0173445379663412,0.0535699022443756,1.0,1.0,1.0,0.0,1.0,0.022927255253749,0.7471402535033776,0.6728161367326264,0.549602990888905,0.2751829082991507,0.2744200825897542,0.6730582459416613,1,1,1,1,0,2025-04-07,1975,2025-04-03,120,120,120,120,120,120,120,1403,0.0666689059984499,0.0539219404881563,0.1568664697693178,0.0852080603753135,0.0734755006208525,-0.0108113459371131,0.0348704527819583,0.0232128718542945,0.4649036453703578,1.5022033034446391,0.0,0.0,0.0,0.0119502550778508,0.75,1.0,0.0,0.0,0.1712407452273774,1.0,ml_big_up_index_enhancement,0.88,ADJUST,0.0,0.0,0.0152631934103802,0.0173445379663412,-0.002081344555961002,120722.5192901526,125085.1113845987,0.0,0.0,0.0173445379663412,125085.1113845987,-0.12,-0.002081344555960944,0.0,-0.03828178126218361,-0.03778178126218205,0.0004999999999999995,0.002081344555960944,0.0,0.06902575732254976,0.031243976060367717
2025-05-08,2025-05-09,2025-05-09,2025-05-22,10,ExtraTreesDeep,4522.89,-0.0064383613132311,0.0204272047297191,1.0,1.0,0.0,0.0,,-0.0071770099282422,0.4181849539422048,0.5116491641530924,0.3082145721170509,0.4509176540558842,-0.1427030819388333,0.3984031179569814,0,0,1,0,0,2025-05-08,1995,2025-05-07,120,120,120,120,120,120,120,1420,0.0989678247051448,0.2336623725189091,0.1644418241220133,0.0926067760419302,0.0892944970745319,-0.0030315380061959,0.0148911543469607,0.023267269831663,0.5119510752063494,0.6400043689997668,0.0,0.0,0.0,0.0243556676591628,0.75,0.0,0.0,0.0,0.130430451756316,1.0,ml_big_up_index_enhancement,0.97,ADJUST,0.0899999999999999,8.999999999999997e-05,-0.0063352104738341,-0.0064383613132311,0.0001031508393969996,119957.71672151797,124279.7682425989,-0.0063352104738341,-0.006438361313231,-0.0064383613132311,124279.7682425989,-0.030000000000000027,0.00019315083939693318,8.99999999999999e-05,-0.03817863042278661,-0.03758863042278512,0.0005899999999999994,0.0,0.00019315083939693318,0.06902575732254976,0.03143712689976465
2025-05-09,2025-05-12,2025-05-12,2025-05-23,10,ExtraTreesDeep,4493.77,0.0098603177287666,0.0172549996995841,1.0,1.0,0.0,0.0,,-0.00728575777697,0.440131398247378,0.4922390080873023,0.3089810150893226,0.3980678108874868,-0.0890867957981642,0.4250295421938667,0,0,0,0,0,2025-05-08,1995,2025-05-07,120,120,120,120,120,120,120,1420,0.0691154009031085,0.2140041765610101,0.127804283064753,0.0752836373246848,0.0800734554838065,0.0044544694933135,0.0153752090006275,0.0230985879127759,0.8753664544737375,0.6656341529918133,-0.0064383613132311,-0.0064383613132311,-0.0064383613132311,-0.0028682196454583,1.0,0.0,0.0,0.0,0.2060107902007477,1.0,ml_big_up_index_enhancement,0.97,ADJUST,0.0,0.0,0.0095645081969036,0.0098603177287666,-0.00029580953186299913,121105.05328638275,125505.2062447284,0.0,0.0,0.0098603177287666,125505.2062447284,-0.030000000000000027,-0.00029580953186299826,0.0,-0.03847443995464961,-0.037884439954648116,0.0005899999999999994,0.00029580953186299826,0.0,0.06932156685441275,0.03143712689976465
2025-05-12,2025-05-13,2025-05-13,2025-05-26,10,ExtraTreesDeep,4538.08,-0.0016504777350773,0.0201252512075591,1.0,1.0,0.0,0.0,,-0.0192938716414738,0.3843466769566859,0.4349577014274042,0.2300235868395807,0.4091853780887235,-0.1791617912491427,0.4347706329479363,0,0,0,0,0,2025-05-08,1995,2025-05-07,120,120,120,120,120,120,120,1420,0.0652394868725281,0.1851186403497318,0.1406739358840947,0.0767544138026186,0.0882835044461243,0.0107072610947467,0.0142443481814096,0.0231135133423972,0.951844876670644,0.6162779310266597,0.0,0.0,0.0,0.0,1.0,0.0,0.0,0.0,0.2200188023774827,1.0,ml_big_up_index_enhancement,0.97,ADJUST,0.0,0.0,-0.0016009634030249,-0.0016504777350773,4.951433205239997e-05,120911.16852814986,125298.0626961852,-0.0016009634030249,-0.0016504777350773,-0.0016504777350773,125298.0626961852,-0.030000000000000027,4.9514332052319045e-05,0.0,-0.03842492562259721,-0.0378349256225958,0.0005899999999999994,0.0,4.9514332052319045e-05,0.06932156685441275,0.031486641231816964
2025-05-13,2025-05-14,2025-05-14,2025-05-27,10,ExtraTreesDeep,4530.59,-0.0020394694730707,0.0316448851032646,1.0,1.0,0.0,0.0,1.0,-0.0215321248505235,0.3964628590814157,0.4429945206120298,0.2209800166324645,0.4092860034120704,-0.1883059867796059,0.4004423709122512,0,0,0,0,0,2025-05-08,1995,2025-05-07,120,120,120,120,120,120,120,1420,0.0313907164158717,0.1421127594943092,0.1341758018930507,0.0678356176265153,0.0841647803605873,0.0152918318742418,0.0128631456976837,0.023118610756443,0.7711376896683269,0.5563978663423312,-0.0016504777350773,-0.0016504777350773,-0.0016504777350773,-0.0016504777350773,1.0,0.0,0.0,0.0,0.1846200799578041,1.0,ml_big_up_index_enhancement,0.97,ADJUST,0.0,0.0,-0.0019782853888785,-0.0020394694730707,6.118408419220024e-05,120671.9717300984,125042.52112228144,-0.0035760816293951,-0.0036865811091914,-0.0020394694730707,125042.52112228144,-0.030000000000000027,6.118408419212106e-05,0.0,-0.03836374153840501,-0.037773741538403675,0.0005899999999999994,0.0,6.118408419212106e-05,0.06932156685441275,0.03154782531600909
2025-05-14,2025-05-15,2025-05-15,2025-05-28,10,ExtraTreesDeep,4521.35,0.0035498247204925,0.0293518528758003,1.0,1.0,0.0,0.0,1.0,-0.019705411333366,0.4001915649746594,0.4291190818500089,0.2051025506205832,0.3982751786133897,-0.1931726279928065,0.3936822841953588,0,0,0,0,0,2025-05-08,1995,2025-05-07,120,120,120,120,120,120,120,1420,0.0169981420583116,0.1313330731043318,0.1464799375202856,0.0591067462289958,0.0794666448503369,0.0192236511511549,0.0130098288940518,0.0230410508647022,0.7571034650663203,0.5646369590712639,-0.0036865811091915,-0.0036865811091915,-0.0036865811091915,-0.0036865811091915,1.0,0.0,0.0,0.0,0.1827303230804933,1.0,ml_big_up_index_enhancement,0.97,ADJUST,0.0,0.0,0.0034433299788777,0.0035498247204925,-0.0001064947416147999,121087.48514796692,125486.40015487402,-0.000145065279599,-0.0001498431054542,0.0035498247204925,125486.40015487402,-0.030000000000000027,-0.0001064947416147751,0.0,-0.03847023628001981,-0.03788023628001845,0.0005899999999999994,0.0001064947416147751,0.0,0.06942806159602752,0.03154782531600909
2025-05-15,2025-05-16,2025-05-16,2025-05-29,10,ExtraTreesDeep,4537.4,0.006153303654075,0.0462930312513774,1.0,1.0,1.0,0.0,1.0,-0.0230358341988935,0.4692589958934127,0.4532727123642863,0.171958071928256,0.4302910022674418,-0.2583329303391858,0.3822260897101443,0,0,0,0,0,2025-05-08,1995,2025-05-07,120,120,120,120,120,120,120,1420,0.003208125777987,0.1056258406596619,0.1489881085023194,0.0574974316521141,0.0807682996863259,0.0220056024134791,0.0120766325012924,0.0230408582644727,0.5171291754658068,0.5241398719905199,-0.0001498431054544,-0.0001498431054544,-0.0001498431054544,-0.0001498431054544,1.0,0.0,0.0,0.0,0.1340281175596432,1.0,ml_big_up_index_enhancement,0.97,ADJUST,0.0,0.0,0.0059687045444527,0.006153303654075,-0.00018459910962229965,121810.22057084594,126258.55607948374,0.0,0.0,0.006153303654075,126258.55607948374,-0.030000000000000027,-0.00018459910962225016,0.0,-0.03865483538964211,-0.0380648353896407,0.0005899999999999994,0.00018459910962225016,0.0,0.06961266070564977,0.03154782531600909
2025-05-16,2025-05-19,2025-05-19,2025-05-30,10,ExtraTreesDeep,4565.32,0.0162836340059404,0.0283397439828971,1.0,1.0,0.0,0.0,1.0,-0.0224787821044264,0.477099098630087,0.4500107006050489,0.1462394219601546,0.4339616898737556,-0.287722267913601,0.3622502272208622,0,0,0,0,0,2025-05-08,1995,2025-05-07,120,120,120,120,120,120,120,1420,0.0159220431842304,0.104468368210959,0.1270252322397962,0.0586772169848619,0.0852018672721184,0.025054520737491,0.0120692558403989,0.0228449025909768,0.4228458528300148,0.5283128607064395,0.0,0.0,0.0,0.0064383613132311,1.0,0.0,0.0,0.0,0.1151414844113939,1.0,ml_big_up_index_enhancement,0.97,ADJUST,0.0,0.0,0.0157951249857621,0.0162836340059404,-0.0004885090201782981,123734.2282293057,128314.50419680055,0.0,0.0,0.0162836340059404,128314.50419680055,-0.030000000000000027,-0.0004885090201782124,0.0,-0.03914334440982041,-0.03855334440981891,0.0005899999999999994,0.0004885090201782124,0.0,0.07010116972582799,0.03154782531600909
2025-05-19,2025-05-20,2025-05-20,2025-06-03,10,ExtraTreesDeep,4639.66,0.0173396326454955,0.0244091161852377,1.0,1.0,0.0,0.0,1.0,-0.0261837254106659,0.4286059197482564,0.4132062444772502,0.1619978006008851,0.4441174087849967,-0.2821196081841116,0.3294699755745344,0,0,0,0,0,2025-05-08,1995,2025-05-07,120,120,120,120,120,120,120,1420,0.0223839156647744,0.1452839969391028,0.1738961025817484,0.0686238041879765,0.0998780207524734,0.029247164850727,0.01077053908502,0.0226450647574374,0.6933588600714021,0.4756241238604828,0.0,0.0,0.0,0.0,1.0,0.0,0.0,0.0,0.1467604158463654,1.0,ml_big_up_index_enhancement,0.97,ADJUST,0.0,0.0,0.0168194436661306,0.0173396326454955,-0.000520188979364903,125815.36911058066,130539.43056266198,0.0,0.0,0.0173396326454955,130539.43056266198,-0.030000000000000027,-0.0005201889793648656,0.0,-0.03966353338918531,-0.039073533389183776,0.0005899999999999994,0.0005201889793648656,0.0,0.07062135870519286,0.03154782531600909
2025-05-20,2025-05-21,2025-05-21,2025-06-04,10,ExtraTreesDeep,4720.11,-0.0076629570073578,0.0200906334809993,1.0,1.0,0.0,0.0,,-0.0273397813009954,0.4149669983651142,0.4356497269222668,0.1446378667843747,0.4532305491361351,-0.3085926823517604,0.3187376323710428,0,0,0,0,0,2025-05-08,1995,2025-05-07,120,120,120,120,120,120,120,1420,0.0418311963783966,0.1507102788700873,0.1701804316675177,0.0794682827820816,0.1159229350232762,0.0337709341002969,0.0109555711603324,0.0226062496558926,0.7630315638681305,0.48462577062077,0.0,0.0,0.0,0.0016504777350773,1.0,0.0,0.0,0.0,0.1606949566057111,1.0,ml_big_up_index_enhancement,0.97,ADJUST,0.0,0.0,-0.007433068297137,-0.0076629570073578,0.00022988871022079985,124880.1748791522,129539.11251849533,-0.007433068297137,-0.0076629570073577,-0.0076629570073578,129539.11251849533,-0.030000000000000027,0.0002298887102207342,0.0,-0.03943364467896451,-0.03884364467896304,0.0005899999999999994,0.0,0.0002298887102207342,0.07062135870519286,0.03177771402622982
2025-05-21,2025-05-22,2025-05-22,2025-06-05,10,ExtraTreesDeep,4683.94,-0.014658599384279,0.0291421324782128,1.0,1.0,0.0,0.0,1.0,-0.0273763586473179,0.3805366777203162,0.4039907267926507,0.14601917809969,0.4487948024482859,-0.3027756243485959,0.2954600396975743,0,0,0,0,0,2025-05-08,1995,2025-05-07,120,120,120,120,120,120,120,1420,0.0359604985236707,0.1431297849648685,0.1469169478493805,0.0640606086145711,0.1047598052226592,0.0382489458575852,0.0113074186868037,0.0226110649006216,0.9068929078337968,0.5000834209490448,-0.0076629570073578,-0.0076629570073578,-0.0076629570073578,-0.0039763758981663,1.0,0.0,0.0,0.0,0.192644950407468,1.0,ml_big_up_index_enhancement,0.97,ADJUST,0.0,0.0,-0.0142188414027506,-0.014658599384279,0.0004397579815284009,123104.52347819778,127640.25056349166,-0.0215462200806348,-0.022209228174767,-0.014658599384279,127640.25056349166,-0.030000000000000027,0.0004397579815283704,0.0,-0.038993886697436114,-0.03840388669743467,0.0005899999999999994,0.0,0.0004397579815283704,0.07062135870519286,0.032217472007758194
2025-05-22,2025-05-23,2025-05-23,2025-06-06,10,ExtraTreesDeep,4615.28,-0.0095270492797835,0.0550995822571978,1.0,1.0,1.0,0.0,1.0,-0.0250373183963256,0.4273454658566341,0.4932964158001793,0.1843249491957169,0.4955408036220626,-0.3112158544263457,0.3426876091513571,0,0,0,0,0,2025-05-08,1995,2025-05-07,120,120,120,120,120,120,120,1420,0.0171640146339313,0.1117459736280463,0.1338249961921513,0.0429673071619032,0.0862395178754207,0.0414895178558076,0.0121591841890777,0.0227083151759267,1.174902479174862,0.5354507410557596,-0.0222092281747671,-0.0222092281747671,-0.0222092281747671,-0.0220593850693127,1.0,0.0,0.0,0.0,0.2703207687552326,1.0,ml_big_up_index_enhancement,0.97,ADJUST,0.0,0.0,-0.0092412378013899,-0.0095270492797835,0.00028581147839359944,121966.88530230898,126424.21560628936,-0.0305883441385385,-0.0315246890432635,-0.0095270492797835,126424.21560628936,-0.030000000000000027,0.0002858114783935052,0.0,-0.038708075219042515,-0.03811807521904117,0.0005899999999999994,0.0,0.0002858114783935052,0.07062135870519286,0.032503283486151696
2025-05-23,2025-05-26,2025-05-26,2025-06-09,10,ExtraTreesDeep,4571.31,0.0127097046579645,0.080103952696273,1.0,1.0,1.0,0.0,1.0,-0.0156082683263173,0.4994869420085287,0.5572841869506917,0.2898019003680153,0.4961554297134293,-0.206353529345414,0.3968845896952189,0,0,1,0,0,2025-05-08,1995,2025-05-07,120,120,120,120,120,120,120,1420,0.0013120657478558,0.0951973665296266,0.1095924326607296,0.0284136529695879,0.0739887585365861,0.0443159281631453,0.0126076391971645,0.0227227454910273,1.209128810976665,0.5548466492371278,-0.0315246890432636,-0.0315246890432636,-0.0315246890432636,-0.0315246890432636,1.0,0.0,0.0,0.0,0.2814108896092384,1.0,ml_big_up_index_enhancement,0.97,ADJUST,0.0,0.0,0.0123284135182255,0.0127097046579645,-0.00038129113973899877,123470.54349984584,128031.03004826012,-0.0186370363756905,-0.019215653872473,0.0127097046579645,128031.03004826012,-0.030000000000000027,-0.00038129113973893534,0.0,-0.03908936635878151,-0.0384993663587801,0.0005899999999999994,0.00038129113973893534,0.0,0.07100264984493179,0.032503283486151696
2025-05-26,2025-05-27,2025-05-27,2025-06-10,10,ExtraTreesDeep,4629.41,0.0096232565272897,0.0579728302310662,1.0,1.0,1.0,0.0,1.0,-0.0249265585875628,0.4141403979335516,0.4396919464074704,0.2213396903192853,0.5545673591109972,-0.3332276687917118,0.323483475247594,0,0,0,0,1,2025-05-08,1995,2025-05-07,120,120,120,120,120,120,120,1420,-0.0022092136061694,0.1011943415659886,0.1276776623161504,0.0365243394841614,0.0854111334937846,0.0471641544220295,0.0127263904821872,0.0227524232444476,1.129098089339988,0.5593422004090466,-0.0192156538724732,-0.0192156538724732,-0.0192156538724732,-0.0192156538724732,1.0,0.0,0.0,0.0,0.2629429382477449,1.0,ml_big_up_index_enhancement,0.97,ADJUST,0.0,0.0,0.009334558831471,0.0096232565272897,-0.0002886976958187005,124623.08655209884,129263.10549386768,-0.0094764460567127,-0.0097773145117376,0.0096232565272897,129263.10549386768,-0.030000000000000027,-0.00028869769581869127,0.0,-0.03937806405460021,-0.038788064054598795,0.0005899999999999994,0.00028869769581869127,0.0,0.07129134754075048,0.032503283486151696
2025-05-27,2025-05-28,2025-05-28,2025-06-11,10,ExtraTreesDeep,4673.96,-0.0042576316442587,0.0559482751243056,1.0,1.0,1.0,0.0,1.0,-0.0272883293992427,0.4173506669797713,0.4634318212928721,0.1769952854575243,0.5778380394498346,-0.4008427539923103,0.2862462804789867,0,0,0,0,1,2025-05-08,1995,2025-05-07,120,120,120,120,120,120,120,1420,-0.009777314511738,0.1205446939093537,0.1221965853623401,0.0406413558288047,0.0936812031625768,0.0509684215764507,0.0124022718251933,0.0227161850890204,0.9878409596838588,0.5459663132956146,-0.009777314511738,-0.009777314511738,-0.009777314511738,-0.009777314511738,1.0,0.0,0.0,0.0,0.2308509378009214,1.0,ml_big_up_index_enhancement,0.97,ADJUST,0.0,0.0,-0.0041299026949309,-0.0042576316442587,0.0001277289493278001,124108.4053310967,128712.75080548185,-0.0135672119515358,-0.0139933179523354,-0.0042576316442587,128712.75080548185,-0.030000000000000027,0.00012772894932776112,0.0,-0.03925033510527241,-0.03866033510527103,0.0005899999999999994,0.0,0.00012772894932776112,0.07129134754075048,0.03263101243547946
2025-05-28,2025-05-29,2025-05-29,2025-06-12,10,ExtraTreesDeep,4654.06,0.0200663506701674,0.0635488154428605,1.0,1.0,1.0,0.0,1.0,-0.0256312537983387,0.4097058703578122,0.4485476506461416,0.2080934713506123,0.558924887359926,-0.3508314160093136,0.3022813928698668,0,0,0,0,1,2025-05-08,1995,2025-05-07,120,120,120,120,120,120,120,1420,-0.006379244823802,0.1166411942676306,0.119281014314299,0.0306329209230844,0.0869223026388004,0.0546163241761195,0.0125229574653797,0.022726110806566,0.953606627323965,0.5510383000403903,-0.0139933179523357,-0.0139933179523357,-0.0139933179523357,-0.0063303609449778,1.0,0.0,0.0,0.0,0.2257174888776972,1.0,ml_big_up_index_enhancement,0.97,ADJUST,0.0,0.0,0.0194643601500623,0.0200663506701674,-0.0006019905201051015,126524.0960301111,131295.54599886652,0.0,0.0,0.0200663506701674,131295.54599886652,-0.030000000000000027,-0.0006019905201050226,0.0,-0.039852325625377515,-0.03926232562537606,0.0005899999999999994,0.0006019905201050226,0.0,0.0718933380608555,0.03263101243547946
2025-05-29,2025-05-30,2025-05-30,2025-06-13,10,ExtraTreesDeep,4747.45,-0.0111112281329976,0.0253841535982475,1.0,1.0,0.0,0.0,1.0,-0.0254694207314748,0.3440128555825308,0.3770494644593204,0.2041360292486488,0.5673392437891684,-0.3632032145405196,0.2965756344854007,0,0,0,0,1,2025-05-08,1995,2025-05-07,120,120,120,120,120,120,120,1420,0.0286374824496022,0.1535312155273376,0.1718453024491144,0.0440097345174583,0.1057365018274443,0.0591247047504936,0.0121519946892818,0.0225431272185167,1.0094786675629863,0.5390554101695486,0.0,0.0,0.0,0.0222092281747671,1.0,0.0,0.0,0.0,0.2309543699718619,1.0,ml_big_up_index_enhancement,0.97,ADJUST,0.0,0.0,-0.0107778912890076,-0.0111112281329976,0.00033333684398999947,125160.4330776586,129836.69123442665,-0.0107778912890076,-0.0111112281329975,-0.0111112281329976,129836.69123442665,-0.030000000000000027,0.0003333368439899283,0.0,-0.039518988781387515,-0.03892898878138613,0.0005899999999999994,0.0,0.0003333368439899283,0.0718933380608555,0.03296434927946939
2025-05-30,2025-06-03,2025-06-03,2025-06-16,10,ExtraTreesDeep,4694.7,0.0123990883336528,0.0510234945789933,1.0,1.0,1.0,0.0,1.0,-0.022732394515128,0.3706552222556852,0.3968822249783021,0.1515128638700976,0.6072095647694925,-0.4556967008993948,0.2282756323210852,0,0,0,0,1,2025-05-08,1995,2025-05-07,120,120,120,120,120,120,120,1420,0.0269922626118113,0.1169187725717655,0.1510002942041777,0.0268607408021466,0.0908423835728233,0.0623080036351342,0.0123372603994539,0.0226092461663866,1.0350506252326326,0.5456732307066432,-0.0111112281329976,-0.0111112281329976,-0.0111112281329976,0.0204134609102659,1.0,0.0,0.0,0.0,0.2410688141656401,1.0,ml_big_up_index_enhancement,0.97,ADJUST,0.0,0.0,0.0120271156836432,0.0123990883336528,-0.0003719726500095999,126665.75208529847,131446.54783799153,0.0,0.0,0.0123990883336528,131446.54783799153,-0.030000000000000027,-0.00037197265000958433,0.0,-0.039890961431397115,-0.03930096143139571,0.0005899999999999994,0.00037197265000958433,0.0,0.07226531071086509,0.03296434927946939
2025-06-03,2025-06-04,2025-06-04,2025-06-17,10,ExtraTreesDeep,4752.91,0.0130509519431252,0.0351258492165851,1.0,1.0,0.0,0.0,1.0,-0.0239328569573929,0.3251200981084259,0.3305298084461159,0.141796652272718,0.6261070200332077,-0.4843103677604897,0.2243680671233004,0,0,0,0,1,2025-05-08,1995,2025-05-07,120,120,120,120,120,120,120,1420,0.0266772655694786,0.1156672887104914,0.1460721028759648,0.0340205287310535,0.1017831119854042,0.0655331121302866,0.0123014569977624,0.0225700485016994,1.0345079910244075,0.5450345840788137,0.0,0.0,0.0,0.0192156538724732,1.0,0.0,0.0,0.0,0.2387380416973956,1.0,ml_big_up_index_enhancement,0.97,ADJUST,0.0,0.0,0.0126594233848314,0.0130509519431252,-0.0003915285582937987,128269.26746930438,133162.05041691486,0.0,0.0,0.0130509519431252,133162.05041691486,-0.030000000000000027,-0.0003915285582937563,0.0,-0.04028248998969092,-0.03969248998968947,0.0005899999999999994,0.0003915285582937563,0.0,0.07265683926915885,0.03296434927946939
2025-06-04,2025-06-05,2025-06-05,2025-06-18,10,ExtraTreesDeep,4814.94,0.0011422779930798,0.0157842049952854,1.0,1.0,0.0,0.0,,-0.0270260551636822,0.3210016251550412,0.3154880375883293,0.1113090253413984,0.6117071773080044,-0.5003981519666059,0.2150053463984102,0,0,0,0,1,2025-05-08,1995,2025-05-07,120,120,120,120,120,120,120,1420,0.0301628597591763,0.096123113347144,0.1657293101653345,0.0427262118757274,0.1132182929207064,0.0676036338610621,0.0109110161115646,0.0225934881623431,1.2007047543037288,0.4829274715424488,0.0,0.0,0.0,0.009777314511738,1.0,0.0,0.0,0.0,0.2719773943532598,1.0,ml_big_up_index_enhancement,0.97,ADJUST,0.0,0.0,0.0011080096532874,0.0011422779930798,-3.4268339792400005e-05,128411.39105588046,133314.1584966195,0.0,0.0,0.0011422779930798,133314.1584966195,-0.030000000000000027,-3.426833979239403e-05,0.0,-0.04031675832948332,-0.03972675832948186,0.0005899999999999994,3.426833979239403e-05,0.0,0.07269110760895124,0.03296434927946939
2025-06-05,2025-06-06,2025-06-06,2025-06-19,10,ExtraTreesDeep,4820.44,0.0101940901660431,-0.0084017226643211,0.0,0.0,0.0,0.0,0.0,-0.029238106962658,0.2834870569614132,0.2991484141647665,0.1037325331702369,0.6331263836106172,-0.5293938504403802,0.1882295813328655,0,0,0,0,1,2025-05-08,1995,2025-05-07,120,120,120,120,120,120,120,1420,0.035749431679007,0.0842731759106387,0.1477893974893802,0.0396994119440419,0.1118307366843898,0.0693770948715608,0.0107926475512121,0.0225197342809176,1.1336254233426248,0.4792528817872183,0.0,0.0,0.0,0.0139933179523357,1.0,0.0,0.0,0.0,0.258561528161039,1.0,ml_big_up_index_enhancement,0.97,ADJUST,0.0,0.0,0.0098882674610618,0.0101940901660431,-0.00030582270498129976,129681.15723568802,134673.1750487442,0.0,0.0,0.0101940901660431,134673.1750487442,-0.030000000000000027,-0.0003058227049812933,0.0,-0.04062258103446462,-0.04003258103446315,0.0005899999999999994,0.0003058227049812933,0.0,0.07299693031393253,0.03296434927946939
2025-06-06,2025-06-09,2025-06-09,2025-06-20,10,ExtraTreesDeep,4869.58,0.0139457612360818,-0.0210593110699486,0.0,0.0,0.0,1.0,0.0,-0.0081557015892279,0.3805896608593736,0.3547752774324417,0.0772788339560345,0.5387661908320979,-0.4614873568760633,0.2331094346097285,0,0,0,0,1,2025-06-06,2015,2025-06-05,120,120,120,120,120,120,120,1436,0.0257253894195832,0.0766523174342068,0.1648849008805566,0.0463859718035897,0.1201966992754324,0.0705387203773573,0.0104439202291376,0.0225207924287548,0.9821972643497592,0.4637456813376944,0.0,0.0,0.0,0.0,1.0,0.0,0.0,0.0,0.2282758963624658,1.0,ml_big_up_index_enhancement,0.97,ADJUST,0.0,0.0,0.0135273883989993,0.0139457612360818,-0.000418372837082499,131435.40461764683,136551.29499287903,0.0,0.0,0.0139457612360818,136551.29499287903,-0.030000000000000027,-0.0004183728370824543,0.0,-0.04104095387154712,-0.040450953871545604,0.0005899999999999994,0.0004183728370824543,0.0,0.073415303151015,0.03296434927946939
2025-06-09,2025-06-10,2025-06-10,2025-06-23,10,ExtraTreesDeep,4937.49,-0.0080405226137166,-0.0100577418890974,0.0,0.0,0.0,0.0,0.0,-0.0057373198301596,0.410931845577122,0.4005614287668511,0.0868593951349418,0.5497827937425424,-0.4629233986076005,0.2553983898191729,0,0,0,0,1,2025-06-06,2015,2025-06-05,120,120,120,120,120,120,120,1436,0.0517157645855965,0.0987411460755667,0.1632650176345442,0.0559445360132886,0.1328089554837874,0.0727920992523905,0.0103916839257494,0.0225081931127889,0.5023917078059499,0.461684501891225,0.0,0.0,0.0,0.0111112281329976,1.0,0.0,0.0,0.0,0.1307051947253962,1.0,ml_big_up_index_enhancement,0.97,ADJUST,0.0,0.0,-0.0077993069353051,-0.0080405226137166,0.00024121567841150007,130410.29955486784,135453.3512175565,-0.0077993069353049,-0.0080405226137165,-0.0080405226137166,135453.3512175565,-0.030000000000000027,0.0002412156784114982,0.0,-0.04079973819313562,-0.04020973819313411,0.0005899999999999994,0.0,0.0002412156784114982,0.073415303151015,0.033205564957880886
2025-06-10,2025-06-11,2025-06-11,2025-06-24,10,ExtraTreesDeep,4897.79,0.0076912240010289,0.0244661367678074,1.0,1.0,0.0,0.0,1.0,-0.0116781594385868,0.3850564483985638,0.3806609538443823,0.0964772721054202,0.5498528516828712,-0.453375579577451,0.2524130629706487,0,0,0,0,1,2025-06-06,2015,2025-06-05,120,120,120,120,120,120,120,1436,0.0304823781641141,0.0792647992102386,0.146218113737421,0.043440672645439,0.1210223515226385,0.0743517872276404,0.0106966552870381,0.0225451321132981,0.8759379104890842,0.4744552053757456,-0.0080405226137166,-0.0080405226137166,-0.0080405226137166,-0.0080405226137166,1.0,0.0,0.0,0.0,0.2090326704381956,1.0,ml_big_up_index_enhancement,0.97,ADJUST,0.0,0.0,0.007460487280998,0.0076912240010289,-0.00023073672003089997,131383.22393600806,136495.1532834608,-0.0003970062844984,-0.0004111400731949,0.0076912240010289,136495.1532834608,-0.030000000000000027,-0.0002307367200308672,0.0,-0.04103047491316652,-0.04044047491316498,0.0005899999999999994,0.0002307367200308672,0.0,0.07364603987104586,0.033205564957880886
2025-06-11,2025-06-12,2025-06-12,2025-06-25,10,ExtraTreesDeep,4935.46,0.002909556556025,0.0224923310086597,1.0,1.0,0.0,0.0,,-0.0066262169417721,0.3999282894755643,0.3757550504771578,0.0622250335340829,0.5861263123628907,-0.5239012788288078,0.258896702282507,0,0,0,0,1,2025-06-06,2015,2025-06-05,120,120,120,120,120,120,120,1436,0.0250304261319975,0.0893636369656047,0.1492888346575509,0.0469507828383108,0.1268884467673037,0.0763528383944465,0.0106464974652493,0.0225527857012305,0.8123302256163603,0.4720701737820549,-0.0004111400731949,-0.0004111400731949,-0.0004111400731949,-0.0004111400731949,1.0,0.0,0.0,0.0,0.1943726375217771,1.0,ml_big_up_index_enhancement,0.97,ADJUST,0.0,0.0,0.0028222698593442,0.002909556556025,-8.728669668080008e-05,131754.02284894613,136892.29365156233,0.0,0.0,0.002909556556025,136892.29365156233,-0.030000000000000027,-8.728669668075008e-05,0.0,-0.04111776160984732,-0.040527761609845725,0.0005899999999999994,8.728669668075008e-05,0.0,0.0737333265677266,0.033205564957880886
2025-06-12,2025-06-13,2025-06-13,2025-06-26,10,ExtraTreesDeep,4949.82,-0.016537975118287,0.0216209882379561,1.0,1.0,0.0,0.0,,-0.0061661969107575,0.3810223626608489,0.365787107427483,0.0530216329273384,0.5763804189169068,-0.5233587859895683,0.243539837291603,0,0,0,0,1,2025-06-06,2015,2025-06-05,120,120,120,120,120,120,120,1436,0.0268398735385151,0.094765943799971,0.160945771306475,0.045246789101544,0.127223657618527,0.0784282423746522,0.0105474082467931,0.0225164676335203,0.8046223993249525,0.4684308577377001,0.0,0.0,0.0,0.0,1.0,0.0,0.0,0.0,0.1922389768805888,1.0,ml_big_up_index_enhancement,0.97,ADJUST,0.0,0.0,-0.0160418358647383,-0.016537975118287,0.0004961392535487025,129640.44643988436,134628.37230526755,-0.0160418358647382,-0.016537975118287,-0.016537975118287,134628.37230526755,-0.030000000000000027,0.0004961392535486105,0.0,-0.04062162235629862,-0.04003162235629711,0.0005899999999999994,0.0,0.0004961392535486105,0.0737333265677266,0.0337017042114295
2025-06-13,2025-06-16,2025-06-16,2025-06-27,10,ExtraTreesDeep,4867.96,0.0136155597005727,0.0476565132006014,1.0,1.0,1.0,0.0,1.0,-0.0069926711661493,0.3817966582090071,0.3386460577278398,0.0921771794435481,0.5750732114449362,-0.482896032001388,0.2535373872921049,0,0,0,0,1,2025-06-06,2015,2025-06-05,120,120,120,120,120,120,120,1436,-0.0003326775615145,0.0728522942654383,0.1195010498283248,0.0243852191445872,0.1063995558001109,0.0800620070680147,0.0115595559025171,0.0225379380027839,1.059737345967477,0.5128932336706775,-0.016537975118287,-0.016537975118287,-0.016537975118287,-0.016537975118287,1.0,0.0,0.0,0.0,0.268204055012323,1.0,ml_big_up_index_enhancement,0.97,ADJUST,0.0,0.0,0.0132070929095555,0.0136155597005727,-0.00040846679101719935,131352.61986085217,136461.41294578084,-0.0030466089718882,-0.003147589205264,0.0136155597005727,136461.41294578084,-0.030000000000000027,-0.00040846679101718135,0.0,-0.04103008914731582,-0.04044008914731429,0.0005899999999999994,0.00040846679101718135,0.0,0.07414179335874378,0.0337017042114295
2025-06-16,2025-06-17,2025-06-17,2025-06-30,10,ExtraTreesDeep,4934.24,-0.0029143292584066,0.0494767177924058,1.0,1.0,1.0,0.0,1.0,-0.0049760153722685,0.3557767990891403,0.3295289115821284,0.094141041139212,0.5743899149913572,-0.4802488738521451,0.2465987794483821,0,0,0,0,1,2025-06-06,2015,2025-06-05,120,120,120,120,120,120,120,1436,-0.0006582291812237,0.0808092313353718,0.1231565217985108,0.0343179173866694,0.1191700489822886,0.082036799488119,0.0117653939434649,0.0225622178419903,1.0332511041409893,0.5214644245464405,-0.003147589205264,-0.003147589205264,-0.003147589205264,-0.003147589205264,1.0,0.0,0.0,0.0,0.2602287294644208,1.0,ml_big_up_index_enhancement,0.97,ADJUST,0.0,0.0,-0.0028268993806544,-0.0029143292584066,8.742987775220033e-05,130981.29922112018,136063.71945738944,-0.0058648958955269,-0.0060527453523563,-0.0029143292584066,136063.71945738944,-0.030000000000000027,8.742987775219808e-05,0.0,-0.04094265926956362,-0.040352659269562094,0.0005899999999999994,0.0,8.742987775219808e-05,0.07414179335874378,0.033789134089181695
2025-06-17,2025-06-18,2025-06-18,2025-07-01,10,ExtraTreesDeep,4919.86,-0.005878216046798,0.0590768843015858,1.0,1.0,1.0,0.0,1.0,-0.0065312234972932,0.3727276400649463,0.3409793277605182,0.0782179276407497,0.5936660831331657,-0.515448155492416,0.2651155513255755,0,0,0,0,1,2025-06-06,2015,2025-06-05,120,120,120,120,120,120,120,1436,0.0045061139820203,0.0603923563364556,0.1103172167256445,0.0282837278561314,0.1138501586659046,0.0832128608980038,0.0114867750083957,0.0225557632017804,1.0025344174275432,0.5092611988180931,-0.0060527453523562,-0.0060527453523562,-0.0060527453523562,0.0019877772613604,1.0,0.0,0.0,0.0,0.2553950056657517,1.0,ml_big_up_index_enhancement,0.97,ADJUST,0.0,0.0,-0.005701869565394,-0.005878216046798,0.00017634648140399996,130234.4609374555,135263.907518288,-0.0115333245895101,-0.0118953820542968,-0.005878216046798,135263.907518288,-0.030000000000000027,0.00017634648140394014,0.0,-0.04076631278815962,-0.040176312788158156,0.0005899999999999994,0.0,0.00017634648140394014,0.07414179335874378,0.033965480570585634
2025-06-18,2025-06-19,2025-06-19,2025-07-02,10,ExtraTreesDeep,4890.94,-0.0226950238604439,0.0679910201310995,1.0,1.0,1.0,0.0,1.0,-0.0052522683512036,0.365102904440206,0.366120097077789,0.0706634182718448,0.5994603693592325,-0.5287969510873878,0.2349693071678233,0,0,0,0,1,2025-06-06,2015,2025-06-05,120,120,120,120,120,120,120,1436,-0.0090204357851143,0.0361919531536341,0.1090239970250308,0.0204175730955291,0.1052974249259717,0.0831814877246301,0.0111288274497144,0.0225621198382855,0.9994852514588052,0.4932527408541637,-0.0118953820542969,-0.0118953820542969,-0.0118953820542969,-0.0114842419811019,1.0,0.0,0.0,0.0,0.2574232538240918,1.0,ml_big_up_index_enhancement,0.97,ADJUST,0.0,0.0,-0.0220141731446305,-0.0226950238604439,0.0006808507158133983,127367.45696498072,132194.0899097036,-0.033293601129694,-0.0343204399351892,-0.0226950238604439,132194.0899097036,-0.030000000000000027,0.0006808507158133176,0.0,-0.04008546207234622,-0.03949546207234484,0.0005899999999999994,0.0,0.0006808507158133176,0.07414179335874378,0.03464633128639895
2025-06-19,2025-06-20,2025-06-20,2025-07-03,10,ExtraTreesDeep,4779.94,-0.0027008707222265,0.0998108762871501,1.0,1.0,1.0,0.0,1.0,-0.0090397574211529,0.408925285972571,0.3671009910218363,0.1314160542172412,0.6718015548051585,-0.5403855005879172,0.2506551336996807,0,0,0,0,1,2025-06-06,2015,2025-06-05,120,120,120,120,120,120,120,1436,-0.0343204399351896,0.0204955656989629,0.0796683253411274,-0.0037385285200099,0.0787795419756016,0.082827724305174,0.0122548961202391,0.0227841502208619,1.1396209592111728,0.5378693522226737,-0.0343204399351896,-0.0343204399351896,-0.0343204399351896,-0.0343204399351896,0.75,0.0,0.0,0.0,0.3111934236640153,1.0,ml_big_up_index_enhancement,0.97,ADJUST,0.0,0.0,-0.0026198446005597,-0.0027008707222265,8.10261216668e-05,127033.774020564,131837.05076261508,-0.0358262216691008,-0.036928615586021,-0.0027008707222265,131837.05076261508,-0.030000000000000027,8.102612166679508e-05,0.0,-0.04000443595067942,-0.03941443595067805,0.0005899999999999994,0.0,8.102612166679508e-05,0.07414179335874378,0.03472735740806574
2025-06-20,2025-06-23,2025-06-23,2025-07-04,10,ExtraTreesDeep,4767.03,0.0253407257768463,0.0898211255226,1.0,1.0,1.0,0.0,1.0,-0.0144507495272985,0.3721175148361361,0.3317010466874575,0.119162596973341,0.6980119389313731,-0.5788493419580321,0.2069426412933564,0,0,0,0,1,2025-06-06,2015,2025-06-05,120,120,120,120,120,120,120,1436,-0.0207335310889983,0.0328799119446707,0.0906913159369888,-0.0079980821833145,0.0742641954413878,0.0829255227709184,0.011726616263179,0.0227137738060934,1.1004749378711358,0.5162777600626252,-0.0369286155860213,-0.0369286155860213,-0.0369286155860213,-0.0203906404677343,0.75,0.0,0.0,0.0,0.2833964223606612,1.0,ml_big_up_index_enhancement,0.97,ADJUST,0.0,0.0,0.0245805040035409,0.0253407257768463,-0.0007602217733054008,130156.3282114614,135177.8973132187,-0.012126344250729,-0.0125236877300584,0.0253407257768463,135177.8973132187,-0.030000000000000027,-0.0007602217733053897,0.0,-0.040764657723984826,-0.04017465772398344,0.0005899999999999994,0.0007602217733053897,0.0,0.07490201513204917,0.03472735740806574
2025-06-23,2025-06-24,2025-06-24,2025-07-07,10,ExtraTreesDeep,4887.83,0.0265537058367415,0.0806083681306428,1.0,1.0,1.0,0.0,1.0,0.0014313373078678,0.346904589849434,0.3893090502099089,0.130604735391254,0.6422154859063779,-0.5116107505151238,0.2666877675030236,0,0,0,0,1,2025-06-06,2015,2025-06-05,120,120,120,120,120,120,120,1436,-0.0094057038165958,0.0692405459266598,0.1643096199425924,0.0138011804100997,0.0986405461236603,0.0836844219092758,0.0125360630629677,0.0222578106852749,1.3769844110075529,0.563220850434371,-0.0125236877300588,-0.0125236877300588,-0.0125236877300588,-0.0093760985247948,1.0,0.0,0.0,0.0,0.3314355690968062,1.0,ml_big_up_index_enhancement,0.97,ADJUST,0.0,0.0,0.0257570946616392,0.0265537058367415,-0.0007966111751022999,133508.77707801538,138767.37143410317,0.0,0.0,0.0265537058367415,138767.37143410317,-0.030000000000000027,-0.0007966111751022457,0.0,-0.04156126889908712,-0.040971268899085686,0.0005899999999999994,0.0007966111751022457,0.0,0.0756986263071514,0.03472735740806574
2025-06-24,2025-06-25,2025-06-25,2025-07-08,10,ExtraTreesDeep,5017.62,0.0057497379235573,0.0611425337112017,1.0,1.0,1.0,0.0,1.0,0.0025635822536506,0.3818385271893142,0.3998425454818665,0.1812603618646282,0.5552478365345713,-0.3739874746699431,0.3109899253792348,0,0,0,0,1,2025-06-06,2015,2025-06-05,120,120,120,120,120,120,120,1436,0.0198704841194667,0.0838573381921239,0.1979543940656418,0.0365482189459749,0.1243213059786021,0.0846782478888248,0.01342617261876,0.022456756380602,1.588360123538384,0.597867848375354,0.0,0.0,0.0,0.0060527453523562,1.0,0.0,0.0,0.0,0.3712059740569606,1.0,ml_big_up_index_enhancement,0.97,ADJUST,0.0,0.0,0.0055772457858505,0.0057497379235573,-0.00017249213770679974,134253.38834234778,139565.24745219015,0.0,0.0,0.0057497379235573,139565.24745219015,-0.030000000000000027,-0.00017249213770671913,0.0,-0.04173376103679392,-0.0411437610367924,0.0005899999999999994,0.00017249213770671913,0.0,0.07587111844485812,0.03472735740806574
2025-06-25,2025-06-26,2025-06-26,2025-07-09,10,ExtraTreesDeep,5046.47,0.0020549017431987,0.0563958569059162,1.0,1.0,1.0,0.0,1.0,-0.0004364345971141,0.3422327350535549,0.3740241607453638,0.1563928953633326,0.5866327857349012,-0.4302398903715685,0.2723340227895667,0,0,0,0,1,2025-06-06,2015,2025-06-05,120,120,120,120,120,120,120,1436,0.0317996131622961,0.079699013256425,0.1767722227404162,0.0385122300384632,0.1275935616069372,0.0857778358230552,0.0133704286042953,0.0222966455048992,1.539460293952054,0.5996609939085891,0.0,0.0,0.0,0.0118953820542969,1.0,0.0,0.0,0.0,0.3614260081396946,1.0,ml_big_up_index_enhancement,0.97,ADJUST,0.0,0.0,0.0019932546909027,0.0020549017431987,-6.164705229600017e-05,134520.98953843076,139852.04032246966,0.0,0.0,0.0020549017431987,139852.04032246966,-0.030000000000000027,-6.164705229596106e-05,0.0,-0.04179540808908992,-0.04120540808908837,0.0005899999999999994,6.164705229596106e-05,0.0,0.07593276549715408,0.03472735740806574
2025-06-26,2025-06-27,2025-06-27,2025-07-10,10,ExtraTreesDeep,5056.84,0.0085250868131085,0.0581806029061626,1.0,1.0,1.0,0.0,1.0,-0.0083375500372743,0.3093223274660418,0.3308487026178906,0.1279521526425915,0.5927320572149258,-0.4647799045723343,0.2487446885449039,0,0,0,0,1,2025-06-06,2015,2025-06-05,120,120,120,120,120,120,120,1436,0.0579295974426459,0.0865437918720428,0.1875645818851334,0.0363512151074743,0.1265599154685743,0.0870445260700012,0.0132409524172866,0.0222582012663257,1.0286628941220015,0.5948797146209105,0.0,0.0,0.0,0.0343204399351896,1.0,0.0,0.0,0.0,0.2582021202626195,1.0,ml_big_up_index_enhancement,0.97,ADJUST,0.0,0.0,0.0082693342087152,0.0085250868131085,-0.00025575260439330075,135633.38855901116,141044.29110720908,0.0,0.0,0.0085250868131085,141044.29110720908,-0.030000000000000027,-0.0002557526043932552,0.0,-0.04205116069348322,-0.04146116069348162,0.0005899999999999994,0.0002557526043932552,0.0,0.07618851810154734,0.03472735740806574
2025-06-27,2025-06-30,2025-06-30,2025-07-11,10,ExtraTreesDeep,5099.95,0.0153766213394248,0.0494397003892195,1.0,1.0,1.0,0.0,1.0,-0.0101859570285255,0.3245965266944947,0.3295531139407642,0.1019211380787722,0.5780769598671072,-0.4761558217883349,0.2395119503242359,0,0,0,0,1,2025-06-06,2015,2025-06-05,120,120,120,120,120,120,120,1436,0.0698380333247326,0.0742503870498898,0.2250366313564409,0.0414244948097242,0.1322254731472334,0.0871892093858415,0.012757667314705,0.0220153182285826,0.8991185535093542,0.5794904794127239,0.0,0.0,0.0,0.0369286155860213,1.0,0.0,0.0,0.0,0.23229325214009,1.0,ml_big_up_index_enhancement,0.97,ADJUST,0.0,0.0,0.014915322699242,0.0153766213394248,-0.0004612986401828015,137656.4043181605,143213.07576365225,0.0,0.0,0.0153766213394248,143213.07576365225,-0.030000000000000027,-0.00046129864018274445,0.0,-0.04251245933366602,-0.04192245933366437,0.0005899999999999994,0.00046129864018274445,0.0,0.07664981674173008,0.03472735740806574
2025-06-30,2025-07-01,2025-07-01,2025-07-14,10,ExtraTreesDeep,5178.37,0.006206586242389,0.0472774251357086,1.0,1.0,1.0,0.0,1.0,-0.0195681966992273,0.322216596288879,0.3424699308468096,0.1059554578319803,0.6007373904438507,-0.4947819326118703,0.2465205058138286,0,0,0,0,1,2025-06-06,2015,2025-06-05,120,120,120,120,120,120,120,1436,0.0594415108545101,0.1030246874134663,0.2596467500370958,0.0522417569109139,0.1451126444528916,0.0882600285837549,0.0125155962520056,0.0219627271025169,0.7712058512646951,0.5698562019910244,0.0,0.0,0.0,0.0125236877300588,1.0,0.0,0.0,0.0,0.2039329046579087,1.0,ml_big_up_index_enhancement,0.97,ADJUST,0.0,0.0,0.0060203886551173,0.006206586242389,-0.0001861975872717008,138485.1493730218,144101.94006941715,0.0,0.0,0.006206586242389,144101.94006941715,-0.030000000000000027,-0.00018619758727167018,0.0,-0.04269865692093772,-0.04210865692093604,0.0005899999999999994,0.00018619758727167018,0.0,0.07683601432900175,0.03472735740806574
2025-07-01,2025-07-02,2025-07-02,2025-07-15,10,ExtraTreesDeep,5210.51,0.0024891997136555,0.0258515961009575,1.0,1.0,0.0,0.0,1.0,-0.0176654931348957,0.3394368762935602,0.366923730841671,0.1021796044170175,0.6247162465489514,-0.522536642131934,0.2467033573074977,0,0,0,0,1,2025-06-06,2015,2025-06-05,120,120,120,120,120,120,120,1436,0.0384425285294622,0.0962778592483342,0.2414518561581662,0.0538729173889001,0.147932414768853,0.0892512710289556,0.012398684248266,0.0218532271502302,0.3980800244528069,0.5673617064899018,0.0,0.0,0.0,0.0,1.0,0.0,0.0,0.0,0.1293077392955311,1.0,ml_big_up_index_enhancement,0.97,ADJUST,0.0,0.0,0.0024145237222458,0.0024891997136555,-7.467599140969974e-05,138819.52505136174,144460.63857737515,0.0,0.0,0.0024891997136555,144460.63857737515,-0.030000000000000027,-7.467599140966506e-05,0.0,-0.042773332912347424,-0.0421833329123457,0.0005899999999999994,7.467599140966506e-05,0.0,0.07691069032041141,0.03472735740806574
2025-07-02,2025-07-03,2025-07-03,2025-07-16,10,ExtraTreesDeep,5223.48,0.0064229211177222,0.0361502293490165,1.0,1.0,1.0,0.0,1.0,-0.0191895956482969,0.3703104229864943,0.3708036514748663,0.1064112255042268,0.621444466031667,-0.5150332405274403,0.2261162149934504,0,0,0,0,1,2025-06-06,2015,2025-06-05,120,120,120,120,120,120,120,1436,0.0350760036223338,0.0848484093259729,0.2393774023632133,0.0521492146064288,0.1465425323508709,0.0897147632997579,0.0122473596920053,0.0218539006354242,0.4432870485883973,0.5604198489011563,0.0,0.0,0.0,0.0,1.0,0.0,0.0,0.0,0.1383491441226492,1.0,ml_big_up_index_enhancement,0.97,ADJUST,0.0,0.0,0.0062302334841905,0.0064229211177222,-0.00019268763353169974,139684.40310459616,145388.49786357343,0.0,0.0,0.0064229211177222,145388.49786357343,-0.030000000000000027,-0.00019268763353166618,0.0,-0.04296602054587913,-0.04237602054587737,0.0005899999999999994,0.00019268763353166618,0.0,0.07710337795394308,0.03472735740806574
2025-07-03,2025-07-04,2025-07-04,2025-07-17,10,ExtraTreesDeep,5257.03,-0.0117594915760419,0.0373575954483806,1.0,1.0,1.0,0.0,1.0,-0.0203905053886725,0.4050291845837165,0.3909423472167873,0.0702925747444503,0.6056261411374476,-0.5353335663929972,0.214163037556938,0,0,0,0,1,2025-06-06,2015,2025-06-05,120,120,120,120,120,120,120,1436,0.0395879640249641,0.0905705703213815,0.2462378387604544,0.0542714042496099,0.1495385417387582,0.0903630100419501,0.0122359893045969,0.0218529334217294,0.3888883650417943,0.5599243391475346,0.0,0.0,0.0,0.0,1.0,0.0,0.0,0.0,0.1274694074133286,1.0,ml_big_up_index_enhancement,0.97,ADJUST,0.0,0.0,-0.0114067068287606,-0.0117594915760419,0.00035278474728130116,138091.0640698316,143678.80304769333,-0.0114067068287607,-0.011759491576042,-0.0117594915760419,143678.80304769333,-0.030000000000000027,0.0003527847472812573,0.0,-0.042613235798597826,-0.04202323579859611,0.0005899999999999994,0.0,0.0003527847472812573,0.07710337795394308,0.035080142155347
2025-07-04,2025-07-07,2025-07-07,2025-07-18,10,ExtraTreesDeep,5195.21,0.0166730507525201,0.0543962611713482,1.0,1.0,1.0,0.0,1.0,-0.0112337607757487,0.3457580464409677,0.4037253283133791,0.2422824737828728,0.5903533439013318,-0.3480708701184589,0.3544447866372895,0,0,0,0,1,2025-07-04,2035,2025-07-03,120,120,120,120,120,120,120,1453,0.0186786144962205,0.0668702434296182,0.4170442116288395,0.0384828808169679,0.1297253964942093,0.0878613575271085,0.0126674193497024,0.0130274028460901,0.7799875640095062,0.9723672092864082,-0.0117594915760419,-0.0117594915760419,-0.0117594915760419,-0.0117594915760419,1.0,0.0,0.0,0.0,0.2284810184160898,1.0,ml_big_up_index_enhancement,0.97,ADJUST,0.0,0.0,0.0161728592299444,0.0166730507525201,-0.0005001915225756985,140324.39140994626,146074.3670229689,0.0,0.0,0.0166730507525201,146074.3670229689,-0.030000000000000027,-0.0005001915225756034,0.0,-0.04311342732117353,-0.04252342732117172,0.0005899999999999994,0.0005001915225756034,0.0,0.07760356947651868,0.035080142155347
2025-07-07,2025-07-08,2025-07-08,2025-07-21,10,ExtraTreesDeep,5281.83,0.0080615998621689,0.0564103729199916,1.0,1.0,1.0,0.0,1.0,-0.0189346455175767,0.3192491474339512,0.3544979080670046,0.1338646772613838,0.6328152229579489,-0.498950545696565,0.3290114101981676,0,0,0,0,1,2025-07-04,2035,2025-07-03,120,120,120,120,120,120,120,1453,0.0199792598829362,0.069739888080786,0.4269007269809624,0.0521764438359342,0.1420208776870759,0.0853891325713345,0.0128018177847465,0.013092966765915,0.8023230557956859,0.9777629481252144,0.0,0.0,0.0,0.0,1.0,0.0,0.0,0.0,0.2305962184581174,1.0,ml_big_up_index_enhancement,0.97,ADJUST,0.0,0.0,0.0078197518663038,0.0080615998621689,-0.00024184799586510035,141421.69333156213,147251.96012002765,0.0,0.0,0.0080615998621689,147251.96012002765,-0.030000000000000027,-0.0002418479958650672,0.0,-0.04335527531703863,-0.042765275317036784,0.0005899999999999994,0.0002418479958650672,0.0,0.07784541747238374,0.035080142155347
2025-07-08,2025-07-09,2025-07-09,2025-07-22,10,ExtraTreesDeep,5324.41,0.001250842816387,0.0483771910878387,1.0,1.0,1.0,0.0,1.0,-0.0212009953970753,0.3384451697013079,0.3477475429197664,0.124403564528716,0.6160279263275329,-0.4916243617988168,0.3229943980822529,0,0,0,0,1,2025-07-04,2035,2025-07-03,120,120,120,120,120,120,120,1453,0.02185966440905,0.0871045920711177,0.3904685549537503,0.0561707040331347,0.1450577201715075,0.0841597061904342,0.0125446199412299,0.0125531819782847,0.8292946021044382,0.999317938904279,0.0,0.0,0.0,0.0,1.0,0.0,0.0,0.0,0.2339803970664387,1.0,ml_big_up_index_enhancement,0.97,ADJUST,0.0,0.0,0.0012133175318953,0.001250842816387,-3.7525284491700004e-05,141593.28275147165,147436.1491765427,0.0,0.0,0.001250842816387,147436.1491765427,-0.030000000000000027,-3.752528449161003e-05,0.0,-0.04339280060153033,-0.04280280060152839,0.0005899999999999994,3.752528449161003e-05,0.0,0.07788294275687535,0.035080142155347
2025-07-09,2025-07-10,2025-07-10,2025-07-23,10,ExtraTreesDeep,5331.07,0.0037478404898079,0.0435709904390677,1.0,1.0,1.0,0.0,1.0,-0.0192009410271871,0.3354970192776126,0.365878280301375,0.1288698556623679,0.5955042291892375,-0.4666343735268695,0.3419984133300192,0,0,0,0,1,2025-07-04,2035,2025-07-03,120,120,120,120,120,120,120,1453,0.0205973795247613,0.0801566621956211,0.3439051136292019,0.053358705027968,0.1409112060577857,0.0831174609483986,0.0125345420974315,0.0119139719591766,0.8356012560269386,1.0520875943288557,0.0,0.0,0.0,0.0,1.0,0.0,0.0,0.0,0.2352417278509387,1.0,ml_big_up_index_enhancement,0.97,ADJUST,0.0,0.0,0.0036354052751136,0.0037478404898079,-0.00011243521469430024,142108.031718507,147988.71634608792,0.0,0.0,0.0037478404898079,147988.71634608792,-0.030000000000000027,-0.0001124352146942371,0.0,-0.043505235816224626,-0.04291523581622263,0.0005899999999999994,0.0001124352146942371,0.0,0.0779953779715696,0.035080142155347
2025-07-10,2025-07-11,2025-07-11,2025-07-24,10,ExtraTreesDeep,5351.05,0.000194354379047,0.0532325431457376,1.0,1.0,1.0,0.0,1.0,-0.0205658928394157,0.3422223559727644,0.368879865279786,0.1250616883729881,0.6051268448225952,-0.480065156449607,0.3484563979456162,0,0,0,0,1,2025-07-04,2035,2025-07-03,120,120,120,120,120,120,120,1453,0.0178846230666365,0.0810595132752303,0.3389407678757306,0.0531319903910232,0.139680719864262,0.0821822243203376,0.0125323262433743,0.0119106274868511,0.829493969956103,1.0521969776327476,0.0,0.0,0.0,0.0,1.0,0.0,0.0,0.0,0.2340202706367716,1.0,ml_big_up_index_enhancement,0.97,ADJUST,0.0,0.0,0.0001885237476755,0.000194354379047,-5.8306313714999935e-06,142134.82245722137,148017.47860115932,0.0,0.0,0.000194354379047,148017.47860115932,-0.030000000000000027,-5.830631371410005e-06,0.0,-0.04351106644759613,-0.04292106644759404,0.0005899999999999994,5.830631371410005e-06,0.0,0.078001208602941,0.035080142155347
2025-07-11,2025-07-14,2025-07-14,2025-07-25,10,ExtraTreesDeep,5352.09,0.0132845299686663,0.0598663325915669,1.0,1.0,1.0,0.0,1.0,-0.0170647267675647,0.3767701394945242,0.4003383662653386,0.0988647461949666,0.5778972135795775,-0.4790324673846108,0.3726043108758053,0,0,0,0,1,2025-07-04,2035,2025-07-03,120,120,120,120,120,120,120,1453,0.0301970468951207,0.0994523373240536,0.3041409189262949,0.0483423218883711,0.1348740011354201,0.0825414346443442,0.0116155508591532,0.0115709784261774,0.5767091645126483,1.0038520885040183,0.0,0.0,0.0,0.0117594915760419,1.0,0.0,0.0,0.0,0.1618288157685089,1.0,ml_big_up_index_enhancement,0.97,ADJUST,0.0,0.0,0.0128859940696063,0.0132845299686663,-0.00039853589906000027,143966.37093648966,149983.82123152286,0.0,0.0,0.0132845299686663,149983.82123152286,-0.030000000000000027,-0.00039853589905998937,0.0,-0.043909602346656126,-0.04331960234665403,0.0005899999999999994,0.00039853589905998937,0.0,0.07839974450200099,0.035080142155347
2025-07-14,2025-07-15,2025-07-15,2025-07-28,10,ExtraTreesDeep,5423.19,-0.0143789909628834,0.0567931420437048,1.0,1.0,1.0,0.0,1.0,-0.0180681912257425,0.3842319403324611,0.4145725498161821,0.0822235439556105,0.5954371562101108,-0.5132136122545004,0.3706159379487361,0,0,0,0,1,2025-07-04,2035,2025-07-03,120,120,120,120,120,120,120,1453,0.0267634513038093,0.0990932747495054,0.3120091931776942,0.0572064527297311,0.1447327690737516,0.0827901836183706,0.0116025802740671,0.0116215545769917,0.4646376508237981,0.9983673180038972,0.0,0.0,0.0,0.0,1.0,0.0,0.0,0.0,0.1394145130307389,1.0,ml_big_up_index_enhancement,0.97,ADJUST,0.0,0.0,-0.0139476212339968,-0.0143789909628834,0.00043136972888659954,141958.38252423442,147827.20522145607,-0.0139476212339968,-0.0143789909628834,-0.0143789909628834,147827.20522145607,-0.030000000000000027,0.00043136972888650234,0.0,-0.04347823261776953,-0.04288823261776753,0.0005899999999999994,0.0,0.00043136972888650234,0.07839974450200099,0.0355115118842335
2025-07-15,2025-07-16,2025-07-16,2025-07-29,10,ExtraTreesDeep,5345.21,0.0125532953803499,0.0689364870603772,1.0,1.0,1.0,0.0,1.0,-0.0104947127796123,0.4219719535107502,0.4498590136952666,0.2137133211738382,0.5932174715801395,-0.3795041504063012,0.3675938248863403,0,0,0,0,1,2025-07-04,2035,2025-07-03,120,120,120,120,120,120,120,1453,0.0039065361232513,0.0864557121544109,0.3194465700673892,0.0377026534732505,0.123159257375403,0.0823517253387802,0.0122678651748228,0.0114435098769099,0.8105633425095421,1.0720369280736373,-0.0143789909628834,-0.0143789909628834,-0.0143789909628834,-0.0143789909628834,1.0,0.0,0.0,0.0,0.2318416149865836,1.0,ml_big_up_index_enhancement,0.97,ADJUST,0.0,0.0,0.0121766965189394,0.0125532953803499,-0.0003765988614105008,143686.96666655154,149682.92379385262,-0.0019407606659848,-0.0020061993033618,0.0125532953803499,149682.92379385262,-0.030000000000000027,-0.0003765988614104973,0.0,-0.043854831479180026,-0.04326483147917803,0.0005899999999999994,0.0003765988614104973,0.0,0.0787763433634115,0.0355115118842335
2025-07-16,2025-07-17,2025-07-17,2025-07-30,10,ExtraTreesDeep,5412.31,0.007595647699411,0.05504304077187,1.0,1.0,1.0,0.0,1.0,-0.0136272621784176,0.4157541759998627,0.4300638961032304,0.1237558697319194,0.6182843769511815,-0.494528507219262,0.3612960524889145,0,0,0,0,1,2025-07-04,2035,2025-07-03,120,120,120,120,120,120,120,1453,0.0152389670366364,0.1065991404515289,0.319460934052673,0.0454384254265733,0.1320634348697118,0.0828599823158333,0.0121607091123845,0.0114436380799761,0.9262200697608838,1.0626611071930985,-0.0020061993033618,-0.0020061993033618,-0.0020061993033618,-0.0020061993033618,1.0,0.0,0.0,0.0,0.2510288480932481,1.0,ml_big_up_index_enhancement,0.97,ADJUST,0.0,0.0,0.0073677782684286,0.007595647699411,-0.00022786943098240028,144745.6203770138,150819.86254960852,0.0,0.0,0.007595647699411,150819.86254960852,-0.030000000000000027,-0.0002278694309823302,0.0,-0.04408270091016243,-0.04349270091016036,0.0005899999999999994,0.0002278694309823302,0.0,0.07900421279439382,0.0355115118842335
2025-07-17,2025-07-18,2025-07-18,2025-07-31,10,ExtraTreesDeep,5453.42,0.0044724228099064,0.0329334619376464,1.0,1.0,0.0,0.0,1.0,-0.0244230071451483,0.3219089512612131,0.3170635715301548,0.0821472183638849,0.6602826488625285,-0.5781354304986436,0.2919670514509098,0,0,0,0,1,2025-07-04,2035,2025-07-03,120,120,120,120,120,120,120,1453,0.0191308247913961,0.1408971660732143,0.3309237163420353,0.0465718344359904,0.1352957098196971,0.0847757148285202,0.0102461372491866,0.0114242013683655,1.1175341924028763,0.8968799585027376,0.0,0.0,0.0,0.0,1.0,0.0,0.0,0.0,0.2657166767958632,1.0,ml_big_up_index_enhancement,0.97,ADJUST,0.0,0.0,0.0043382501256092,0.0044724228099064,-0.00013417268429719974,145373.56308279576,151494.39274306234,0.0,0.0,0.0044724228099064,151494.39274306234,-0.030000000000000027,-0.00013417268429719213,0.0,-0.044216873594459624,-0.04362687359445755,0.0005899999999999994,0.00013417268429719213,0.0,0.07913838547869101,0.0355115118842335
2025-07-18,2025-07-21,2025-07-21,2025-08-01,10,ExtraTreesDeep,5477.81,0.0186151034811354,0.0461096679147323,1.0,1.0,1.0,0.0,1.0,-0.0244345940985461,0.35352583276504,0.3365714399330452,0.0566520025443992,0.6703366463044892,-0.6136846437600899,0.2935882352784248,0,0,0,0,1,2025-07-04,2035,2025-07-03,120,120,120,120,120,120,120,1453,0.023489888996635,0.1491033200965801,0.3195154382398142,0.0441312280975965,0.1351489577217985,0.0871707762155873,0.0100242873654292,0.0113719363519097,1.1240051070120067,0.881493446254279,0.0,0.0,0.0,0.0,1.0,0.0,0.0,0.0,0.2663356420371326,1.0,ml_big_up_index_enhancement,0.97,ADJUST,0.0,0.0,0.0180566503767013,0.0186151034811354,-0.0005584531044341007,147998.52268539713,154314.4765407862,0.0,0.0,0.0186151034811354,154314.4765407862,-0.030000000000000027,-0.0005584531044340625,0.0,-0.044775326698893725,-0.04418532669889161,0.0005899999999999994,0.0005584531044340625,0.0,0.07969683858312507,0.0355115118842335
2025-07-21,2025-07-22,2025-07-22,2025-08-04,10,ExtraTreesDeep,5579.78,0.0003960729634502,0.0419335529357789,1.0,1.0,1.0,0.0,1.0,-0.0256158874033189,0.3017246230781027,0.2905762665988159,0.0787800426416085,0.6831137042216174,-0.6043336615800089,0.277902002780033,0,0,0,0,1,2025-07-04,2035,2025-07-03,120,120,120,120,120,120,120,1453,0.0288741497163109,0.1415658891573561,0.3368072525850749,0.0565999148816507,0.1506928076251734,0.0890525272795066,0.0094751362993016,0.0115128918066559,1.316081028591946,0.8230022880805521,0.0,0.0,0.0,0.0,1.0,0.0,0.0,0.0,0.3047508263531205,1.0,ml_big_up_index_enhancement,0.97,ADJUST,0.0,0.0,0.0003841907745466,0.0003960729634502,-1.1882188903600017e-05,148055.38235245942,154375.596332813,0.0,0.0,0.0003960729634502,154375.596332813,-0.030000000000000027,-1.1882188903506011e-05,0.0,-0.044787208887797324,-0.04419720888779512,0.0005899999999999994,1.1882188903506011e-05,0.0,0.07970872077202858,0.0355115118842335
2025-07-22,2025-07-23,2025-07-23,2025-08-05,10,ExtraTreesDeep,5581.99,-0.0033393108909187,0.0555303753679243,1.0,1.0,1.0,0.0,1.0,-0.0254483373778319,0.297845119811992,0.2709106356160679,0.0562725764678797,0.6414227979934375,-0.5851502215255577,0.2632199616806679,0,0,0,0,1,2025-07-04,2035,2025-07-03,120,120,120,120,120,120,120,1453,0.0442976047713747,0.1124776288359818,0.3277838434439664,0.0514002276468277,0.1457220689207861,0.0897106913178658,0.0083234960105267,0.0115235234907776,0.8520775846962279,0.7223047722502657,0.0,0.0,0.0,0.0143789909628834,1.0,0.0,0.0,0.0,0.2119501375739769,1.0,ml_big_up_index_enhancement,0.97,ADJUST,0.0,0.0,-0.0032391315641911,-0.0033393108909187,0.00010017932672759999,147575.81149023317,153860.08822268678,-0.0032391315641912,-0.0033393108909186,-0.0033393108909187,153860.08822268678,-0.030000000000000027,0.0001001793267275611,0.0,-0.04468702956106972,-0.044097029561067556,0.0005899999999999994,0.0,0.0001001793267275611,0.07970872077202858,0.03561169121096106
2025-07-23,2025-07-24,2025-07-24,2025-08-06,10,ExtraTreesDeep,5563.35,0.0130407038924387,0.0656510915185992,1.0,1.0,1.0,0.0,1.0,-0.0276988926817894,0.2685646189405632,0.2787508413209904,0.0767759410785471,0.670894478605936,-0.5941185375273889,0.2587887363602175,0,0,0,0,1,2025-07-04,2035,2025-07-03,120,120,120,120,120,120,120,1453,0.0279067533086612,0.1024240706870347,0.3337688647015813,0.0428129999465787,0.1364835737419016,0.0898249003417883,0.0085471689833228,0.0114548141348143,0.9817112191200188,0.7461639169984922,-0.0033393108909187,-0.0033393108909187,-0.0033393108909187,-0.0013331115875568,1.0,0.0,0.0,0.0,0.2393795543596485,1.0,ml_big_up_index_enhancement,0.97,ADJUST,0.0,0.0,0.0126494827756655,0.0130407038924387,-0.0003912211167731994,149442.56917578375,155866.53207406335,0.0,0.0,0.0130407038924387,155866.53207406335,-0.030000000000000027,-0.00039122111677316137,0.0,-0.04507825067784292,-0.04448825067784072,0.0005899999999999994,0.00039122111677316137,0.0,0.08009994188880173,0.03561169121096106
2025-07-24,2025-07-25,2025-07-25,2025-08-07,10,ExtraTreesDeep,5635.9,0.0064940825777604,0.0517628062953565,1.0,1.0,1.0,0.0,1.0,-0.0314164150959544,0.2185430897336425,0.2156758436530867,0.0436754024400896,0.7008545689933582,-0.6571791665532685,0.2320375967742187,0,0,0,0,1,2025-07-04,2035,2025-07-03,120,120,120,120,120,120,120,1453,0.0334615709041297,0.1145102475063477,0.3522124997900626,0.0507097636830529,0.1455784869172349,0.0902901319786337,0.0087047599008035,0.0114781155596323,1.039714590436872,0.7583788345377465,0.0,0.0,0.0,0.0,1.0,0.0,0.0,0.0,0.2503123664448354,1.0,ml_big_up_index_enhancement,0.97,ADJUST,0.0,0.0,0.0062992601004275,0.0064940825777604,-0.00019482247733290051,150383.94678909818,156878.74220446148,0.0,0.0,0.0064940825777604,156878.74220446148,-0.030000000000000027,-0.00019482247733281218,0.0,-0.04527307315517582,-0.04468307315517353,0.0005899999999999994,0.00019482247733281218,0.0,0.08029476436613454,0.03561169121096106
2025-07-25,2025-07-28,2025-07-28,2025-08-08,10,ExtraTreesDeep,5672.5,0.0103464081092992,0.0551573380343763,1.0,1.0,1.0,0.0,1.0,-0.0346752592531385,0.2127804930154054,0.2190944485375215,0.0438272248650376,0.7101800599913258,-0.6663528351262882,0.2289984086399433,0,0,0,0,1,2025-07-04,2035,2025-07-03,120,120,120,120,120,120,120,1453,0.0355415759217643,0.112265806527515,0.3782990489797306,0.0519189941707276,0.146968348829622,0.0903580553118785,0.0086790694953588,0.0112423408324892,1.03403098783159,0.7719984320593754,0.0,0.0,0.0,0.0,1.0,0.0,0.0,0.0,0.249175645923779,1.0,ml_big_up_index_enhancement,0.97,ADJUST,0.0,0.0,0.0100360158660202,0.0103464081092992,-0.000310392243278999,151893.20246506832,158501.87369498235,0.0,0.0,0.0103464081092992,158501.87369498235,-0.030000000000000027,-0.0003103922432789763,0.0,-0.04558346539845482,-0.044993465398452503,0.0005899999999999994,0.0003103922432789763,0.0,0.08060515660941352,0.03561169121096106
2025-07-28,2025-07-29,2025-07-29,2025-08-11,10,ExtraTreesDeep,5731.19,-0.0030534670810076,0.0620185336727625,1.0,1.0,1.0,0.0,1.0,-0.0343674483564045,0.2328658232926769,0.2109521995314443,0.04309096404466,0.7097891761905705,-0.6666982121459104,0.2407862695827252,0,0,0,0,1,2025-07-04,2035,2025-07-03,120,120,120,120,120,120,120,1453,0.0271354784597241,0.1067556007006065,0.363510703596732,0.0573826468245945,0.1528989892000021,0.0903328068247106,0.0084435096400629,0.0110676342255085,0.8064366393829859,0.7629010381100622,0.0,0.0,0.0,0.0,1.0,0.0,0.0,0.0,0.2036567762340582,1.0,ml_big_up_index_enhancement,0.97,ADJUST,0.0,0.0,-0.0029618630685773,-0.0030534670810076,9.160401243030018e-05,151443.31559831908,158017.8934413767,-0.0029618630685773,-0.0030534670810075,-0.0030534670810076,158017.8934413767,-0.030000000000000027,9.160401243022808e-05,0.0,-0.04549186138602452,-0.04490186138602228,0.0005899999999999994,0.0,9.160401243022808e-05,0.08060515660941352,0.03570329522339129
2025-07-29,2025-07-30,2025-07-30,2025-08-12,10,ExtraTreesDeep,5713.69,-0.0006073133124127,0.061849697830999,1.0,1.0,1.0,0.0,1.0,-0.0342001622873459,0.244106800269381,0.2403324808778126,0.0670307638672138,0.7027149639317903,-0.6356842000645765,0.2421545909123956,0,0,0,0,1,2025-07-04,2035,2025-07-03,120,120,120,120,120,120,120,1453,0.0235937362840132,0.0965702013814384,0.3411945588770348,0.049283463403611,0.1438045596250319,0.0900815647230524,0.0086324694010337,0.0110641340481004,0.8772949277591338,0.7802209701640284,-0.0030534670810076,-0.0030534670810076,-0.0030534670810076,-0.0030534670810076,1.0,0.0,0.0,0.0,0.2192024940957412,1.0,ml_big_up_index_enhancement,0.97,ADJUST,0.0,0.0,-0.0005890939130403,-0.0006073133124127,1.8219399372400042e-05,151354.10126292947,157921.92707109035,-0.0035492121661127,-0.0036589259822129,-0.0006073133124127,157921.92707109035,-0.030000000000000027,1.8219399372381018e-05,0.0,-0.045473641986652116,-0.044883641986649896,0.0005899999999999994,0.0,1.8219399372381018e-05,0.08060515660941352,0.03572151462276367
2025-07-30,2025-07-31,2025-07-31,2025-08-13,10,ExtraTreesDeep,5710.22,-0.0135196192090671,0.0594425433696073,1.0,1.0,1.0,0.0,1.0,-0.0297070749980418,0.3001533462894377,0.3075898049662935,0.0969930317668544,0.6729549803194704,-0.575961948552616,0.2795146626944608,0,0,0,0,1,2025-07-04,2035,2025-07-03,120,120,120,120,120,120,120,1453,0.0263995614153342,0.0931830886688569,0.2999339813781958,0.0439803187125347,0.1381069844456068,0.0901613412110602,0.0087008619431969,0.0105388540192385,0.7951700542286659,0.8255984879678181,-0.0036589259822129,-0.0036589259822129,-0.0036589259822129,-0.0003196150912941,1.0,0.0,0.0,0.0,0.2030504394979919,1.0,ml_big_up_index_enhancement,0.97,ADJUST,0.0,0.0,-0.013114030632795,-0.0135196192090671,0.00040558857627210135,149369.23894256825,155786.88275232713,-0.016616698321839,-0.0171290779052863,-0.0135196192090671,155786.88275232713,-0.030000000000000027,0.00040558857627201336,0.0,-0.04506805341038002,-0.04447805341037788,0.0005899999999999994,0.0,0.00040558857627201336,0.08060515660941352,0.036127103199035684
2025-07-31,2025-08-01,2025-08-01,2025-08-14,10,ExtraTreesDeep,5633.02,0.0172855768309005,0.0465913488679252,1.0,1.0,1.0,0.0,1.0,-0.0137630668719923,0.3882100595689023,0.3872443260692836,0.2324662994496559,0.5689817796788569,-0.3365154802292009,0.34938261349071,0,0,0,0,1,2025-07-04,2035,2025-07-03,120,120,120,120,120,120,120,1453,-0.0005110097766105,0.0715213723338084,0.2670487518500692,0.0263385261663466,0.1183097944703583,0.0896110454389249,0.0095684220867484,0.0107403628572763,0.9659031529517148,0.8908844341572696,-0.0171290779052865,-0.0171290779052865,-0.0171290779052865,-0.0171290779052865,1.0,0.0,0.0,0.0,0.2607709944294831,1.0,ml_big_up_index_enhancement,0.97,ADJUST,0.0,0.0,0.0167670095259734,0.0172855768309005,-0.000518567304927102,151873.71439480572,158479.748883389,-0.000128301134918,-0.00013958706656,0.0172855768309005,158479.748883389,-0.030000000000000027,-0.0005185673049270155,0.0,-0.04558662071530712,-0.0449966207153049,0.0005899999999999994,0.0005185673049270155,0.0,0.08112372391434053,0.036127103199035684
2025-08-01,2025-08-04,2025-08-04,2025-08-15,10,ExtraTreesDeep,5730.39,0.0145487479909744,0.037688534288242,1.0,1.0,1.0,0.0,1.0,0.0213836565264267,0.797166388995644,0.7955134644442361,0.702827371894086,0.1797552623177343,0.5230721095763516,0.8198728740212146,1,1,1,1,0,2025-08-01,2055,2025-07-31,120,120,120,120,120,120,120,1473,0.0102053768179815,0.1030141226244945,0.266975318877974,0.0390136678113173,0.1331132206923635,0.0905662319912183,0.0093311920409825,0.0107391246939612,1.2865280852414034,0.8688968893553882,-0.0001395870665602,-0.0001395870665602,-0.0001395870665602,-0.0001395870665602,1.0,0.0,0.0,0.0,0.3010582098256651,1.0,ml_big_up_index_enhancement,1.0,ADJUST,0.03,3.0000000000000028e-05,0.0145187479909744,0.0145487479909744,-3.0000000000000512e-05,154078.7305805571,160785.43081156633,0.0,0.0,0.0145487479909744,160785.43081156633,0.0,0.0,3e-05,-0.04561662071530712,-0.0449966207153049,0.0006199999999999993,-0.0,0.0,0.08112372391434053,0.036127103199035684
2025-08-04,2025-08-05,2025-08-05,2025-08-18,10,ExtraTreesDeep,5813.76,0.0134508476442096,0.0328186922060766,1.0,1.0,0.0,0.0,1.0,0.0123735388556988,0.7216328466479446,0.7477503574458826,0.6805974363036327,0.1996191999841131,0.4809782363195196,0.7317445879275529,1,1,1,1,0,2025-08-01,2055,2025-07-31,120,120,120,120,120,120,120,1473,0.01440713010736,0.1007094132147381,0.2937377747414753,0.0490709952105063,0.1446192846779179,0.0910789545260841,0.0092019910110216,0.0107348859687664,1.39590014283861,0.8572043557607563,0.0,0.0,0.0,0.0,1.0,0.0,0.0,0.0,0.3229047039317944,1.0,ml_big_up_index_enhancement,1.0,ADJUST,0.0,0.0,0.0134508476442096,0.0134508476442096,0.0,156151.22011080943,162948.13114482132,0.0,0.0,0.0134508476442096,162948.13114482132,0.0,0.0,0.0,-0.04561662071530712,-0.0449966207153049,0.0006199999999999993,-0.0,0.0,0.08112372391434053,0.036127103199035684
2025-08-05,2025-08-06,2025-08-06,2025-08-19,10,ExtraTreesDeep,5891.96,0.0062169464830039,0.0349951459276709,1.0,1.0,0.0,0.0,1.0,0.0155683619447638,0.676412569060831,0.781104030078612,0.663932476149601,0.2000204585658042,0.4639120175837967,0.7353542443647307,1,1,1,1,0,2025-08-01,2055,2025-07-31,120,120,120,120,120,120,120,1473,0.0312005026524015,0.1065939700361167,0.2983376229594894,0.0577654821779127,0.1548847444837724,0.0918154959130386,0.0093782231578444,0.010776007665664,1.3906575436769169,0.8702873502704154,0.0,0.0,0.0,0.0030534670810076,1.0,0.0,0.0,0.0,0.3218561840994558,1.0,ml_big_up_index_enhancement,1.0,ADJUST,0.0,0.0,0.0062169464830039,0.0062169464830039,0.0,157122.00388949408,163961.17095565418,0.0,0.0,0.0062169464830039,163961.17095565418,0.0,0.0,0.0,-0.04561662071530712,-0.0449966207153049,0.0006199999999999993,-0.0,0.0,0.08112372391434053,0.036127103199035684
2025-08-06,2025-08-07,2025-08-07,2025-08-20,10,ExtraTreesDeep,5928.59,-0.0001619272036015,0.0362396455143634,1.0,1.0,0.0,0.0,1.0,0.0149553696618968,0.5965379296449078,0.6624177119948852,0.6609406612193064,0.2102569466528278,0.4506837145664785,0.6610540740747856,1,1,1,1,0,2025-08-01,2055,2025-07-31,120,120,120,120,120,120,120,1473,0.038241959153938,0.1120825650385384,0.3085690826139642,0.0586633633752144,0.1567815340782616,0.0926811809093197,0.0093360680448986,0.0107487471357606,1.338120922640677,0.8685726742829387,0.0,0.0,0.0,0.0036589259822129,1.0,0.0,0.0,0.0,0.3113488598922078,1.0,ml_big_up_index_enhancement,1.0,ADJUST,0.0,0.0,-0.0001619272036015,-0.0001619272036015,0.0,157096.56156278,163934.6211817421,-0.0001619272036014,-0.0001619272036014,-0.0001619272036015,163934.6211817421,0.0,-0.0,0.0,-0.04561662071530712,-0.0449966207153049,0.0006199999999999993,0.0,0.0,0.08112372391434053,0.036127103199035684
2025-08-07,2025-08-08,2025-08-08,2025-08-21,10,ExtraTreesDeep,5927.63,0.0097425109192037,0.0423660046257947,1.0,1.0,1.0,0.0,1.0,0.0164944012917645,0.5951171564793717,0.6768703799162423,0.6670504773730069,0.172400831633143,0.4946496457398639,0.6696203947875835,1,1,1,1,0,2025-08-01,2055,2025-07-31,120,120,120,120,120,120,120,1473,0.052300542160333,0.1077508152605564,0.3110309973791012,0.0530707598287409,0.1513289586274246,0.0933063594080449,0.0094123818934852,0.0107319612189718,0.7566714344980027,0.8770421082817604,-0.0001619272036015,-0.0001619272036015,-0.0001619272036015,0.0169671507016849,1.0,0.0,0.0,0.0,0.1951318295052936,1.0,ml_big_up_index_enhancement,1.0,ADJUST,0.0,0.0,0.0097425109192037,0.0097425109192037,0.0,158627.07652917475,165531.75601864076,0.0,0.0,0.0097425109192037,165531.75601864076,0.0,0.0,0.0,-0.04561662071530712,-0.0449966207153049,0.0006199999999999993,-0.0,0.0,0.08112372391434053,0.036127103199035684
2025-08-08,2025-08-11,2025-08-11,2025-08-22,10,ExtraTreesDeep,5985.38,0.0169162191874199,0.0276791114348629,1.0,1.0,0.0,0.0,1.0,0.0149614167524044,0.5832489506901926,0.6526735503863151,0.658435197686356,0.2200872088636982,0.4383479888226578,0.6621607296627178,1,1,1,1,0,2025-08-01,2055,2025-07-31,120,120,120,120,120,120,120,1473,0.0444978439512842,0.1183257381695748,0.3191210825582935,0.0573821745163403,0.1571219297416071,0.0943270632218564,0.0093887547437289,0.0107516431892915,0.6358298006058274,0.8732390555036267,0.0,0.0,0.0,0.0001395870665602,1.0,0.0,0.0,0.0,0.1709311172861383,1.0,ml_big_up_index_enhancement,1.0,ADJUST,0.0,0.0,0.0169162191874199,0.0169162191874199,0.0,161310.44692480192,168331.9274859306,0.0,0.0,0.0169162191874199,168331.9274859306,0.0,0.0,0.0,-0.04561662071530712,-0.0449966207153049,0.0006199999999999993,-0.0,0.0,0.08112372391434053,0.036127103199035684
2025-08-11,2025-08-12,2025-08-12,2025-08-25,10,ExtraTreesDeep,6086.63,-0.0032119580128905,0.013270068987272,1.0,1.0,0.0,0.0,,0.0133926708836766,0.5502870801218454,0.6575034148043888,0.6408944223338291,0.2739297477955514,0.3669646745382777,0.6163967864964469,1,1,1,1,0,2025-08-01,2055,2025-07-31,120,120,120,120,120,120,120,1473,0.0469352020035227,0.1223339031086869,0.3332318435509451,0.0690045104827032,0.1709562871561227,0.0953707638028429,0.009577424731891,0.0108657606297721,0.6895217135487236,0.8814315958377498,0.0,0.0,0.0,0.0,1.0,0.0,0.0,0.0,0.1816694998747175,1.0,ml_big_up_index_enhancement,1.0,ADJUST,0.0,0.0,-0.0032119580128905,-0.0032119580128905,0.0,160792.32454223884,167791.25240261684,-0.0032119580128905,-0.0032119580128905,-0.0032119580128905,167791.25240261684,0.0,-0.0,0.0,-0.04561662071530712,-0.0449966207153049,0.0006199999999999993,0.0,0.0,0.08112372391434053,0.036127103199035684
2025-08-12,2025-08-13,2025-08-13,2025-08-26,10,ExtraTreesDeep,6067.08,-0.0028728811883146,0.0262333775061478,1.0,1.0,0.0,0.0,1.0,0.0141575990303581,0.6357065293486119,0.7844719371746022,0.5488498347611458,0.2702373250545125,0.2786125097066332,0.7456716031388811,1,1,1,1,0,2025-08-01,2055,2025-07-31,120,120,120,120,120,120,120,1473,0.0297218582610878,0.1350498857855913,0.3076561644603268,0.0588586397851245,0.1618775146630762,0.0972923778558934,0.0086143002188705,0.0108098003852692,0.9286831870673504,0.7968972517392064,-0.0032119580128905,-0.0032119580128905,-0.0032119580128905,-0.0032119580128905,1.0,0.0,0.0,0.0,0.2098524279435228,1.0,ml_big_up_index_enhancement,1.0,ADJUST,0.0,0.0,-0.0028728811883146,-0.0028728811883146,0.0,160330.38729783607,167309.20807002563,-0.0060756116274521,-0.0060756116274521,-0.0028728811883146,167309.20807002563,0.0,-0.0,0.0,-0.04561662071530712,-0.0449966207153049,0.0006199999999999993,0.0,0.0,0.08112372391434053,0.036127103199035684
2025-08-13,2025-08-14,2025-08-14,2025-08-27,10,ExtraTreesDeep,6049.65,-0.0254857719041596,-0.0085029712462704,0.0,0.0,0.0,0.0,0.0,0.0250185748030286,0.6918029758202153,0.8313043898337704,0.6020444320471302,0.257369545007898,0.3446748870392322,0.8092276162711814,1,1,1,1,0,2025-08-01,2055,2025-07-31,120,120,120,120,120,120,120,1473,0.0204196950708346,0.1177574824797542,0.2816756389151948,0.049977116117005,0.1536440160932162,0.0987325327237502,0.0087232426490852,0.0107186544980415,1.019460161307164,0.8138374691225609,-0.0060756116274524,-0.0060756116274524,-0.0060756116274524,-0.0060756116274524,1.0,0.0,0.0,0.0,0.2292987738114765,1.0,ml_big_up_index_enhancement,1.0,ADJUST,0.0,0.0,-0.0254857719041596,-0.0254857719041596,0.0,156244.24361785784,163045.2037556874,-0.0314065418794964,-0.0314065418794962,-0.0254857719041596,163045.2037556874,0.0,-0.0,0.0,-0.04561662071530712,-0.0449966207153049,0.0006199999999999993,0.0,0.0,0.08112372391434053,0.036127103199035684
2025-08-14,2025-08-15,2025-08-15,2025-08-28,10,ExtraTreesDeep,5895.47,0.0086320513886084,0.0132423708372699,1.0,1.0,0.0,0.0,,0.0257051780112134,0.7834257780778696,0.8149597072127305,0.8513245133460369,0.1804143654468641,0.6709101478991728,0.8078085241137308,1,1,1,1,0,2025-08-01,2055,2025-07-31,120,120,120,120,120,120,120,1473,-0.0054254398469539,0.0810592252201372,0.2586561740756714,0.0193074638911669,0.1199301437129103,0.0987167104983417,0.0111322236087487,0.0112850157593599,1.4514762937623238,0.9864606169925372,-0.0314065418794965,-0.0314065418794965,-0.0314065418794965,-0.031244614675895,1.0,0.0,0.0,0.0,0.3446396293289572,1.0,ml_big_up_index_enhancement,1.0,ADJUST,0.0,0.0,0.0086320513886084,0.0086320513886084,0.0,157592.95195794146,164452.6183331726,-0.0230455933743302,-0.02304559337433,0.0086320513886084,164452.6183331726,0.0,0.0,0.0,-0.04561662071530712,-0.0449966207153049,0.0006199999999999993,-0.0,0.0,0.08112372391434053,0.036127103199035684
2025-08-15,2025-08-18,2025-08-18,2025-08-29,10,ExtraTreesDeep,5946.36,0.0097875002522553,-0.0026722230070159,0.0,0.0,0.0,0.0,0.0,0.0109585657229953,0.7056996639025512,0.7818041685141612,0.8711599848471652,0.2293160854637904,0.6418438993833747,0.7913358549098023,1,1,1,1,0,2025-08-01,2055,2025-07-31,120,120,120,120,120,120,120,1473,-0.0065192184957346,0.0855360080031981,0.2884072038966216,0.0239585950402834,0.1248569540411388,0.0985375380309063,0.0111809788653488,0.0110334508527224,1.429262049543046,1.013370976550827,-0.0230455933743303,-0.0230455933743303,-0.0230455933743303,-0.0230455933743303,1.0,0.0,0.0,0.0,0.3385245907840684,1.0,ml_big_up_index_enhancement,1.0,ADJUST,0.0,0.0,0.0097875002522553,0.0097875002522553,0.0,159135.39301498348,166062.1983765926,-0.0134836518730394,-0.0134836518730393,0.0097875002522553,166062.1983765926,0.0,0.0,0.0,-0.04561662071530712,-0.0449966207153049,0.0006199999999999993,-0.0,0.0,0.08112372391434053,0.036127103199035684
2025-08-18,2025-08-19,2025-08-19,2025-09-01,10,ExtraTreesDeep,6004.56,0.0155864876027551,0.0003763806173973,1.0,0.0,0.0,0.0,0.0,0.0094780106593741,0.6032441577789577,0.6810445784158989,0.8489807260943526,0.2416047044333746,0.6073760216609779,0.6587996683128633,1,1,1,1,0,2025-08-01,2055,2025-07-31,120,120,120,120,120,120,120,1473,-0.0134836518730396,0.0761284495087621,0.3135315697250898,0.0302127523777269,0.1307569018417906,0.0975955201796989,0.0107466019011753,0.0109044338611081,1.3190951092499366,0.9855258913994835,-0.0134836518730396,-0.0134836518730396,-0.0134836518730396,-0.0134836518730396,1.0,0.0,0.0,0.0,0.3145788144251884,1.0,ml_big_up_index_enhancement,1.0,ADJUST,0.0,0.0,0.0155864876027551,0.0155864876027551,0.0,161615.75484537106,168650.52477287562,0.0,0.0,0.0155864876027551,168650.52477287562,0.0,0.0,0.0,-0.04561662071530712,-0.0449966207153049,0.0006199999999999993,-0.0,0.0,0.08112372391434053,0.036127103199035684
2025-08-19,2025-08-20,2025-08-20,2025-09-02,10,ExtraTreesDeep,6098.15,0.007426842567008,-0.0239908824807522,0.0,0.0,0.0,1.0,0.0,0.0115832663760638,0.5829294128731379,0.6840644747178501,0.8342668655696893,0.2653337475156651,0.5689331180540242,0.6324333783370469,1,1,1,1,0,2025-08-01,2055,2025-07-31,120,120,120,120,120,120,120,1473,0.0051210796627041,0.0924688148850141,0.3172628909515467,0.041657770032629,0.1431119172390833,0.097396813161847,0.0110315699069304,0.0109468751262537,1.4788876840683864,1.0077368910944788,0.0,0.0,0.0,0.0032119580128905,1.0,0.0,0.0,0.0,0.3438405990142704,1.0,ml_big_up_index_enhancement,1.0,ADJUST,0.0,0.0,0.007426842567008,0.007426842567008,0.0,162816.0496129558,169903.06566920708,0.0,0.0,0.007426842567008,169903.06566920708,0.0,0.0,0.0,-0.04561662071530712,-0.0449966207153049,0.0006199999999999993,-0.0,0.0,0.08112372391434053,0.036127103199035684
2025-08-20,2025-08-21,2025-08-21,2025-09-03,10,ExtraTreesDeep,6143.44,0.0057492219342909,-0.0563706978500644,0.0,0.0,0.0,1.0,0.0,0.0062687968355251,0.5504008466077397,0.6576328749989435,0.8111377196340235,0.292196846888926,0.5189408727450975,0.6316374462670793,1,1,1,1,0,2025-08-01,2055,2025-07-31,120,120,120,120,120,120,120,1473,0.0155033762283769,0.1042699093172276,0.3143972134977619,0.0442204971258797,0.1463388389400124,0.0977938491872205,0.0108912110267101,0.0109336679517148,1.4996488800240717,0.9961168635089162,0.0,0.0,0.0,0.0060756116274524,1.0,0.0,0.0,0.0,0.3471580104826777,1.0,ml_big_up_index_enhancement,1.0,ADJUST,0.0,0.0,0.0057492219342909,0.0057492219342909,0.0,163752.11521664524,170879.87610105574,0.0,0.0,0.0057492219342909,170879.87610105574,0.0,0.0,0.0,-0.04561662071530712,-0.0449966207153049,0.0006199999999999993,-0.0,0.0,0.08112372391434053,0.036127103199035684
2025-08-21,2025-08-22,2025-08-22,2025-09-04,10,ExtraTreesDeep,6178.76,-0.0044847186166804,-0.052787290653788,0.0,0.0,0.0,1.0,0.0,0.0113255617261508,0.540510234753179,0.6594970062372483,0.7961262591163898,0.2202223867973183,0.5759038723190715,0.6371366902775056,1,1,1,1,0,2025-08-01,2055,2025-07-31,120,120,120,120,120,120,120,1473,0.0480521485140286,0.0963217942121046,0.327606433952291,0.0454009075325676,0.1474883440630168,0.0976538625467653,0.0107297201025414,0.0108720175738616,0.3494264075865897,0.9869115856046544,0.0,0.0,0.0,0.0314065418794965,1.0,0.0,0.0,0.0,0.1171135159951814,1.0,ml_big_up_index_enhancement,1.0,ADJUST,0.0,0.0,-0.0044847186166804,-0.0044847186166804,0.0,163017.73305701234,170113.52793948932,-0.0044847186166804,-0.0044847186166802,-0.0044847186166804,170113.52793948932,0.0,-0.0,0.0,-0.04561662071530712,-0.0449966207153049,0.0006199999999999993,0.0,0.0,0.08112372391434053,0.036127103199035684
2025-08-22,2025-08-25,2025-08-25,2025-09-05,10,ExtraTreesDeep,6151.05,0.0026580827663569,-0.0333357719413759,0.0,0.0,0.0,1.0,0.0,0.0090608071628057,0.5895045229425405,0.688290119736866,0.8228552838996392,0.2543137794834911,0.5685415044161481,0.6604739109994606,1,1,1,1,0,2025-08-01,2055,2025-07-31,120,120,120,120,120,120,120,1473,0.0344227392892459,0.0843631555751431,0.2956534560658881,0.0365163895820754,0.1374007525287439,0.097330214901228,0.0109104577998939,0.010748719083932,0.6719153356954004,1.015047254905346,-0.0044847186166804,-0.0044847186166804,-0.0044847186166804,0.0185608747576498,1.0,0.0,0.0,0.0,0.1836294249944497,1.0,ml_big_up_index_enhancement,1.0,ADJUST,0.0,0.0,0.0026580827663569,0.0026580827663569,0.0,163451.04768386175,170565.70377642944,-0.0018385566035905,-0.0018385566035903,0.0026580827663569,170565.70377642944,0.0,0.0,0.0,-0.04561662071530712,-0.0449966207153049,0.0006199999999999993,-0.0,0.0,0.08112372391434053,0.036127103199035684
2025-08-25,2025-08-26,2025-08-26,2025-09-08,10,ExtraTreesDeep,6167.4,0.0095404870772124,-0.0166634238090604,0.0,0.0,0.0,1.0,0.0,0.008003748497448,0.5401062480672594,0.6443954830487519,0.8256361556343191,0.244142656660249,0.5814934989740701,0.6331224520848444,1,1,1,1,0,2025-08-01,2055,2025-07-31,120,120,120,120,120,120,120,1473,0.027119389264159,0.0761115928803617,0.3136941657613905,0.0354658903946409,0.1352714510111921,0.0963871060769685,0.0108143519751179,0.010557594728517,0.6751231372258708,1.024319672539365,-0.0018385566035904,-0.0018385566035904,-0.0018385566035904,0.0116450952694492,1.0,0.0,0.0,0.0,0.1837417528979258,1.0,ml_big_up_index_enhancement,1.0,ADJUST,0.0,0.0,0.0095404870772124,0.0095404870772124,0.0,165010.45029204647,172192.9836691241,0.0,0.0,0.0095404870772124,172192.9836691241,0.0,0.0,0.0,-0.04561662071530712,-0.0449966207153049,0.0006199999999999993,-0.0,0.0,0.08112372391434053,0.036127103199035684
2025-08-26,2025-08-27,2025-08-27,2025-09-09,10,ExtraTreesDeep,6226.24,-0.0366240299121138,-0.030437310479519,0.0,0.0,0.0,1.0,0.0,0.0067083716269864,0.5423174285589447,0.648590423720181,0.8051278672089213,0.2413821547101358,0.5637457124987855,0.6183060916190036,1,1,1,1,0,2025-08-01,2055,2025-07-31,120,120,120,120,120,120,120,1473,0.0210047309429908,0.0897056018089885,0.3099848303460406,0.0408662160655335,0.1409453263741078,0.0961498305583139,0.0107651133883468,0.0105282700413535,0.5069523239192845,1.022495941504444,0.0,0.0,0.0,0.0,1.0,0.0,0.0,0.0,0.1489765121456385,1.0,ml_big_up_index_enhancement,1.0,ADJUST,0.0,0.0,-0.0366240299121138,-0.0366240299121138,0.0,158967.1026247392,165886.58268456996,-0.0366240299121137,-0.0366240299121138,-0.0366240299121138,165886.58268456996,0.0,-0.0,0.0,-0.04561662071530712,-0.0449966207153049,0.0006199999999999993,0.0,0.0,0.08112372391434053,0.036127103199035684
2025-08-27,2025-08-28,2025-08-28,2025-09-10,10,ExtraTreesDeep,5998.21,-0.0041128936799478,0.0126904526517077,1.0,1.0,0.0,0.0,,-0.0038123009518776,0.6146006895535183,0.6566139882129896,0.7367392520534862,0.3184146727371233,0.4183245793163629,0.5990396441902263,1,1,1,1,0,2025-08-01,2055,2025-07-31,120,120,120,120,120,120,120,1473,-0.0236398499863268,0.0504341338862599,0.2457496874312037,0.0003374644868034,0.0952014037368469,0.0948319368391454,0.0141272643580996,0.011733778467529,1.3172908526511802,1.2039825361620864,-0.0366240299121138,-0.0366240299121138,-0.0366240299121138,-0.0366240299121138,1.0,0.0,0.0,0.0,0.3448732030243658,1.0,ml_big_up_index_enhancement,0.88,ADJUST,0.12,0.00012,-0.003739346438354,-0.0041128936799478,0.00037354724159379977,158372.66955572393,165204.30880705846,-0.0402264264146576,-0.0405862928509018,-0.0041128936799478,165204.30880705846,-0.12,0.0004935472415937359,0.00012,-0.04524307347371332,-0.044503073473711165,0.0007399999999999993,0.0,0.0004935472415937359,0.08112372391434053,0.03662065044062942
2025-08-28,2025-08-29,2025-08-29,2025-09-11,10,ExtraTreesDeep,5973.54,-0.0072101300066627,0.0243908971899409,1.0,1.0,0.0,0.0,,-0.0469292937628706,0.6551277041735522,0.670250289474856,0.7144990084042985,0.3328042903191693,0.3816947180851291,0.6461125569877888,1,1,1,1,0,2025-08-01,2055,2025-07-31,120,120,120,120,120,120,120,1473,-0.0332137839954942,0.0604506996247127,0.2392105284994732,-0.0065975549674985,0.0868830431187126,0.0941014374925892,0.0137143406157283,0.0117730226423499,1.2932792611845267,1.164895459080757,-0.0405862928509019,-0.0405862928509019,-0.0405862928509019,-0.0405862928509019,0.75,0.0,0.0,0.0,0.3210116559365129,1.0,ml_big_up_index_enhancement,0.88,ADJUST,0.0,0.0,-0.0063449144058631,-0.0072101300066627,0.0008652156007996001,157367.8085231648,164013.1642628987,-0.0463161075880661,-0.0475037904096212,-0.0072101300066627,164013.1642628987,-0.12,0.000865215600799524,0.0,-0.04437785787291372,-0.04363785787291164,0.0007399999999999993,0.0,0.000865215600799524,0.08112372391434053,0.03748586604142894
2025-08-29,2025-09-01,2025-09-01,2025-09-12,10,ExtraTreesDeep,5930.47,0.0128741904098661,0.0279944085376031,1.0,1.0,0.0,0.0,1.0,-0.0415480725766528,0.632561666577063,0.6844679468300855,0.5807437849357789,0.2504955482113336,0.3302482367244453,0.7324758896499928,1,1,1,1,0,2025-08-29,2075,2025-08-28,120,120,120,120,120,120,120,1491,-0.0358605441347411,0.0349155991128002,0.2178606779229421,-0.0153981680718268,0.0755861623597109,0.0924072325290727,0.0134657175521714,0.0118233377021131,1.3142166786123528,1.1389100008337547,-0.0475037904096211,-0.0475037904096211,-0.0475037904096211,-0.0430190717929407,0.75,0.0,0.0,0.0,0.3283851714354876,1.0,ml_big_up_index_enhancement,0.88,ADJUST,0.0,0.0,0.0113292875606821,0.0128741904098661,-0.001544902849184,159150.6736787181,166124.70096934392,-0.0355115485289407,-0.0352411728426789,0.0128741904098661,166124.70096934392,-0.12,-0.0015449028491839318,0.0,-0.04592276072209772,-0.04518276072209557,0.0007399999999999993,0.0015449028491839318,0.0,0.08266862676352446,0.03748586604142894
2025-09-01,2025-09-02,2025-09-02,2025-09-15,10,ExtraTreesDeep,6006.82,-0.0091512647290911,0.0155539869681462,1.0,1.0,0.0,0.0,,-0.0320148828007108,0.6356403360308769,0.7361277630329354,0.6057547949742417,0.2468942895491797,0.358860505425062,0.7438648923937893,1,1,1,1,0,2025-08-29,2075,2025-08-28,120,120,120,120,120,120,120,1491,-0.0260369037195576,0.0332074251431087,0.2165736031870444,-0.004317928640757,0.085923393374566,0.0906326674057023,0.0133872832240566,0.0118078747416678,1.4640601128284974,1.133758912331223,-0.0352411728426786,-0.0352411728426786,-0.0352411728426786,-0.0334026162390882,0.75,0.0,0.0,0.0,0.355901334765328,1.0,ml_big_up_index_enhancement,0.88,ADJUST,0.0,0.0,-0.0080531129616001,-0.0091512647290911,0.001098151767491,157869.01532566862,164604.44985273236,-0.043278682978796,-0.044069936269723,-0.0091512647290911,164604.44985273236,-0.12,0.0010981517674909318,0.0,-0.04482460895460672,-0.04408460895460464,0.0007399999999999993,0.0,0.0010981517674909318,0.08266862676352446,0.038584017808919874
2025-09-02,2025-09-03,2025-09-03,2025-09-16,10,ExtraTreesDeep,5951.85,-0.025995278778867,0.0406092223426328,1.0,1.0,1.0,0.0,1.0,-0.0263237034320641,0.6431735191031187,0.6949305859413448,0.5961238415024853,0.2572320375279449,0.3388918039745404,0.7181731272598004,1,1,1,1,0,2025-08-29,2075,2025-08-28,120,120,120,120,120,120,120,1491,-0.0440699362697228,0.010164699013571,0.215211350425396,-0.0139191340295273,0.0725794016194461,0.0877195153399961,0.0132986646058913,0.0118268772804863,1.339112278313042,1.124444288251252,-0.0440699362697228,-0.0440699362697228,-0.0440699362697228,-0.0440699362697228,0.75,0.0,0.0,0.0,0.3524653367299186,1.0,ml_big_up_index_enhancement,0.88,ADJUST,0.0,0.0,-0.0228758453254029,-0.025995278778867,0.0031194334534640974,154257.62814940495,160325.51129056857,-0.0651644918464888,-0.0689196047694915,-0.025995278778867,160325.51129056857,-0.12,0.0031194334534640398,0.0,-0.041705175501142625,-0.0409651755011406,0.0007399999999999993,0.0,0.0031194334534640398,0.08266862676352446,0.041703451262383916
2025-09-03,2025-09-04,2025-09-04,2025-09-17,10,ExtraTreesDeep,5797.13,0.0095685278750001,0.0670676696917267,1.0,1.0,1.0,0.0,1.0,-0.0213860320800428,0.6441038043022613,0.6871124048123374,0.538918739901363,0.256003420587724,0.2829153193136389,0.7217678046617428,1,1,1,1,0,2025-08-29,2075,2025-08-28,120,120,120,120,120,120,120,1491,-0.0335233344614476,-0.0221739064431846,0.1745875764366442,-0.038505522456952,0.0420006851251013,0.0837302859895512,0.0144795981344784,0.0124016063813387,0.957220436561356,1.16755827344,-0.0689196047694916,-0.0689196047694916,-0.0689196047694916,-0.0322955748573777,0.5,0.0,0.0,0.0,0.3050557217742519,1.0,ml_big_up_index_enhancement,0.88,ADJUST,0.0,0.0,0.00842030453,0.0095685278750001,-0.0011482233450001,155556.52435449846,161859.59041442603,-0.0572928921823789,-0.0600105360538621,0.0095685278750001,161859.59041442603,-0.12,-0.001148223345000012,0.0,-0.042853398846142726,-0.04211339884614061,0.0007399999999999993,0.001148223345000012,0.0,0.08381685010852448,0.041703451262383916
2025-09-04,2025-09-05,2025-09-05,2025-09-18,10,ExtraTreesDeep,5852.6,0.0159587192017223,0.0356661996377678,1.0,1.0,0.0,0.0,1.0,-0.0067262627343499,0.6628326194160669,0.6841444467348297,0.5487814606367957,0.2350731251081799,0.3137083355286157,0.7436805559779732,1,1,1,1,0,2025-08-29,2075,2025-08-28,120,120,120,120,120,120,120,1491,-0.0202459513119522,-0.0126576726280148,0.182386430213624,-0.0287010814550298,0.0491337243359881,0.0801347600670825,0.0146721367873049,0.0124327104820952,1.0719609008138853,1.1801237395847632,-0.0600105360538623,-0.0600105360538623,-0.0600105360538623,-0.0194242432029603,0.5,0.0,0.0,0.0,0.3261815190807315,1.0,ml_big_up_index_enhancement,0.88,ADJUST,0.0,0.0,0.0140436728975156,0.0159587192017223,-0.0019150463042066981,157741.10929960743,164442.66216795563,-0.0440538219220254,-0.0450095081461683,0.0159587192017223,164442.66216795563,-0.12,-0.0019150463042066758,0.0,-0.044768445150349424,-0.04402844515034729,0.0007399999999999993,0.0019150463042066758,0.0,0.08573189641273116,0.041703451262383916
2025-09-05,2025-09-08,2025-09-08,2025-09-19,10,ExtraTreesDeep,5946.0,0.0199512277161117,0.0108661284897408,1.0,1.0,0.0,0.0,,0.0052281894059137,0.6305468662391667,0.6790289717667993,0.4916916781167277,0.2259248201656389,0.2657668579510888,0.7307798985385386,1,1,1,0,0,2025-08-29,2075,2025-08-28,120,120,120,120,120,120,120,1491,0.0026186794638536,-0.0065793650528453,0.2214562157454045,-0.0128778271956806,0.0624545863650409,0.0763151873558969,0.0149642085368375,0.0122796837499908,1.190444791615152,1.218615140381665,-0.0450095081461684,-0.0450095081461684,-0.0450095081461684,0.0024942822634527,0.5,0.0,0.0,0.0,0.346878091659446,1.0,ml_big_up_index_enhancement,0.88,ADJUST,0.0,0.0,0.0175570803901782,0.0199512277161117,-0.002394147325933498,160510.58263641654,167723.49516711215,-0.0272701980248266,-0.0259562753764709,0.0199512277161117,167723.49516711215,-0.12,-0.002394147325933404,0.0,-0.04716259247628292,-0.046422592476280694,0.0007399999999999993,0.002394147325933404,0.0,0.08812604373866456,0.041703451262383916
2025-09-08,2025-09-09,2025-09-09,2025-09-22,10,ExtraTreesDeep,6064.63,-0.0046004455341877,-0.0153249250160356,0.0,0.0,0.0,1.0,0.0,0.0108288690665357,0.666084424181511,0.7140496290809469,0.5473176250505404,0.2338529414085499,0.3134646836419904,0.7369217736786533,1,1,1,1,0,2025-08-29,2075,2025-08-28,120,120,120,120,120,120,120,1491,0.00962406065106,-0.0036144796052988,0.2290910048963974,0.0070003663778841,0.0800161202017601,0.0725081700680099,0.0151612498050019,0.0123955876843293,1.2697653334176762,1.223116659823153,-0.0259562753764711,-0.0259562753764711,-0.0259562753764711,0.0092848974662075,0.75,0.0,0.0,0.0,0.3589315534660114,1.0,ml_big_up_index_enhancement,0.88,ADJUST,0.0,0.0,-0.0040483920700851,-0.0046004455341877,0.0005520534641026004,159860.77286650654,166951.89236279228,-0.0312081896414784,-0.0304373104795186,-0.0046004455341877,166951.89236279228,-0.12,0.0005520534641025239,0.0,-0.04661053901218032,-0.04587053901217817,0.0007399999999999993,0.0,0.0005520534641025239,0.08812604373866456,0.04225550472648644
2025-09-09,2025-09-10,2025-09-10,2025-09-23,10,ExtraTreesDeep,6036.73,0.0062285376354418,-0.0236551908069433,0.0,0.0,0.0,1.0,0.0,0.0080301736892852,0.6394284558811165,0.6648482609361566,0.5620909095605645,0.2235714852916956,0.3385194242688689,0.7303464816379605,1,1,1,1,0,2025-08-29,2075,2025-08-28,120,120,120,120,120,120,120,1491,0.0142611120911984,-0.0050024064294521,0.2270125572678898,0.0026203493035072,0.0714956078755342,0.0686952530136384,0.0151795584407518,0.0124123214509022,1.2311042037921671,1.2229427428862227,-0.030437310479519,-0.030437310479519,-0.030437310479519,0.0136326257902038,0.75,0.0,0.0,0.0,0.3524426564418435,1.0,ml_big_up_index_enhancement,0.88,ADJUST,0.0,0.0,0.0054811131191887,0.0062285376354418,-0.0007474245162531002,160736.9878459088,167991.75850768216,-0.0258981321399597,-0.0243983527779202,0.0062285376354418,167991.75850768216,-0.12,-0.0007474245162530159,0.0,-0.04735796352843342,-0.046617963528431186,0.0007399999999999993,0.0007474245162530159,0.0,0.08887346825491757,0.04225550472648644
2025-09-10,2025-09-11,2025-09-11,2025-09-24,10,ExtraTreesDeep,6074.33,0.0073934079972606,-0.0087927392815339,0.0,0.0,0.0,0.0,0.0,0.0109741889097064,0.6675086300548231,0.681525939984256,0.547206954073435,0.2208630159812055,0.3263439380922295,0.7523695176887442,1,1,1,1,0,2025-08-29,2075,2025-08-28,120,120,120,120,120,120,120,1491,0.0478167645024347,0.0040795748514377,0.2419555341100074,0.0086584823752566,0.0744081878403553,0.06518529969655,0.0152296671090531,0.0123556973594575,0.6233002180805283,1.2326027957779115,-0.0243983527779205,-0.0243983527779205,-0.0243983527779205,0.044521251991571,1.0,0.0,0.0,0.0,0.2289558474621174,1.0,ml_big_up_index_enhancement,0.88,ADJUST,0.0,0.0,0.0065061990375893,0.0073934079972606,-0.0008872089596712995,161782.7746815369,169233.79011850673,-0.0195604315047746,-0.0171853317572078,0.0073934079972606,169233.79011850673,-0.12,-0.0008872089596712719,0.0,-0.04824517248810472,-0.04750517248810246,0.0007399999999999993,0.0008872089596712719,0.0,0.08976067721458884,0.04225550472648644
2025-09-11,2025-09-12,2025-09-12,2025-09-25,10,ExtraTreesDeep,6119.24,-0.0037177819467777,-0.0249785921127458,0.0,0.0,0.0,1.0,0.0,0.0132462757965452,0.6949665750658369,0.7682175647328049,0.5541262956184454,0.1907461888889456,0.3633801067294998,0.7479627760092451,1,1,1,1,0,2025-08-29,2075,2025-08-28,120,120,120,120,120,120,120,1491,0.0455592386289853,0.0379562613328536,0.280191801570731,0.0142315856190287,0.0780952061029645,0.0629674932130586,0.0140249649315664,0.011867478694875,0.6797857933655681,1.181798197592145,-0.0171853317572081,-0.0171853317572081,-0.0171853317572081,0.0428252042966541,1.0,0.0,0.0,0.0,0.2149389153389429,1.0,ml_big_up_index_enhancement,0.88,ADJUST,0.0,0.0,-0.0032716481131643,-0.0037177819467777,0.00044613383361340013,161253.47837200752,168604.61578881936,-0.0227680847691137,-0.0208392223878294,-0.0037177819467777,168604.61578881936,-0.12,0.00044613383361332396,0.0,-0.04779903865449132,-0.047059038654489134,0.0007399999999999993,0.0,0.00044613383361332396,0.08976067721458884,0.042701638560099765
2025-09-12,2025-09-15,2025-09-15,2025-09-26,10,ExtraTreesDeep,6096.49,0.000616748325676,-0.0175231977744571,0.0,0.0,0.0,1.0,0.0,0.0146099042108855,0.700651975168236,0.7132402259558467,0.5471967238511187,0.1932619600997743,0.3539347637513443,0.7409505373274979,1,1,1,1,0,2025-08-29,2075,2025-08-28,120,120,120,120,120,120,120,1491,0.0253094517322569,0.0252473782280251,0.2788864345305148,0.0092052783020757,0.0699104045454901,0.0601514157214346,0.0139875117435362,0.0118782150230622,0.7139685518178406,1.1775769100305662,-0.0208392223878295,-0.0208392223878295,-0.0208392223878295,0.0241702857583389,1.0,0.0,0.0,0.0,0.2234356906422161,1.0,ml_big_up_index_enhancement,0.88,ADJUST,0.0,0.0,0.0005427385265948,0.000616748325676,-7.400979908120007e-05,161340.99684726744,168708.60240330835,-0.0222377033592999,-0.0202353266176694,0.000616748325676,168708.60240330835,-0.12,-7.400979908112e-05,0.0,-0.047873048453572514,-0.047133048453570255,0.0007399999999999993,7.400979908112e-05,0.0,0.08983468701366996,0.042701638560099765
2025-09-15,2025-09-16,2025-09-16,2025-09-29,10,ExtraTreesDeep,6100.25,0.0152944551452809,-0.0050243842465471,0.0,0.0,0.0,0.0,0.0,0.0139217642853552,0.7013195721053094,0.7511714046662797,0.545282991655411,0.2083435427325821,0.3369394489228289,0.7290323054213481,1,1,1,1,0,2025-08-29,2075,2025-08-28,120,120,120,120,120,120,120,1491,0.0058734003558338,0.0159362218047616,0.2480487250988681,0.0090285330823325,0.0667871756451394,0.0572418327818426,0.0138456555702791,0.0115560949303879,0.3985690601814874,1.1981258075226215,-0.0202353266176696,-0.0202353266176696,-0.0202353266176696,0.0057209487588014,1.0,0.0,0.0,0.0,0.1602350131609135,1.0,ml_big_up_index_enhancement,0.88,ADJUST,0.0,0.0,0.0134591205278471,0.0152944551452809,-0.0018353346174337995,163512.5047699178,171288.9085553888,-0.0090778827612281,-0.0052503597676925,0.0152944551452809,171288.9085553888,-0.12,-0.001835334617433708,0.0,-0.049708383071006314,-0.048968383071003964,0.0007399999999999993,0.001835334617433708,0.0,0.09167002163110367,0.042701638560099765
2025-09-16,2025-09-17,2025-09-17,2025-09-30,10,ExtraTreesDeep,6193.55,-0.0012303121796062,-0.0198351510845961,0.0,0.0,0.0,1.0,0.0,0.01798798004132,0.7534714275849219,0.7759916601698879,0.5244711028479826,0.1375984211306414,0.3868726817173411,0.7550072459579942,1,1,1,1,0,2025-08-29,2075,2025-08-28,120,120,120,120,120,120,120,1491,0.0259776402124991,0.0156440887810238,0.234360114954899,0.0236534174021991,0.079403594026808,0.0544619650331363,0.0138294774688955,0.0112675969614635,0.5217971992861967,1.2273670700322277,-0.0052503597676928,-0.0052503597676928,-0.0052503597676928,0.0251869507118261,1.0,0.0,0.0,0.0,0.18188364761186,1.0,ml_big_up_index_enhancement,0.88,ADJUST,0.0,0.0,-0.0010826747180534,-0.0012303121796062,0.00014763746155280004,163335.47391491782,171078.16972496163,-0.0101507290851226,-0.0064742123657294,-0.0012303121796062,171078.16972496163,-0.12,0.000147637461552744,0.0,-0.04956074560945351,-0.04882074560945122,0.0007399999999999993,0.0,0.000147637461552744,0.09167002163110367,0.04284927602165251
2025-09-17,2025-09-18,2025-09-18,2025-10-09,10,ExtraTreesDeep,6185.93,-0.0201408680667256,-0.0190238169523419,0.0,0.0,0.0,1.0,0.0,0.0166589610696636,0.7272734736828713,0.7748586768366783,0.5319722830573113,0.1563523078337531,0.3756199752235581,0.7308068055262424,1,1,1,1,0,2025-08-29,2075,2025-08-28,120,120,120,120,120,120,120,1491,0.0183723966264592,0.006916320497962,0.2257934754392674,0.0220351352097072,0.0745192263848815,0.0513525312066744,0.0137486364050477,0.0112808219695201,0.559756072792579,1.2187619343870018,-0.0064742123657294,-0.0064742123657294,-0.0064742123657294,0.0179241404121911,1.0,0.0,0.0,0.0,0.1900277708776453,1.0,ml_big_up_index_enhancement,0.88,ADJUST,0.0,0.0,-0.0177239638987185,-0.0201408680667256,0.002416904168007099,160440.52187186974,167632.5068794343,-0.0276947818279906,-0.0264846841753607,-0.0201408680667256,167632.5068794343,-0.12,0.002416904168007072,0.0,-0.04714384144144641,-0.046403841441444146,0.0007399999999999993,0.0,0.002416904168007072,0.09167002163110367,0.04526618018965958
2025-09-18,2025-09-19,2025-09-19,2025-10-10,10,ExtraTreesDeep,6061.34,-0.0083694364612446,0.0093098225804855,1.0,1.0,0.0,0.0,,0.0053621769707431,0.7090057838245165,0.7005479163107153,0.5279397428985224,0.2359782034734338,0.2919615394250886,0.7361362516183667,1,1,1,1,0,2025-08-29,2075,2025-08-28,120,120,120,120,120,120,120,1491,-0.0094619593282825,-0.0190038130628151,0.1986418395677933,0.0024228131423968,0.0498244920424528,0.0472871110658996,0.0144242177358062,0.0116844512483368,0.8758693955939416,1.2344796883687152,-0.0264846841753609,-0.0264846841753609,-0.0264846841753609,-0.0092993524181528,0.75,0.0,0.0,0.0,0.2797877468165256,1.0,ml_big_up_index_enhancement,0.88,ADJUST,0.0,0.0,-0.0073651040858952,-0.0083694364612446,0.001004332375349401,159258.86072868807,166229.51726426772,-0.0348559109630866,-0.0346324587552036,-0.0083694364612446,166229.51726426772,-0.12,0.001004332375349352,0.0,-0.04613950906609701,-0.045399509066094794,0.0007399999999999993,0.0,0.001004332375349352,0.09167002163110367,0.046270512565008935
2025-09-19,2025-09-22,2025-09-22,2025-10-13,10,ExtraTreesDeep,6010.61,-0.0064752163257971,0.0167204327015062,1.0,1.0,0.0,0.0,,0.0031648798844987,0.688733116121028,0.6915107334099013,0.5315652669643175,0.2550515846041385,0.276513682360179,0.7277503466132769,1,1,1,1,0,2025-08-29,2075,2025-08-28,120,120,120,120,120,120,120,1491,-0.014086794204534,-0.0228318742328546,0.1785625349268129,-0.0048111916085453,0.0383085752388536,0.0433282272507611,0.0145015571940601,0.0117546557638588,0.8946407481688984,1.2336862504002095,-0.0346324587552038,-0.0346324587552038,-0.0346324587552038,-0.0137932363673742,0.5,0.0,0.0,0.0,0.3036427517086266,1.0,ml_big_up_index_enhancement,0.88,ADJUST,0.0,0.0,-0.0056981903667014,-0.0064752163257971,0.0007770259590957002,158351.373422672,165153.14518024877,-0.0403554857137156,-0.0408834224186664,-0.0064752163257971,165153.14518024877,-0.12,0.000777025959095652,0.0,-0.04536248310700131,-0.04462248310699914,0.0007399999999999993,0.0,0.000777025959095652,0.09167002163110367,0.047047538524104586
2025-09-22,2025-09-23,2025-09-23,2025-10-14,10,ExtraTreesDeep,5971.69,-0.0130214394920029,0.0205151305576813,1.0,1.0,0.0,0.0,,0.0066848346507724,0.6567396068330255,0.6796326081342547,0.5134109768991559,0.2528647391598435,0.2605462377393124,0.7282805085014092,1,1,1,1,0,2025-08-29,2075,2025-08-28,120,120,120,120,120,120,120,1491,-0.0210745461251589,-0.0317329831047118,0.1531987864907296,-0.0096506855647684,0.0292344826272763,0.0392640936134942,0.0145223206390736,0.0116970921960709,0.8882101624309174,1.2415325446397445,-0.0408834224186668,-0.0408834224186668,-0.0408834224186668,-0.0206480958009971,0.5,0.0,0.0,0.0,0.3052256313751723,1.0,ml_big_up_index_enhancement,0.88,ADJUST,0.0,0.0,-0.0114588667529625,-0.0130214394920029,0.0015625727390404,156536.846134473,163002.61349337018,-0.0513519243331336,-0.0533725008994186,-0.0130214394920029,163002.61349337018,-0.12,0.001562572739040348,0.0,-0.04379991036796091,-0.043059910367958795,0.0007399999999999993,0.0,0.001562572739040348,0.09167002163110367,0.048610111263144934
2025-09-23,2025-09-24,2025-09-24,2025-10-15,10,ExtraTreesDeep,5893.93,0.0215458955230209,0.0443439267178265,1.0,1.0,1.0,0.0,1.0,-0.0139409964613457,0.6827222445506602,0.6806452415473508,0.5523380240776332,0.2892664099267564,0.2630716141508768,0.7086840337450033,1,1,1,1,0,2025-08-29,2075,2025-08-28,120,120,120,120,120,120,120,1491,-0.0483761332353819,-0.0533725008994191,0.1311618248501587,-0.0198456180309305,0.0138420439761648,0.0343697509563942,0.0144950137092815,0.011854656104284,0.4924887407206932,1.22272747364163,-0.0483761332353819,-0.0533725008994191,-0.0533725008994191,-0.043125773467689,0.5,0.0,0.0,0.0,0.2483352490694712,1.0,ml_big_up_index_enhancement,0.88,ADJUST,0.0,0.0,0.0189603880602583,0.0215458955230209,-0.0025855074627626,159504.84548291157,166514.65077367774,-0.0333651886858724,-0.0329765637045788,0.0215458955230209,166514.65077367774,-0.12,-0.002585507462762508,0.0,-0.04638541783072351,-0.045645417830721305,0.0007399999999999993,0.002585507462762508,0.0,0.09425552909386618,0.048610111263144934
2025-09-24,2025-09-25,2025-09-25,2025-10-16,10,ExtraTreesDeep,6020.92,-0.0090567554460114,0.0105565262451585,1.0,1.0,0.0,0.0,,0.0093288071733301,0.6927794403968764,0.7555982545604643,0.5691350725847522,0.2488002644601047,0.3203348081246474,0.7289333315899765,1,1,1,1,0,2025-08-29,2075,2025-08-28,120,120,120,120,120,120,120,1491,-0.0266750512857404,0.0037861295286427,0.1526645071867798,0.0010836487913803,0.033323805438383,0.0322052574586815,0.0130840314174019,0.0121169438479407,1.2153037198563883,1.0798128291752065,-0.0278725448248581,-0.0329765637045792,-0.0329765637045792,-0.0213983324591287,1.0,0.0,0.0,0.0,0.362141519736477,1.0,ml_big_up_index_enhancement,1.0,ADJUST,0.12,0.00012,-0.0091767554460114,-0.0090567554460114,-0.00012000000000000031,158041.10852346107,165006.56830344253,-0.0422357599549034,-0.0417346584776681,-0.0090567554460114,165006.56830344253,0.0,-0.0,0.00012,-0.04650541783072351,-0.045645417830721305,0.0008599999999999993,0.0,0.0,0.09425552909386618,0.048610111263144934
2025-09-25,2025-09-26,2025-09-26,2025-10-17,10,ExtraTreesDeep,5966.39,0.0039001808463743,0.008514361280439,1.0,1.0,0.0,0.0,,0.0032967541141184,0.6659357823323286,0.7184669768153356,0.571908058476996,0.2582721160613821,0.3136359424156139,0.7499953267307795,1,1,1,1,0,2025-08-29,2075,2025-08-28,120,120,120,120,120,120,120,1491,-0.0156648529863033,-0.0011969451949764,0.1349355054089478,-0.0079239513505469,0.021891792683709,0.0300538895932878,0.013217224587646,0.0121953167979852,1.056852895578415,1.083795099921439,-0.0366768654487329,-0.0417346584776686,-0.0417346584776686,-0.0101921812733719,0.5,0.0,0.0,0.0,0.3509481844471733,1.0,ml_big_up_index_enhancement,0.97,ADJUST,0.03,3.0000000000000028e-05,0.003753175420983,0.0039001808463743,-0.00014700542539130028,158634.26452747622,165650.1237606656,-0.0386411027500698,-0.0379972503469182,0.0039001808463743,165650.1237606656,-0.030000000000000027,-0.00011700542539122911,3e-05,-0.04665242325611481,-0.04576242325611254,0.0008899999999999993,0.00011700542539122911,0.0,0.09437253451925741,0.048610111263144934
2025-09-26,2025-09-29,2025-09-29,2025-10-20,10,ExtraTreesDeep,5989.66,0.0133463335147572,0.026291976506179,1.0,1.0,0.0,0.0,1.0,0.0053065365371775,0.5200244087164464,0.5208348103513394,0.2804527012895149,0.4784237243608549,-0.19797102307134,0.393104450342598,0,1,1,0,0,2025-09-26,2095,2025-09-25,120,120,120,120,120,120,120,1507,-0.003485503135289,0.0099806592057627,0.1529197087316971,-0.0045445370698992,0.0235561143946132,0.0282289389238961,0.0131304082829059,0.0120586251089389,1.0573621621382223,1.0888810427627038,-0.0329197310104867,-0.0379972503469188,-0.0379972503469188,0.001712727744717,0.75,0.0,0.0,0.0,0.3484960783698198,1.0,ml_big_up_index_enhancement,0.97,ADJUST,0.0,0.0,0.0129459435093144,0.0133463335147572,-0.0004003900054428012,160687.93475469056,167860.94555913625,-0.0261954047740954,-0.0251580408079347,0.0133463335147572,167860.94555913625,-0.030000000000000027,-0.00040039000544271635,0.0,-0.04705281326155761,-0.046162813261555254,0.0008899999999999993,0.00040039000544271635,0.0,0.09477292452470013,0.048610111263144934
2025-09-29,2025-09-30,2025-09-30,2025-10-21,10,ExtraTreesDeep,6069.6,0.000181231053117,0.0357898378805852,1.0,1.0,0.0,0.0,1.0,0.0037388058331053,0.4660226970225991,0.4672581404131758,0.2380929377015246,0.5429396482681796,-0.304846710566655,0.3510351466574687,0,0,0,0,1,2025-09-26,2095,2025-09-25,120,120,120,120,120,120,120,1507,0.0163956936813534,0.0104514535145052,0.149147170582923,0.0082151696217873,0.0348948800615045,0.0264623180086902,0.013154080995559,0.0119996057317654,1.1103325589545936,1.0962094330097387,-0.0200127552050116,-0.0251580408079353,-0.0251580408079353,0.0208706672136551,1.0,0.0,0.0,0.0,0.356508762571999,1.0,ml_big_up_index_enhancement,0.97,ADJUST,0.0,0.0,0.0001757941215234,0.000181231053117,-5.4369315935999985e-06,160716.18274902017,167891.36717507715,-0.0260242156507423,-0.0249813691730477,0.000181231053117,167891.36717507715,-0.030000000000000027,-5.436931593510005e-06,0.0,-0.047058250193151206,-0.04616825019314876,0.0008899999999999993,5.436931593510005e-06,0.0,0.09477836145629363,0.048610111263144934
2025-09-30,2025-10-09,2025-10-09,2025-10-22,10,ExtraTreesDeep,6070.7,-0.0004035778411055,0.0420379857347588,1.0,1.0,1.0,0.0,1.0,0.0033896973773172,0.4220705055035779,0.4257365515736306,0.1993136357247921,0.5011605502248475,-0.3018469145000553,0.4200879837691824,0,0,0,0,1,2025-09-26,2095,2025-09-25,120,120,120,120,120,120,120,1507,0.029991872994759,0.0199685811974428,0.1401638867029397,0.007403478808633,0.0328919141715315,0.025301119064073,0.0129538823773489,0.011979595428892,0.9139081026935962,1.0813288690957847,-0.0198351510845961,-0.0249813691730482,-0.0249813691730482,0.0285409821507858,1.0,0.0,0.0,0.0,0.2974005343134436,1.0,ml_big_up_index_enhancement,0.97,ADJUST,0.0,0.0,-0.0003914705058723,-0.0004035778411055,1.2107335233200003e-05,160653.26710365756,167823.6099395724,-0.0264054984437487,-0.0253748650871142,-0.0004035778411055,167823.6099395724,-0.030000000000000027,1.210733523316501e-05,0.0,-0.04704614285791801,-0.0461561428579156,0.0008899999999999993,0.0,1.210733523316501e-05,0.09477836145629363,0.0486222185983781
2025-10-09,2025-10-10,2025-10-10,2025-10-23,10,ExtraTreesDeep,6068.25,0.0081605075598403,0.0498199645696864,1.0,1.0,1.0,0.0,1.0,0.0089531804246604,0.5677090401742089,0.5253250543865878,0.2138882655701274,0.3985288796454567,-0.1846406140753293,0.5729855731961664,1,1,1,0,0,2025-09-26,2095,2025-09-25,120,120,120,120,120,120,120,1507,0.0078609249084857,0.0467679696677494,0.1382799325463743,0.0047367045927555,0.0303212337265867,0.0254639140949881,0.0112979053808198,0.0119838596917423,0.7175213842613134,0.9427601516900992,-0.0202307238982489,-0.0253748650871151,-0.0253748650871151,0.0076418209266091,1.0,0.0,0.0,0.0,0.2343043799552772,1.0,ml_big_up_index_enhancement,0.97,ADJUST,0.0,0.0,0.007915692333045,0.0081605075598403,-0.0002448152267953002,161924.94893834862,169193.13577720395,-0.018698823912285,-0.0174214293056474,0.0081605075598403,169193.13577720395,-0.030000000000000027,-0.0002448152267952092,0.0,-0.04729095808471331,-0.04640095808471081,0.0008899999999999993,0.0002448152267952092,0.0,0.09502317668308884,0.0486222185983781
2025-10-10,2025-10-13,2025-10-13,2025-10-24,10,ExtraTreesDeep,6117.77,-0.0010886319688384,0.0453318774651547,1.0,1.0,1.0,0.0,1.0,0.0102614227398558,0.6062495393430313,0.5388230882255507,0.2344368043297752,0.3402754881849823,-0.105838683855207,0.6088479242987398,1,1,1,0,0,2025-09-26,2095,2025-09-25,120,120,120,120,120,120,120,1507,0.0253721261935608,0.0453080682090012,0.1432840283682641,0.0107170934000981,0.0364803522155219,0.025490079255269,0.0112548517658278,0.0120068385717279,0.5128611245406542,0.9373701244163688,-0.0122353093137215,-0.0174214293056482,-0.0174214293056482,0.0244415561350114,1.0,0.0,0.0,0.0,0.1917732450942399,1.0,ml_big_up_index_enhancement,0.97,ADJUST,0.0,0.0,-0.0010559730097732,-0.0010886319688384,3.265895906519995e-05,161753.9605626608,169008.9467206889,-0.0197350514686925,-0.0184910957496007,-0.0010886319688384,169008.9467206889,-0.030000000000000027,3.265895906515203e-05,0.0,-0.04725829912564811,-0.046368299125645655,0.0008899999999999993,0.0,3.265895906515203e-05,0.09502317668308884,0.04865487755744325
2025-10-13,2025-10-14,2025-10-14,2025-10-27,10,ExtraTreesDeep,6111.11,-0.0027670914121984,0.0482400087709107,1.0,1.0,1.0,0.0,1.0,0.0056762795587485,0.5868637643957748,0.537551827503101,0.2655415112310871,0.3250290720798626,-0.0594875608487754,0.589541935828923,1,1,1,0,0,2025-09-26,2095,2025-09-25,120,120,120,120,120,120,120,1507,0.020276610024609,0.0277682475613858,0.1418174955951785,0.0082416621515764,0.0331377490512834,0.0246925790058896,0.010800599415018,0.0120118034348501,0.5937967170180508,0.8991655144540542,-0.0133106215336924,-0.0184910957496017,-0.0184910957496017,0.0196091094767942,1.0,0.0,0.0,0.0,0.208447584025923,1.0,ml_big_up_index_enhancement,0.97,ADJUST,0.0,0.0,-0.0026840786698324,-0.0027670914121984,8.30127423660002e-05,161319.80020735363,168541.28351563335,-0.0223661597078299,-0.0212070206095482,-0.0027670914121984,168541.28351563335,-0.030000000000000027,8.301274236595207e-05,0.0,-0.047175286383282104,-0.0462852863832797,0.0008899999999999993,0.0,8.301274236595207e-05,0.09502317668308884,0.048737890299809204
2025-10-14,2025-10-15,2025-10-15,2025-10-28,10,ExtraTreesDeep,6094.2,0.0100242853861047,0.0556086114666405,1.0,1.0,1.0,0.0,1.0,0.0059974074666423,0.5646874200283585,0.5645529048012182,0.2569257674672474,0.3892716189442228,-0.1323458514769754,0.5732343500093899,1,1,1,0,0,2025-09-26,2095,2025-09-25,120,120,120,120,120,120,120,1507,0.0040529853697113,0.004875812704155,0.1237297605283975,0.0052065649017765,0.0283347202347239,0.0230083608091111,0.0099074250854412,0.0119411924657749,0.4291144373072044,0.8296847332322344,-0.0160408812393538,-0.0212070206095492,-0.0212070206095492,0.0039718739656577,1.0,0.0,0.0,0.0,0.1767489528779356,1.0,ml_big_up_index_enhancement,0.97,ADJUST,0.0,0.0,0.0097235568245215,0.0100242853861047,-0.0003007285615832002,162888.40245159031,170230.7894409345,-0.0128600815081736,-0.0113953204502226,0.0100242853861047,170230.7894409345,-0.030000000000000027,-0.00030072856158314126,0.0,-0.04747601494486531,-0.04658601494486284,0.0008899999999999993,0.00030072856158314126,0.0,0.09532390524467198,0.048737890299809204
2025-10-15,2025-10-16,2025-10-16,2025-10-29,10,ExtraTreesDeep,6155.29,-0.0115039258913878,0.0322340620831838,1.0,1.0,0.0,0.0,1.0,0.0128400725717095,0.5681946216923162,0.5257983218681329,0.2096423067743539,0.3489172652082886,-0.1392749584339347,0.538041087779825,1,1,1,0,0,2025-09-26,2095,2025-09-25,120,120,120,120,120,120,120,1507,0.0139341426853576,0.0196397718632439,0.1515525115009512,0.0142912757345747,0.0362821687249961,0.0216810432235012,0.010065930840844,0.0117878969822847,0.582040333737301,0.85392083558004,-0.0061773942246369,-0.0113953204502235,-0.0113953204502235,0.0136577568599591,1.0,0.0,0.0,0.0,0.2042113233774646,1.0,ml_big_up_index_enhancement,0.97,ADJUST,0.0,0.0,-0.0111588081146461,-0.0115039258913878,0.00034511777674170116,161070.76202453175,168272.46705477353,-0.0238753864409314,-0.0227681554196425,-0.0115039258913878,168272.46705477353,-0.030000000000000027,0.0003451177767416343,0.0,-0.0471308971681236,-0.04624089716812121,0.0008899999999999993,0.0,0.0003451177767416343,0.09532390524467198,0.04908300807655084
2025-10-16,2025-10-17,2025-10-17,2025-10-30,10,ExtraTreesDeep,6084.48,-0.01105928526349,0.0361822209950564,1.0,1.0,0.0,0.0,1.0,0.0111986209826561,0.5427890881145413,0.5508344078938721,0.2718235997303826,0.4223309752707376,-0.1505073755403549,0.5489598902198671,1,1,1,0,0,2025-09-26,2095,2025-09-25,120,120,120,120,120,120,120,1507,0.0026745766901494,0.0016709661806322,0.1241928123111941,0.0025391040142888,0.0224324781209876,0.019842990689384,0.0103597664424098,0.0118464904992178,0.8451872530065511,0.8745008864096782,-0.0176102558306626,-0.0227681554196433,-0.0227681554196433,0.0026204680675863,1.0,0.0,0.0,0.0,0.2795032610253668,1.0,ml_big_up_index_enhancement,0.97,ADJUST,0.0,0.0,-0.0107275067055853,-0.01105928526349,0.00033177855790469946,159342.87434483986,166411.49383962358,-0.0343467697783731,-0.033575641157423,-0.01105928526349,166411.49383962358,-0.030000000000000027,0.00033177855790470027,0.0,-0.046799118610218904,-0.04590911861021651,0.0008899999999999993,0.0,0.00033177855790470027,0.09532390524467198,0.04941478663445554
2025-10-17,2025-10-20,2025-10-20,2025-10-31,10,ExtraTreesDeep,6017.19,0.021596459476932,0.0666141504589352,1.0,1.0,1.0,0.0,1.0,0.0096036210960506,0.5341929988353256,0.5907825240259086,0.4779027678490021,0.4666041028688288,0.0112986649801732,0.5161544536400369,1,1,1,0,0,2025-09-26,2095,2025-09-25,120,120,120,120,120,120,120,1507,-0.0164406311450088,-0.0166769075898314,0.1033791639008181,-0.0077140090213215,0.0095311303514302,0.0173792026991566,0.0105000019240136,0.0119421542203024,0.8387163493458083,0.8792385134470084,-0.0284747842513584,-0.033575641157424,-0.033575641157424,-0.0162394749376368,0.5,0.0,0.0,0.0,0.3006468072932299,1.0,ml_big_up_index_enhancement,0.97,ADJUST,0.0,0.0,0.020948565692624,0.021596459476932,-0.0006478937843080006,162680.87901570427,170005.39292282672,-0.0141177196487808,-0.0127042966541593,0.021596459476932,170005.39292282672,-0.030000000000000027,-0.0006478937843079606,0.0,-0.04744701239452691,-0.04655701239452447,0.0008899999999999993,0.0006478937843079606,0.0,0.09597179902897994,0.04941478663445554
2025-10-20,2025-10-21,2025-10-21,2025-11-03,10,ExtraTreesDeep,6147.14,0.0227243889028068,0.0586874546537088,1.0,1.0,1.0,0.0,1.0,0.0061117963831803,0.5572077694607109,0.5340666108680007,0.2537100704353636,0.4248549491411039,-0.1711448787057403,0.5239600663119132,1,1,1,0,0,2025-09-26,2095,2025-09-25,120,120,120,120,120,120,120,1507,0.0058958192537854,0.0083080592275228,0.1221893420910911,0.0132926728756284,0.0294067819174843,0.0159027193951037,0.0115967384029216,0.0122108539016068,1.2356085654347575,0.9497074075544836,-0.0074932792986251,-0.0127042966541603,-0.0127042966541603,0.0058173422350672,1.0,0.0,0.0,0.0,0.3748995040337787,1.0,ml_big_up_index_enhancement,0.97,ADJUST,0.0,0.0,0.0220426572357225,0.0227243889028068,-0.0006817316670842989,166266.7978706535,173868.66158717952,0.0,0.0,0.0227243889028068,173868.66158717952,-0.030000000000000027,-0.0006817316670842046,0.0,-0.0481287440616112,-0.047238744061608676,0.0008899999999999993,0.0006817316670842046,0.0,0.09665353069606414,0.04941478663445554
2025-10-21,2025-10-22,2025-10-22,2025-11-04,10,ExtraTreesDeep,6286.83,0.006214578730457,0.0377917010639703,1.0,1.0,1.0,0.0,1.0,0.0028460314816265,0.5870326949438125,0.5318259776322439,0.3004629658839918,0.3607696409503755,-0.0603066750663837,0.5889156816060936,1,1,1,0,0,2025-09-26,2095,2025-09-25,120,120,120,120,120,120,120,1507,0.0316087427389977,0.0305856317364041,0.1267164655237302,0.0347279358915466,0.0507259305263689,0.0154610638022816,0.0126192642161967,0.012316707371186,1.3353960017215851,1.0245647506182187,0.0,0.0,0.0,0.0160408812393538,1.0,0.0,0.0,0.0,0.3933583354314192,1.0,ml_big_up_index_enhancement,0.97,ADJUST,0.0,0.0,0.0060281413685432,0.006214578730457,-0.0001864373619137995,167269.0776331128,174949.18207337224,0.0,0.0,0.006214578730457,174949.18207337224,-0.030000000000000027,-0.00018643736191371015,0.0,-0.048315181423525005,-0.04742518142352239,0.0008899999999999993,0.00018643736191371015,0.0,0.09683996805797784,0.04941478663445554
2025-10-22,2025-10-23,2025-10-23,2025-11-05,10,ExtraTreesDeep,6325.9,0.0070614458021782,0.0434720751197457,1.0,1.0,1.0,0.0,1.0,0.0018354221882627,0.6274318315221391,0.6084787535273233,0.2536239234149681,0.3561252090764017,-0.1025012856614335,0.6066363586715251,1,1,1,0,0,2025-09-26,2095,2025-09-25,120,120,120,120,120,120,120,1507,0.0277176217529961,0.0213690048518215,0.1332696762265786,0.0400255883878304,0.0550694587254674,0.0144649040423676,0.0122581734801517,0.0123262441425062,1.3648118434014644,0.9944775828251088,0.0,0.0,0.0,0.0061773942246369,1.0,0.0,0.0,0.0,0.399241503767395,1.0,ml_big_up_index_enhancement,0.97,ADJUST,0.0,0.0,0.0068496024281128,0.0070614458021782,-0.00021184337406539994,168414.80431341677,176184.57624071877,0.0,0.0,0.0070614458021782,176184.57624071877,-0.030000000000000027,-0.0002118433740653462,0.0,-0.048527024797590405,-0.04763702479758773,0.0008899999999999993,0.0002118433740653462,0.0,0.0970518114320432,0.04941478663445554
2025-10-23,2025-10-24,2025-10-24,2025-11-06,10,ExtraTreesDeep,6370.57,0.0038505188703681,0.0373906887452772,1.0,1.0,1.0,0.0,1.0,0.0040549886444192,0.7319404799209637,0.6583859243586471,0.2664652881498606,0.3095335492021984,-0.0430682610523378,0.6626406871065188,1,1,1,0,0,2025-09-26,2095,2025-09-25,120,120,120,120,120,120,120,1507,0.0470196302724308,0.0298483817307986,0.1450960302695316,0.045782373446005,0.060140946745969,0.0137299821306515,0.0123142742220269,0.0123206954796342,1.119685436413916,0.999478823446456,0.0,0.0,0.0,0.0176102558306626,1.0,0.0,0.0,0.0,0.3499086443249838,1.0,ml_big_up_index_enhancement,0.97,ADJUST,0.0,0.0,0.003735003304257,0.0038505188703681,-0.0001155155661110999,169043.8341640132,176862.97827620147,0.0,0.0,0.0038505188703681,176862.97827620147,-0.030000000000000027,-0.0001155155661110431,0.0,-0.048642540363701504,-0.047752540363698776,0.0008899999999999993,0.0001155155661110431,0.0,0.09716732699815424,0.04941478663445554
2025-10-24,2025-10-27,2025-10-27,2025-11-07,10,ExtraTreesDeep,6395.1,0.0016903566793324,0.0346687307469781,1.0,1.0,0.0,0.0,1.0,0.0105978815781077,0.7283173211957205,0.6744857638926621,0.2697900888123465,0.2425529298649524,0.0272371589473941,0.6718351201316947,1,1,1,0,0,2025-09-26,2095,2025-09-25,120,120,120,120,120,120,120,1507,0.0628050634930923,0.0550637317820812,0.1347078550009759,0.0469411093784239,0.0619868458504115,0.0143711392524459,0.0112097679173335,0.0122422312391646,0.8114488553840067,0.915663795131712,0.0,0.0,0.0,0.0284747842513584,1.0,0.0,0.0,0.0,0.2657261111023205,1.0,ml_big_up_index_enhancement,0.98,ADJUST,0.01,1.000000000000001e-05,0.0016465495457457,0.0016903566793324,-4.380713358670017e-05,169322.17321236708,177161.93979285727,0.0,0.0,0.0016903566793324,177161.93979285727,-0.020000000000000018,-3.3807133586648033e-05,1e-05,-0.0486863474972882,-0.04778634749728542,0.0008999999999999993,3.3807133586648033e-05,0.0,0.09720113413174089,0.04941478663445554
2025-10-27,2025-10-28,2025-10-28,2025-11-10,10,ExtraTreesDeep,6405.91,0.0042429568944928,0.0410839365523401,1.0,1.0,1.0,0.0,1.0,0.0144993671811642,0.7384622852647698,0.6785351386803036,0.2677200951792008,0.2324577060905873,0.0352623890886135,0.6852997620581138,1,1,1,0,0,2025-09-26,2095,2025-09-25,120,120,120,120,120,120,120,1507,0.0420959991150355,0.0657670352925909,0.1292921992066988,0.0453284169897465,0.0616270217869443,0.0155918508789163,0.0109064935077451,0.0122292569464156,0.7635936180885173,0.8918361561568011,0.0,0.0,0.0,0.0074932792986251,1.0,0.0,0.0,0.0,0.2365627045279114,1.0,ml_big_up_index_enhancement,1.0,ADJUST,0.02,2.000000000000002e-05,0.0042229568944928,0.0042429568944928,-2.0000000000000052e-05,170037.21345112476,177913.63026674313,0.0,0.0,0.0042429568944928,177913.63026674313,0.0,0.0,2e-05,-0.0487063474972882,-0.04778634749728542,0.0009199999999999994,-0.0,0.0,0.09720113413174089,0.04941478663445554
2025-10-28,2025-10-29,2025-10-29,2025-11-11,10,ExtraTreesDeep,6433.09,-0.0123408812872197,0.0450592172657307,1.0,1.0,1.0,0.0,1.0,0.0183040973574122,0.7656643879067301,0.7117499755180574,0.2536858915133559,0.2489693528227259,0.00471653869063,0.68828204978266,1,1,1,0,0,2025-09-26,2095,2025-09-25,120,120,120,120,120,120,120,1507,0.0232645069136592,0.0772645599486914,0.1224702025233852,0.0458265755072402,0.0640685283847017,0.0174426174517643,0.0106643233286675,0.0121848240068453,0.1979208917172738,0.8752135708054845,0.0,0.0,0.0,0.0,1.0,0.0,0.0,0.0,0.1218093551722134,1.0,ml_big_up_index_enhancement,0.98,ADJUST,0.02,2.000000000000002e-05,-0.0121140636614753,-0.0123408812872197,0.0002268176257443997,167977.37182255797,175718.01927624297,-0.0121140636614752,-0.0123408812872196,-0.0123408812872197,175718.01927624297,-0.020000000000000018,0.0002468176257443942,2e-05,-0.0484795298715438,-0.047539529871541024,0.0009399999999999994,0.0,0.0002468176257443942,0.09720113413174089,0.049661604260199936
2025-10-29,2025-10-30,2025-10-30,2025-11-12,10,ExtraTreesDeep,6353.7,-0.0077230590049891,0.0551064733934558,1.0,1.0,1.0,0.0,1.0,0.0211030220727225,0.7694030836064027,0.7093031958802296,0.3044133334538882,0.223636479597055,0.0807768538568332,0.6947380839703187,1,1,1,0,0,2025-09-26,2095,2025-09-25,120,120,120,120,120,120,120,1507,0.0043946315939233,0.0780073736878448,0.1120134273998065,0.0290742591335866,0.0490860269144934,0.0194463787265999,0.0106088263155891,0.012308481640994,0.72063536141574,0.8619118608631566,-0.0123408812872197,-0.0123408812872197,-0.0123408812872197,-0.0123408812872197,1.0,0.0,0.0,0.0,0.2286502858181548,1.0,ml_big_up_index_enhancement,1.0,ADJUST,0.02,2.000000000000002e-05,-0.0077430590049891,-0.0077230590049891,-2.0000000000000052e-05,166676.71312103292,174360.9386451327,-0.0197633227567433,-0.0199686309378541,-0.0077230590049891,174360.9386451327,0.0,-0.0,2e-05,-0.0484995298715438,-0.047539529871541024,0.0009599999999999995,0.0,0.0,0.09720113413174089,0.049661604260199936
2025-10-30,2025-10-31,2025-10-31,2025-11-13,10,ExtraTreesDeep,6304.63,0.0179851950074787,0.0730066633569297,1.0,1.0,1.0,0.0,1.0,0.0239572325258355,0.7292825817542593,0.6990295572322486,0.3077684787150451,0.2753220604035897,0.0324464183114553,0.698188582455392,1,1,1,0,0,2025-09-26,2095,2025-09-25,120,120,120,120,120,120,120,1507,-0.0103507221488814,0.0471207058057572,0.1040958141717831,0.0187859479438505,0.0392838559578485,0.0201199359447072,0.0100377206125388,0.0123666631525006,0.7496570520937624,0.8116757518788856,-0.0199686309378541,-0.0199686309378541,-0.0199686309378541,-0.0199686309378541,1.0,0.0,0.0,0.0,0.2554109386351335,1.0,ml_big_up_index_enhancement,1.0,ADJUST,0.0,0.0,0.0179851950074787,0.0179851950074787,0.0,169674.4263097203,177496.85412835245,-0.0021335749630403,-0.002342575651825,0.0179851950074787,177496.85412835245,0.0,0.0,0.0,-0.0484995298715438,-0.047539529871541024,0.0009599999999999995,-0.0,0.0,0.09720113413174089,0.049661604260199936
2025-10-31,2025-11-03,2025-11-03,2025-11-14,10,ExtraTreesDeep,6418.02,0.0140043190890646,0.0635149158151577,1.0,1.0,1.0,0.0,1.0,0.0203683330261762,0.7250874488534247,0.6504189511823947,0.2863753142044004,0.273579087856229,0.0127962263481714,0.6595943504632625,1,1,1,0,0,2025-09-26,2095,2025-09-25,120,120,120,120,120,120,120,1507,0.0035839939954027,0.0756956886827713,0.1393568636362021,0.0333383406132099,0.0556987362989946,0.0216389877419196,0.0102392625651587,0.0123771494514407,1.1486326098334658,0.8272714654800284,-0.0023425756518251,-0.0023425756518251,-0.0023425756518251,-0.0023425756518251,1.0,0.0,0.0,0.0,0.3119166502643655,1.0,ml_big_up_index_enhancement,0.98,ADJUST,0.02,2.000000000000002e-05,0.0137042327072833,0.0140043190890646,-0.0003000863817813008,171999.6841323435,179982.57671087104,0.0,0.0,0.0140043190890646,179982.57671087104,-0.020000000000000018,-0.00028008638178129226,2e-05,-0.0487996162533251,-0.04781961625332232,0.0009799999999999995,0.00028008638178129226,0.0,0.09748122051352218,0.049661604260199936
2025-11-03,2025-11-04,2025-11-04,2025-11-17,10,ExtraTreesDeep,6507.9,0.002538453264494,0.0578035925567388,1.0,1.0,1.0,0.0,1.0,0.021965499247306,0.7418923102854401,0.7275231505341554,0.3932791794425534,0.1962605324678836,0.1970186469746698,0.8002251841335465,1,1,1,0,0,2025-11-03,2115,2025-10-31,120,120,120,120,120,120,120,1522,0.0159212352343383,0.0865224403388504,0.1356818645851327,0.0434562598637233,0.0682061531677087,0.0237191478512168,0.0104954846299729,0.0123167017856157,1.257944965072962,0.8521343467315493,0.0,0.0,0.0,0.0,1.0,0.0,0.0,0.0,0.3333106061818997,1.0,ml_big_up_index_enhancement,1.0,ADJUST,0.02,2.000000000000002e-05,0.002518453264494,0.002538453264494,-2.0000000000000052e-05,172432.85729833852,180439.4540702748,0.0,0.0,0.002538453264494,180439.4540702748,0.0,0.0,2e-05,-0.0488196162533251,-0.04781961625332232,0.0009999999999999996,-0.0,0.0,0.09748122051352218,0.049661604260199936
2025-11-04,2025-11-05,2025-11-05,2025-11-18,10,ExtraTreesDeep,6524.42,0.0117221147626915,0.0472471116206498,1.0,1.0,1.0,0.0,1.0,0.0229836794927746,0.7720988865727638,0.7867598594956712,0.4112624029598238,0.1542831551655631,0.2569792477942606,0.8316827939469287,1,1,1,0,0,2025-11-03,2115,2025-10-31,120,120,120,120,120,120,120,1522,0.0141969100385661,0.0749340977988664,0.1222375880669308,0.0423045525200451,0.0688397833559943,0.0254582317344709,0.0102762514426794,0.0122097006282467,1.2837530568889122,0.8416464707501189,0.0,0.0,0.0,0.0,1.0,0.0,0.0,0.0,0.3384722245450897,1.0,ml_big_up_index_enhancement,1.0,ADJUST,0.0,0.0,0.0117221147626915,0.0117221147626915,0.0,174454.13504044843,182554.586058604,0.0,0.0,0.0117221147626915,182554.586058604,0.0,0.0,0.0,-0.0488196162533251,-0.04781961625332232,0.0009999999999999996,-0.0,0.0,0.09748122051352218,0.049661604260199936
2025-11-05,2025-11-06,2025-11-06,2025-11-19,10,ExtraTreesDeep,6600.9,0.0011922616612887,0.0135905709827448,1.0,1.0,0.0,0.0,,0.0197425997588748,0.7709072806866687,0.7629199631482007,0.3545738625521207,0.1628864341650129,0.1916874283871077,0.8032704727687212,1,1,1,0,0,2025-11-03,2115,2025-10-31,120,120,120,120,120,120,120,1522,0.0389064639501393,0.0873375393282487,0.1203232880060285,0.0500754042239091,0.0792797280585915,0.0278116444944891,0.0103934304693557,0.0121842283161375,0.993179209533642,0.8530232854870317,0.0,0.0,0.0,0.0123408812872197,1.0,0.0,0.0,0.0,0.2803574550740357,1.0,ml_big_up_index_enhancement,1.0,ADJUST,0.0,0.0,0.0011922616612887,0.0011922616612887,0.0,174662.13001731047,182772.2388926541,0.0,0.0,0.0011922616612887,182772.2388926541,0.0,0.0,0.0,-0.0488196162533251,-0.04781961625332232,0.0009999999999999996,-0.0,0.0,0.09748122051352218,0.049661604260199936
2025-11-06,2025-11-07,2025-11-07,2025-11-20,10,ExtraTreesDeep,6608.77,0.0012165652610092,0.0059905247118601,1.0,1.0,0.0,0.0,,0.0242600809880337,0.7670393434501719,0.7647932117145007,0.4149499000677523,0.1398353530637365,0.2751145470040158,0.8290068820886066,1,1,1,0,0,2025-11-03,2115,2025-10-31,120,120,120,120,120,120,120,1522,0.0482407373628588,0.0890734561034896,0.114728797235093,0.0468267326622893,0.0785673372418864,0.0303207814524133,0.0103619305593441,0.0121717958215377,0.7070524359336453,0.8513066363641203,0.0,0.0,0.0,0.0199686309378541,1.0,0.0,0.0,0.0,0.22303120589376,1.0,ml_big_up_index_enhancement,1.0,ADJUST,0.0,0.0,0.0012165652610092,0.0012165652610092,0.0,174874.61789710342,182994.59324916775,0.0,0.0,0.0012165652610092,182994.59324916775,0.0,0.0,0.0,-0.0488196162533251,-0.04781961625332232,0.0009999999999999996,-0.0,0.0,0.09748122051352218,0.049661604260199936
2025-11-07,2025-11-10,2025-11-10,2025-11-21,10,ExtraTreesDeep,6616.81,0.0079010882887675,-0.0436267627451899,0.0,0.0,0.0,1.0,0.0,0.0243101783243267,0.7927073973432103,0.7698945840885011,0.4341700736930031,0.139314930406669,0.2948551432863341,0.8241362729296975,1,1,1,0,0,2025-11-03,2115,2025-10-31,120,120,120,120,120,120,120,1522,0.030973727099635,0.0815722068662274,0.116265691347132,0.0439740755034081,0.0778589330958945,0.0324575661288781,0.0103430122917794,0.012169167452374,0.6012657961188305,0.8499359000735583,0.0,0.0,0.0,0.0023425756518251,1.0,0.0,0.0,0.0,0.201873877930797,1.0,ml_big_up_index_enhancement,1.0,ADJUST,0.0,0.0,0.0079010882887675,0.0079010882887675,0.0,176256.31769257292,184440.44968679655,0.0,0.0,0.0079010882887675,184440.44968679655,0.0,0.0,0.0,-0.0488196162533251,-0.04781961625332232,0.0009999999999999996,-0.0,0.0,0.09748122051352218,0.049661604260199936
2025-11-10,2025-11-11,2025-11-11,2025-11-24,10,ExtraTreesDeep,6669.09,0.0080775638055565,-0.0302515035784491,0.0,0.0,0.0,1.0,0.0,0.0252639880485853,0.7921360934642327,0.7661054499570119,0.4984991993280462,0.1380406195280203,0.3604585798000259,0.8271452703244366,1,1,1,0,0,2025-11-03,2115,2025-10-31,120,120,120,120,120,120,120,1522,0.0247683584566451,0.0913058347828792,0.1142300071173425,0.0476112382710829,0.0843623557634472,0.0350808736578811,0.0103064628930155,0.0121513829277404,0.456227593008836,0.8481720108981907,0.0,0.0,0.0,0.0,1.0,0.0,0.0,0.0,0.1725940793165885,1.0,ml_big_up_index_enhancement,1.0,ADJUST,0.0,0.0,0.0080775638055565,0.0080775638055565,0.0,177680.03934486714,185930.2791874672,0.0,0.0,0.0080775638055565,185930.2791874672,0.0,0.0,0.0,-0.0488196162533251,-0.04781961625332232,0.0009999999999999996,-0.0,0.0,0.09748122051352218,0.049661604260199936
2025-11-11,2025-11-12,2025-11-12,2025-11-25,10,ExtraTreesDeep,6722.96,-0.002845472827445,-0.0209446434308697,0.0,0.0,0.0,1.0,0.0,0.0252745960779347,0.790972326374754,0.7492105204386176,0.4768669768313707,0.1404158133087207,0.33645116352265,0.807724247294383,1,1,1,0,0,2025-11-03,2115,2025-10-31,120,120,120,120,120,120,120,1522,0.0304302911216629,0.1031735092382921,0.1045455366927183,0.0508836744726597,0.0912396239910748,0.0384019187838899,0.0101926143676882,0.0120188279906002,0.4566771543250243,0.8480539346814687,0.0,0.0,0.0,0.0,1.0,0.0,0.0,0.0,0.1719922187267765,1.0,ml_big_up_index_enhancement,1.0,ADJUST,0.0,0.0,-0.002845472827445,-0.002845472827445,0.0,177174.45562093196,185401.21963024,-0.002845472827445,-0.002845472827445,-0.002845472827445,185401.21963024,0.0,-0.0,0.0,-0.0488196162533251,-0.04781961625332232,0.0009999999999999996,0.0,0.0,0.09748122051352218,0.049661604260199936
2025-11-12,2025-11-13,2025-11-13,2025-11-26,10,ExtraTreesDeep,6703.83,0.0091112095622949,-0.0277900841757622,0.0,0.0,0.0,1.0,0.0,0.0314351546909218,0.8017214938348013,0.7556118660893787,0.5328780604365096,0.1358815329782099,0.3969965274582997,0.8317664408349756,1,1,1,1,0,2025-11-03,2115,2025-10-31,120,120,120,120,120,120,120,1522,0.0155933281825206,0.0891168409611895,0.1049516406574497,0.0434200765712944,0.0862633647823158,0.041060440730454,0.0102627903926783,0.0120163667823163,0.4631233575531076,0.8540676710851911,-0.002845472827445,-0.002845472827445,-0.002845472827445,-0.002845472827445,1.0,0.0,0.0,0.0,0.1745619221447435,1.0,ml_big_up_index_enhancement,1.0,ADJUST,0.0,0.0,0.0091112095622949,0.0091112095622949,0.0,178788.7292151798,187090.4489953962,0.0,0.0,0.0091112095622949,187090.4489953962,0.0,0.0,0.0,-0.0488196162533251,-0.04781961625332232,0.0009999999999999996,-0.0,0.0,0.09748122051352218,0.049661604260199936
2025-11-13,2025-11-14,2025-11-14,2025-11-27,10,ExtraTreesDeep,6764.91,0.0089801638159265,-0.0249818548953348,0.0,0.0,0.0,1.0,0.0,0.0266079383759308,0.782570319888954,0.7458815281174909,0.5281416733392063,0.1294384955943074,0.3987031777448988,0.8263389464869108,1,1,1,1,0,2025-11-03,2115,2025-10-31,120,120,120,120,120,120,120,1522,0.0236261815738783,0.1118304275796782,0.1182316332349806,0.0473807121617846,0.0940472391570295,0.0445554576796871,0.0096031302209988,0.0120380390342519,0.546527738105605,0.7977321051771735,0.0,0.0,0.0,0.0,1.0,0.0,0.0,0.0,0.170297722216907,1.0,ml_big_up_index_enhancement,1.0,ADJUST,0.0,0.0,0.0089801638159265,0.0089801638159265,0.0,180394.28129197343,188770.55187577012,0.0,0.0,0.0089801638159265,188770.55187577012,0.0,0.0,0.0,-0.0488196162533251,-0.04781961625332232,0.0009999999999999996,-0.0,0.0,0.09748122051352218,0.049661604260199936
2025-11-14,2025-11-17,2025-11-17,2025-11-28,10,ExtraTreesDeep,6825.66,0.0085588792878636,-0.0167265876120404,0.0,0.0,0.0,1.0,0.0,0.0224375767211972,0.7507221527536475,0.7157952730240279,0.4391355186650257,0.1294560900427348,0.3096794286222909,0.7889015237487572,1,1,1,0,0,2025-11-03,2115,2025-10-31,120,120,120,120,120,120,120,1522,0.0315635479936706,0.1343600584325905,0.1577804653403374,0.0502135073785559,0.1011112216447585,0.0484641588673229,0.0088129521061602,0.0115184692539554,0.5797881413360391,0.7651148700278827,0.0,0.0,0.0,0.0,1.0,0.0,0.0,0.0,0.1566849815471213,1.0,ml_big_up_index_enhancement,1.0,ADJUST,0.0,0.0,0.0085588792878636,0.0085588792878636,0.0,181938.2541697724,190386.21624237823,0.0,0.0,0.0085588792878636,190386.21624237823,0.0,0.0,0.0,-0.0488196162533251,-0.04781961625332232,0.0009999999999999996,-0.0,0.0,0.09748122051352218,0.049661604260199936
2025-11-17,2025-11-18,2025-11-18,2025-12-01,10,ExtraTreesDeep,6884.08,-0.0074665024229816,-0.0252495613066668,0.0,0.0,0.0,1.0,0.0,0.0218323059145208,0.7412772363456182,0.7032690011323718,0.4564732794037885,0.1198022671932488,0.3366710122105397,0.793449180015715,1,1,1,0,0,2025-11-03,2115,2025-10-31,120,120,120,120,120,120,120,1522,0.0322367819297684,0.1198833929274425,0.1576964731365071,0.0532309979232434,0.1077426513940271,0.0517565981045655,0.0080781743481706,0.0115178139631766,0.6401256198547639,0.7013635030047517,0.0,0.0,0.0,0.0,1.0,0.0,0.0,0.0,0.1687524772508662,1.0,ml_big_up_index_enhancement,1.0,ADJUST,0.0,0.0,-0.0074665024229816,-0.0074665024229816,0.0,180579.81175418073,188964.69709750224,-0.0074665024229816,-0.0074665024229816,-0.0074665024229816,188964.69709750224,0.0,-0.0,0.0,-0.0488196162533251,-0.04781961625332232,0.0009999999999999996,0.0,0.0,0.09748122051352218,0.049661604260199936
2025-11-18,2025-11-19,2025-11-19,2025-12-02,10,ExtraTreesDeep,6832.68,-0.0207927196941757,-0.0212713020366825,0.0,0.0,0.0,1.0,0.0,0.0252729172413591,0.7134037596313296,0.6895554000182277,0.4744261131512147,0.151748118532038,0.3226779946191766,0.78471510950476,1,1,1,0,0,2025-11-03,2115,2025-10-31,120,120,120,120,120,120,120,1522,0.0163201922962505,0.0868243614031236,0.1379151844598105,0.0410201408665402,0.0970352490256591,0.0538079005008418,0.0075335202935686,0.0115483611281709,1.0438666851912848,0.6523454029499892,-0.0074665024229816,-0.0074665024229816,-0.0074665024229816,-0.0074665024229816,1.0,0.0,0.0,0.0,0.2703606164085121,1.0,ml_big_up_index_enhancement,1.0,ADJUST,0.0,0.0,-0.0207927196941757,-0.0207927196941757,0.0,176825.06634594902,185035.60711865904,-0.0281039732251804,-0.0281039732251804,-0.0207927196941757,185035.60711865904,0.0,-0.0,0.0,-0.0488196162533251,-0.04781961625332232,0.0009999999999999996,0.0,0.0,0.09748122051352218,0.049661604260199936
2025-11-19,2025-11-20,2025-11-20,2025-12-03,10,ExtraTreesDeep,6690.61,-0.0063148203228106,-0.0093309877574689,0.0,0.0,0.0,0.0,0.0,0.0283989930804484,0.7573349704330539,0.7416170860584856,0.5149778112171353,0.1503656337504639,0.3646121774666713,0.8090887945197415,1,1,1,1,0,2025-11-03,2115,2025-10-31,120,120,120,120,120,120,120,1522,-0.001972007046718,0.0576534564251727,0.0971540549182949,0.0165501766873572,0.072524528355321,0.0550630484865666,0.0093537387758069,0.0117872969636352,1.4387918359789291,0.7935439994991215,-0.0281039732251804,-0.0281039732251804,-0.0281039732251804,-0.0252585003977353,1.0,0.0,0.0,0.0,0.3761713206500248,1.0,ml_big_up_index_enhancement,1.0,ADJUST,0.0,0.0,-0.0063148203228106,-0.0063148203228106,0.0,175708.44782340527,183867.14050638257,-0.034241322006717,-0.0342413220067168,-0.0063148203228106,183867.14050638257,0.0,-0.0,0.0,-0.0488196162533251,-0.04781961625332232,0.0009999999999999996,0.0,0.0,0.09748122051352218,0.049661604260199936
2025-11-20,2025-11-21,2025-11-21,2025-12-04,10,ExtraTreesDeep,6648.36,-0.0481652618089272,-0.0204787346052258,0.0,0.0,0.0,1.0,0.0,0.0259265295104317,0.7454318630021323,0.725518042585354,0.5205381045528981,0.2047552064885579,0.3157828980643401,0.8143406115733351,1,1,1,1,0,2025-11-03,2115,2025-10-31,120,120,120,120,120,120,120,1522,-0.0172286105801851,0.0436052033020593,0.082188480720899,0.0080036278888038,0.0643159634854375,0.0558652112339874,0.0095134808510379,0.011805946311716,1.3126864783059262,0.8058211175835099,-0.034241322006717,-0.034241322006717,-0.034241322006717,-0.034241322006717,1.0,0.0,0.0,0.0,0.3537564239524342,1.0,ml_big_up_index_enhancement,1.0,ADJUST,0.0,0.0,-0.0481652618089272,-0.0481652618089272,0.0,167245.40443195074,175011.13154583384,-0.0807573415765069,-0.0807573415765067,-0.0481652618089272,175011.13154583384,0.0,-0.0,0.0,-0.0488196162533251,-0.04781961625332232,0.0009999999999999996,0.0,0.0,0.09748122051352218,0.049661604260199936
2025-11-21,2025-11-24,2025-11-24,2025-12-05,10,ExtraTreesDeep,6328.14,0.0219969848960357,0.04672621022923,1.0,1.0,1.0,0.0,1.0,-0.0182638368393594,0.618873975507669,0.6529242685984342,0.5287967910972542,0.345910383376719,0.1828864077205352,0.6202241110370191,1,1,1,1,0,2025-11-03,2115,2025-10-31,120,120,120,120,120,120,120,1522,-0.0728896546268053,-0.010470516489187,0.0241763719581276,-0.0400598523396543,0.0126493016586939,0.0549087921021076,0.0147186442711722,0.0134109066439506,1.449455881289632,1.0975129916224962,-0.0807573415765069,-0.0807573415765069,-0.0807573415765069,-0.0807573415765069,0.5,0.0,1.0,0.0,0.4199548239153651,1.0,ml_big_up_index_enhancement,0.97,ADJUST,0.03,3.0000000000000028e-05,0.0213070753491546,0.0219969848960357,-0.0006899095468811019,170808.91486598217,178860.84876308567,-0.0611709689893202,-0.0605367747033734,0.0219969848960357,178860.84876308567,-0.030000000000000027,-0.0006599095468810717,3e-05,-0.049509525800206206,-0.048479525800203385,0.0010299999999999997,0.0006599095468810717,0.0,0.09814113006040324,0.049661604260199936
2025-11-24,2025-11-25,2025-11-25,2025-12-08,10,ExtraTreesDeep,6467.34,0.0177522752785534,0.0353019943284256,1.0,1.0,0.0,0.0,1.0,-0.011071148268369,0.6243995078381505,0.6768420476216532,0.3568492763262998,0.3395741534340306,0.0172751228922692,0.6989730088067915,1,1,1,0,0,2025-11-03,2115,2025-10-31,120,120,120,120,120,120,120,1522,-0.0605367747033736,0.0095895821202609,0.0514204891847733,-0.0194009517390806,0.0340522454864786,0.0545107578070342,0.0155489667442243,0.0136776075723354,1.637707878679017,1.1368191887354622,-0.0605367747033736,-0.0605367747033736,-0.0605367747033736,-0.0605367747033736,0.75,0.0,0.0,0.0,0.4535611100186153,1.0,ml_big_up_index_enhancement,0.88,ADJUST,0.0899999999999999,8.999999999999997e-05,0.0155320022451269,0.0177522752785534,-0.002220273033426501,173461.9193151683,182036.03578688367,-0.0465890743718719,-0.0438591649138301,0.0177522752785534,182036.03578688367,-0.12,-0.002130273033426408,8.99999999999999e-05,-0.051729798833632705,-0.050609798833629795,0.0011199999999999995,0.002130273033426408,0.0,0.10027140309382965,0.049661604260199936
2025-11-25,2025-11-26,2025-11-26,2025-12-09,10,ExtraTreesDeep,6582.15,-0.0098174608600533,0.0086810540628823,1.0,1.0,0.0,0.0,,-0.0017983416268267,0.6398868816987144,0.6612574196712436,0.2498673646993765,0.3329057155535348,-0.0830383508541582,0.6518791418855826,1,1,1,0,0,2025-11-03,2115,2025-10-31,120,120,120,120,120,120,120,1522,-0.0366664324979364,0.023170824595956,0.0672487596069657,-0.003119610198663,0.0512471576619721,0.0545369017354926,0.0160026391058531,0.0138477067872266,1.8053824897412272,1.155616547327115,-0.0438591649138302,-0.0438591649138302,-0.0438591649138302,-0.0363926624908486,0.75,0.0,0.0,0.0,0.4837605102731488,1.0,ml_big_up_index_enhancement,0.88,ADJUST,0.0,0.0,-0.0086393655568469,-0.0098174608600533,0.0011780953032063998,171963.3183840123,180248.9041304267,-0.054825939884265,-0.0532460401389871,-0.0098174608600533,180248.9041304267,-0.12,0.0011780953032063959,0.0,-0.050551703530426303,-0.0494317035304234,0.0011199999999999995,0.0,0.0011780953032063959,0.10027140309382965,0.05083969956340633
2025-11-26,2025-11-27,2025-11-27,2025-12-10,10,ExtraTreesDeep,6517.53,0.012026028265309,0.0090908672457203,1.0,1.0,0.0,0.0,,0.0003985288953643,0.6534793727292678,0.6887715976245901,0.3211349903188625,0.3444938082679574,-0.0233588179490949,0.6632456927576286,1,1,1,0,0,2025-11-03,2115,2025-10-31,120,120,120,120,120,120,120,1522,-0.025869091159102,0.02578497568346,0.0467842550238988,-0.0141295348414549,0.0401200974774631,0.0550271402137945,0.0158992965140358,0.0138751071591123,1.760701995735276,1.145886394368793,-0.0532460401389873,-0.0532460401389873,-0.0532460401389873,-0.0251420669138069,0.75,0.0,0.0,0.0,0.4760709314101983,1.0,ml_big_up_index_enhancement,0.88,ADJUST,0.0,0.0,0.0105829048734719,0.012026028265309,-0.0014431233918371002,173783.18982419686,182416.58254629016,-0.044823252717187,-0.0418603502574054,0.012026028265309,182416.58254629016,-0.12,-0.0014431233918370799,0.0,-0.051994826922263405,-0.05087482692226048,0.0011199999999999995,0.0014431233918370799,0.0,0.10171452648566673,0.05083969956340633
2025-11-27,2025-11-28,2025-11-28,2025-12-11,10,ExtraTreesDeep,6595.91,0.01752298014982,-0.0287208285134271,0.0,0.0,0.0,1.0,0.0,0.0053198383797092,0.64563768875254,0.6826337228852116,0.261800897137724,0.3229516941765981,-0.061150797038874,0.6379495979948467,1,1,1,0,0,2025-11-03,2115,2025-10-31,120,120,120,120,120,120,120,1522,-0.0078891636433646,0.0462009665912195,0.0996463945076948,-0.0044666039343275,0.0509578370176799,0.0556731106872394,0.0159164267084833,0.0130442485352686,1.8188198435715872,1.2201873235893184,-0.0418603502574055,-0.0418603502574055,-0.0418603502574055,-0.0076190282506884,0.75,0.0,0.0,0.0,0.4659865982498969,1.0,ml_big_up_index_enhancement,0.88,ADJUST,0.0,0.0,0.0154202225318416,0.01752298014982,-0.0021027576179784013,176462.96528357925,185613.06470124685,-0.0300942147168454,-0.0250708881942104,0.01752298014982,185613.06470124685,-0.12,-0.0021027576179784,0.0,-0.05409758454024181,-0.05297758454023888,0.0011199999999999995,0.0021027576179784,0.0,0.10381728410364513,0.05083969956340633
2025-11-28,2025-12-01,2025-12-01,2025-12-12,10,ExtraTreesDeep,6711.49,-0.0001832677989537,-0.0576980670462147,0.0,0.0,0.0,1.0,0.0,0.0136178914586749,0.6762811564809279,0.6664969854132871,0.280623051920749,0.2807320175333912,-0.0001089656126421,0.6281066991419161,1,1,1,0,0,2025-11-03,2115,2025-10-31,120,120,120,120,120,120,120,1522,0.0605786218383284,0.0457259403990637,0.1235364624661423,0.0107396233564254,0.0672822134367239,0.0559417962585993,0.0158928981356791,0.01318006038207,0.7955736766832784,1.205828932111693,-0.0250708881942104,-0.0250708881942104,-0.0250708881942104,0.0556864533822965,1.0,0.0,0.0,0.0,0.2579794724595962,1.0,ml_big_up_index_enhancement,0.88,ADJUST,0.0,0.0,-0.0001612756630792,-0.0001832677989537,2.1992135874499994e-05,176434.50610184422,185579.04780342197,-0.0302506369154913,-0.025249561306667,-0.0001832677989537,185579.04780342197,-0.12,2.1992135874444e-05,0.0,-0.05407559240436731,-0.05295559240436444,0.0011199999999999995,0.0,2.1992135874444e-05,0.10381728410364513,0.05086169169928077
2025-12-01,2025-12-02,2025-12-02,2025-12-15,10,ExtraTreesDeep,6710.26,-0.0034156649667822,-0.0516731095367392,0.0,0.0,0.0,1.0,0.0,0.0172134316896098,0.6752352485605438,0.7093854032688194,0.3213746602048321,0.3162050342323304,0.0051696259725017,0.6459113205470572,1,1,1,0,0,2025-12-01,2135,2025-11-28,120,120,120,120,120,120,120,1540,0.0375610374589863,0.0310945158960649,0.1314887352941671,0.0090168932355632,0.0648857684483716,0.0553696133209984,0.0156607315798953,0.0131276858593721,0.7721932201964047,1.1929544740526212,-0.0252495613066668,-0.0252495613066668,-0.0252495613066668,0.0352872133967067,1.0,0.0,0.0,0.0,0.2533849327344512,1.0,ml_big_up_index_enhancement,0.88,ADJUST,0.0,0.0,-0.0030057851707683,-0.0034156649667822,0.0004098797960138999,175904.18187979146,184945.171951271,-0.0331654951704127,-0.0285789822314674,-0.0034156649667822,184945.171951271,-0.12,0.00040987979601386397,0.0,-0.05366571260835341,-0.05254571260835058,0.0011199999999999995,0.0,0.00040987979601386397,0.10381728410364513,0.051271571495294634
2025-12-02,2025-12-03,2025-12-03,2025-12-16,10,ExtraTreesDeep,6687.34,-0.0088465667963644,-0.0660352247679945,0.0,0.0,0.0,1.0,0.0,0.0150192919121964,0.6872944683406654,0.7105695649679855,0.2845372561950313,0.3057668290605364,-0.0212295728655051,0.6246688094289962,1,1,1,0,0,2025-12-01,2135,2025-11-28,120,120,120,120,120,120,120,1540,0.0159811004003251,0.0249708020023236,0.113291225640189,0.0043402051621392,0.0593417445364181,0.0547638530167171,0.0156995095157569,0.0130703821139994,0.7176160332574489,1.201151533201274,-0.0285789822314673,-0.0285789822314673,-0.0285789822314673,0.0152801826823628,1.0,0.0,0.0,0.0,0.2439892957733156,1.0,ml_big_up_index_enhancement,0.88,ADJUST,0.0,0.0,-0.0077849787808006,-0.0088465667963644,0.0010615880155637998,174534.7715564032,183309.042133939,-0.0406922812750569,-0.037172723152549,-0.0088465667963644,183309.042133939,-0.12,0.0010615880155637279,0.0,-0.052604124592789604,-0.051484124592786853,0.0011199999999999995,0.0,0.0010615880155637279,0.10381728410364513,0.05233315951085836
2025-12-03,2025-12-04,2025-12-04,2025-12-17,10,ExtraTreesDeep,6628.18,-0.0174965073368557,-0.0570850520052261,0.0,0.0,0.0,1.0,0.0,0.0106376739070058,0.6707264651981548,0.6766660304510751,0.2878146272504478,0.2879540228630835,-0.0001393956126357,0.5952805959603589,1,1,1,0,0,2025-12-01,2135,2025-11-28,120,120,120,120,120,120,120,1540,0.016977290476607,0.0041327697738187,0.1136335761149893,-0.004748637535183,0.0480986965482994,0.0530994842876697,0.0156581409553676,0.0130660839635209,0.7018828543955508,1.1983805552668667,-0.037172723152549,-0.037172723152549,-0.037172723152549,0.0160733169864383,0.75,0.0,0.0,0.0,0.2622730498842434,1.0,ml_big_up_index_enhancement,0.88,ADJUST,0.0,0.0,-0.015396926456433,-0.0174965073368557,0.0020995808804227002,171847.47251465893,180101.77413333053,-0.0554626716693533,-0.0540188376660353,-0.0174965073368557,180101.77413333053,-0.12,0.002099580880422684,0.0,-0.0505045437123669,-0.04938454371236417,0.0011199999999999995,0.0,0.002099580880422684,0.10381728410364513,0.05443274039128104
2025-12-04,2025-12-05,2025-12-05,2025-12-18,10,ExtraTreesDeep,6512.21,0.0171401106536797,-0.0232962389112144,0.0,0.0,0.0,1.0,0.0,0.0107840445102151,0.7226068065480964,0.7420523653747911,0.3955062819803532,0.2715421571352687,0.1239641248450845,0.6575510056818749,1,1,1,0,0,2025-12-01,2135,2025-11-28,120,120,120,120,120,120,120,1540,-0.0126896819392623,-0.014610888259086,0.1233506924978393,-0.021452666177509,0.0278236289221798,0.0503565779564298,0.0161534397943263,0.012802175325937,0.8025756499817893,1.2617730489598613,-0.0540188376660352,-0.0540188376660352,-0.0540188376660352,-0.0121584874086296,0.5,1.0,0.0,0.0,0.3076549587384023,1.0,ml_big_up_index_enhancement,0.88,ADJUST,0.0,0.0,0.0150832973752381,0.0171401106536797,-0.0020568132784416007,174439.4990457806,183188.73847089984,-0.0412159342641292,-0.0378046158673346,0.0171401106536797,183188.73847089984,-0.12,-0.002056813278441564,0.0,-0.0525613569908085,-0.05144135699080574,0.0011199999999999995,0.002056813278441564,0.0,0.1058740973820867,0.05443274039128104
2025-12-05,2025-12-08,2025-12-08,2025-12-19,10,ExtraTreesDeep,6623.83,0.0108426695733434,-0.0155393480810951,0.0,0.0,0.0,1.0,0.0,0.0124722460953716,0.6651867278662846,0.6645864021000347,0.3157599087169727,0.3465267766882867,-0.0307668679713139,0.6865127323475609,1,1,1,0,0,2025-12-01,2135,2025-11-28,120,120,120,120,120,120,120,1540,-0.0130611831351905,0.0010609341963876,0.1317756210914806,-0.004732749460282,0.0433240236640908,0.0482852953297843,0.0166334976784318,0.0129146508488466,0.7705497534093578,1.2879556616056191,-0.0378046158673345,-0.0378046158673345,-0.0378046158673345,-0.012733727673124,0.75,1.0,0.0,0.0,0.2980069350641758,1.0,ml_big_up_index_enhancement,0.88,ADJUST,0.0,0.0,0.0095415492245421,0.0108426695733434,-0.0013011203488012997,176103.92211263036,185174.99343169745,-0.0320676489052039,-0.0273718492521878,0.0108426695733434,185174.99343169745,-0.12,-0.001301120348801208,0.0,-0.053862477339609804,-0.05274247733960694,0.0011199999999999995,0.001301120348801208,0.0,0.10717521773088791,0.05443274039128104
2025-12-08,2025-12-09,2025-12-09,2025-12-22,10,ExtraTreesDeep,6695.65,-0.0084174053303263,-0.0273580608305391,0.0,0.0,0.0,1.0,0.0,0.015312889614079,0.6037618670131674,0.6062977958716339,0.306240794660225,0.3681058494629933,-0.0618650548027683,0.7045043384920374,1,1,1,0,0,2025-12-01,2135,2025-11-28,120,120,120,120,120,120,120,1540,-0.0021772628780405,0.0039825523422234,0.1260763538513285,0.0058578962169593,0.0525650303878015,0.0464351220450802,0.0167180963021994,0.012838585110504,0.8494908096469174,1.3021759141138762,-0.0273718492521877,-0.0273718492521877,-0.0273718492521877,-0.0021222879455208,1.0,1.0,0.0,0.0,0.3117085929886584,1.0,ml_big_up_index_enhancement,0.88,ADJUST,0.0,0.0,-0.0074073166906871,-0.0084174053303263,0.0010100886396392002,174799.46459107002,183616.3004549423,-0.0392374303649244,-0.0355588546327179,-0.0084174053303263,183616.3004549423,-0.12,0.001010088639639156,0.0,-0.0528523886999706,-0.05173238869996779,0.0011199999999999995,0.0,0.001010088639639156,0.10717521773088791,0.055442829030920196
2025-12-09,2025-12-10,2025-12-10,2025-12-23,10,ExtraTreesDeep,6639.29,-0.0094151633683722,-0.0252029961034989,0.0,0.0,0.0,1.0,0.0,0.0139089461220011,0.6952341847182738,0.7118969075803462,0.316571481086063,0.3542806814483349,-0.0377092003622719,0.67907651017978,1,1,1,0,0,2025-12-01,2135,2025-11-28,120,120,120,120,120,120,120,1540,-0.0071852186370067,-0.0124454109499386,0.0947559867625889,-0.0019815940614559,0.04213610099588,0.044205292001451,0.0167228096377258,0.0126901370316959,0.8754934847785818,1.317780067776853,-0.0355588546327177,-0.0355588546327177,-0.0355588546327177,-0.0069798724012504,0.5,1.0,0.0,0.0,0.3381508804236789,1.0,ml_big_up_index_enhancement,0.88,ADJUST,0.0,0.0,-0.0082853437641675,-0.0094151633683722,0.001129819604204699,173351.19093714055,181887.52298906297,-0.047197678530096,-0.0446392255755307,-0.0094151633683722,181887.52298906297,-0.12,0.001129819604204664,0.0,-0.051722569095765905,-0.05060256909576313,0.0011199999999999995,0.0,0.001129819604204664,0.10717521773088791,0.05657264863512486
2025-12-10,2025-12-11,2025-12-11,2025-12-24,10,ExtraTreesDeep,6576.78,-0.0258956510632861,-0.0061793157137686,0.0,0.0,0.0,0.0,0.0,0.0105126274230339,0.7077398297738469,0.7269157710766855,0.3233178516783276,0.3641462949542969,-0.0408284432759693,0.6706008518726366,1,1,1,0,0,2025-12-01,2135,2025-11-28,120,120,120,120,120,120,120,1540,-0.0077547682772647,-0.018951852896031,0.0894606848409653,-0.0104331549836597,0.0308677931180649,0.0417363903305012,0.0168356251200719,0.0127450473324684,0.8740667395650418,1.3209543033380982,-0.0446392255755307,-0.0446392255755307,-0.0446392255755307,-0.0074665024229817,0.5,1.0,0.0,0.0,0.3588240282047653,1.0,ml_big_up_index_enhancement,0.88,ADJUST,0.0,0.0,-0.0227881729356917,-0.0258956510632861,0.0031074781275944006,169400.83401945687,177177.42716097276,-0.0689103026052807,-0.0693789148295775,-0.0258956510632861,177177.42716097276,-0.12,0.003107478127594332,0.0,-0.0486150909681715,-0.04749509096816879,0.0011199999999999995,0.0,0.003107478127594332,0.10717521773088791,0.05968012676271919
2025-12-11,2025-12-12,2025-12-12,2025-12-25,10,ExtraTreesDeep,6406.47,-0.0128339007284823,0.0316570591917233,1.0,1.0,0.0,0.0,1.0,0.0119446930725292,0.7071348407584511,0.7408174341448134,0.5501213469988201,0.3862709880872479,0.1638503589115721,0.6610188904592924,1,1,1,1,0,2025-12-01,2135,2025-11-28,120,120,120,120,120,120,120,1540,-0.0162371913682144,-0.0529851838383658,0.054679281501005,-0.0334522293993027,0.0033022551528685,0.0380265576830503,0.0175532459009314,0.0132097210306588,0.9833828133783538,1.3288127629789908,-0.0693789148295778,-0.0693789148295778,-0.0693789148295778,-0.0153600771635425,0.5,1.0,0.0,0.0,0.4096090935840586,1.0,ml_big_up_index_enhancement,0.88,ADJUST,0.0,0.0,-0.0112938326410644,-0.0128339007284823,0.0015400680874178996,167487.6493507844,174903.5496494609,-0.079425873821476,-0.0813224134524873,-0.0128339007284823,174903.5496494609,-0.12,0.0015400680874178758,0.0,-0.0470750228807536,-0.045955022880750915,0.0011199999999999995,0.0,0.0015400680874178758,0.10717521773088791,0.06122019485013707
2025-12-12,2025-12-15,2025-12-15,2025-12-26,10,ExtraTreesDeep,6324.25,0.0062094319484524,0.0383207494959876,1.0,1.0,1.0,0.0,1.0,-0.0595834677169411,0.6811904741770831,0.7386984343915688,0.528184259669754,0.3648617118436046,0.1633225478261493,0.6377367573228436,1,1,1,1,0,2025-12-01,2135,2025-11-28,120,120,120,120,120,120,120,1540,-0.045227610008107,-0.0734595628847613,0.0335025264575339,-0.0422341534371401,-0.0101037221279194,0.0335472719397202,0.0174753149862867,0.0133009102409336,0.7539092610388956,1.3138435392569112,-0.0813224134524874,-0.0813224134524874,-0.0813224134524874,-0.0435177975851529,0.25,1.0,1.0,0.0,0.3868115580228695,1.0,ml_big_up_index_enhancement,0.88,ADJUST,0.0,0.0,0.0054643001146381,0.0062094319484524,-0.0007451318338142993,168402.85213233237,175989.60133855202,-0.0743955805182657,-0.0756179474962519,0.0062094319484524,175989.60133855202,-0.12,-0.0007451318338142879,0.0,-0.0478201547145679,-0.0467001547145652,0.0011199999999999995,0.0007451318338142879,0.0,0.1079203495647022,0.06122019485013707
2025-12-15,2025-12-16,2025-12-16,2025-12-29,10,ExtraTreesDeep,6363.52,-0.0185086241576989,0.0355935079955747,1.0,1.0,0.0,0.0,1.0,-0.0809013006679111,0.7069003200006471,0.7118433494332224,0.4748107562766284,0.3999533765419388,0.0748573797346896,0.6655956435733592,1,1,1,0,0,2025-12-01,2135,2025-11-28,120,120,120,120,120,120,120,1540,-0.0496038472739762,-0.0756179474962521,0.0438006131396919,-0.0324732049439117,-0.0046503986612758,0.0287566260953247,0.0173965662051128,0.0133075649152631,0.6593421560676154,1.3072689343156847,-0.068664125935943,-0.0756179474962521,-0.0756179474962521,-0.0412922766837553,0.25,1.0,0.0,0.0,0.3653664795253045,1.0,ml_big_up_index_enhancement,0.88,ADJUST,0.0,0.0,-0.016287589258775,-0.0185086241576989,0.002221034898923901,165659.97564679472,172732.27595171347,-0.0894714451188911,-0.0927269874841663,-0.0185086241576989,172732.27595171347,-0.12,0.002221034898923868,0.0,-0.045599119815644004,-0.04447911981564133,0.0011199999999999995,0.0,0.002221034898923868,0.1079203495647022,0.06344122974906094
2025-12-16,2025-12-17,2025-12-17,2025-12-30,10,ExtraTreesDeep,6245.74,0.0006516441606601,0.0458552549417683,1.0,1.0,1.0,0.0,1.0,-0.0788137431087275,0.686592797215047,0.7323061313186815,0.4823553749286766,0.3864495930358805,0.095905781892796,0.6689589760664738,1,1,1,0,0,2025-12-01,2135,2025-11-28,120,120,120,120,120,120,120,1540,-0.059275916551318,-0.0859018715935768,0.0238498422195811,-0.0461246053512255,-0.0234433389058483,0.0237780181485116,0.0176924725555024,0.0135391267291329,0.6772954120535712,1.3067661533466977,-0.0693959165550421,-0.0927269874841664,-0.0927269874841664,-0.0338370619223243,0.25,1.0,1.0,0.0,0.3718640192799949,1.0,ml_big_up_index_enhancement,0.88,ADJUST,0.0,0.0,0.0005734468613808,0.0006516441606601,-7.819729927929992e-05,165754.9728398858,172844.83593069494,-0.0889493053768969,-0.0921357683234358,0.0006516441606601,172844.83593069494,-0.12,-7.819729927921199e-05,0.0,-0.0456773171149233,-0.044557317114920544,0.0011199999999999995,7.819729927921199e-05,0.0,0.10799854686398142,0.06344122974906094
2025-12-17,2025-12-18,2025-12-18,2025-12-31,10,ExtraTreesDeep,6249.81,0.0177109384125275,0.0507231419835161,1.0,1.0,1.0,0.0,1.0,-0.0467093537406854,0.6844751273144246,0.7417156617678651,0.4762444628609267,0.3896393214320985,0.0866051414288281,0.6716727237227792,1,1,1,0,0,2025-12-01,2135,2025-11-28,120,120,120,120,120,120,120,1540,-0.0497158183792068,-0.0658833798412998,0.0090836434678012,-0.0422792913417499,-0.0229502162107544,0.0201823714954176,0.0172874727939033,0.0133988759229427,0.7702745804134153,1.2902181416802436,-0.0687894938381789,-0.092135768323436,-0.092135768323436,-0.0241502682626481,0.25,1.0,1.0,0.0,0.3676403884850471,1.0,ml_big_up_index_enhancement,0.88,ADJUST,0.0,0.0,0.0155856258030242,0.0177109384125275,-0.002125312609503301,168338.3678215587,175906.08017478694,-0.074750010162916,-0.0760566408292753,0.0177109384125275,175906.08017478694,-0.12,-0.0021253126095033,0.0,-0.0478026297244266,-0.046682629724423844,0.0011199999999999995,0.0021253126095033,0.0,0.11012385947348471,0.06344122974906094
2025-12-18,2025-12-19,2025-12-19,2026-01-05,10,ExtraTreesDeep,6360.5,0.0252181432277336,0.0461567486832796,1.0,1.0,1.0,0.0,1.0,-0.0136744552631723,0.7119408245077589,0.7507327795714134,0.453528855692985,0.3963913783748088,0.0571374773181762,0.682446964628769,1,1,1,0,0,2025-12-01,2135,2025-11-28,120,120,120,120,120,120,120,1540,-0.0071755584588705,-0.0432978960224776,0.028220493927348,-0.0231626631130602,-0.0060978241113225,0.0174694786504796,0.0178882313533025,0.0135854930742303,0.8152831951191752,1.3167156506990467,-0.0522968819144481,-0.0760566408292756,-0.0760566408292756,0.0170820329151296,0.25,1.0,0.0,0.0,0.3717648839607503,1.0,ml_big_up_index_enhancement,0.88,ADJUST,0.0,0.0,0.0221919660404055,0.0252181432277336,-0.0030261771873281024,172074.12716355204,180342.1048992639,-0.0542168938095658,-0.0527565048633946,0.0252181432277336,180342.1048992639,-0.12,-0.003026177187328032,0.0,-0.050828806911754704,-0.04970880691175188,0.0011199999999999995,0.003026177187328032,0.0,0.11315003666081275,0.06344122974906094
2025-12-19,2025-12-22,2025-12-22,2026-01-06,10,ExtraTreesDeep,6520.9,-0.0012927663359351,0.0236991826281647,1.0,1.0,0.0,0.0,,0.0266982558183662,0.7667415948519991,0.7927501775453611,0.4670471962817499,0.3037699478758379,0.163277248405912,0.8110104559145007,1,1,1,0,0,2025-12-01,2135,2025-11-28,120,120,120,120,120,120,120,1540,0.0310945961971775,0.0304607673028725,0.0758182184137499,-8.817723470944117e-06,0.0177484409098693,0.0177574152133173,0.0152669417786687,0.0136760400716237,1.103587946192661,1.1163276576196928,-0.0283975689451969,-0.052756504863395,-0.052756504863395,0.0529248445072905,0.75,0.0,0.0,0.0,0.3951046561293654,1.0,ml_big_up_index_enhancement,0.88,ADJUST,0.0,0.0,-0.0011376343756228,-0.0012927663359351,0.00015513196031229992,171878.36972133548,180108.96469709845,-0.0552928491830514,-0.0539810693658409,-0.0012927663359351,180108.96469709845,-0.12,0.000155131960312212,0.0,-0.050673674951442406,-0.04955367495143966,0.0011199999999999995,0.0,0.000155131960312212,0.11315003666081275,0.06359636170937315
2025-12-22,2025-12-23,2025-12-23,2026-01-07,10,ExtraTreesDeep,6512.47,-0.006220374143758,0.0207095003892532,1.0,1.0,0.0,0.0,,0.0251879881546841,0.7849152532814974,0.8062992628029613,0.4788931734403505,0.2899126901273939,0.1889804833129565,0.8284181866493497,1,1,1,0,0,2025-12-01,2135,2025-11-28,120,120,120,120,120,120,120,1540,0.0234068565825202,0.00697813938961,0.0834956851301282,-0.0016470408605328,0.0151075456519282,0.0167822275269287,0.0144991514492107,0.0136215439239155,1.185196063450966,1.0644279040758595,-0.0296536238599773,-0.0539810693658411,-0.0539810693658411,0.0390105020759656,0.75,0.0,0.0,0.0,0.4120006821479662,1.0,ml_big_up_index_enhancement,1.0,ADJUST,0.12,0.00012,-0.006340374143758,-0.006220374143758,-0.00011999999999999945,170788.59655008305,178988.6195500376,-0.0612826459755144,-0.0598656610614631,-0.006220374143758,178988.6195500376,0.0,-0.0,0.00012,-0.05079367495144241,-0.04955367495143966,0.0012399999999999996,0.0,0.0,0.11315003666081275,0.06359636170937315
2025-12-23,2025-12-24,2025-12-24,2026-01-08,10,ExtraTreesDeep,6471.96,0.0099166249482383,0.0471201923374062,1.0,1.0,1.0,0.0,1.0,0.018954523312818,0.7308981425464952,0.7506709601890108,0.5237279851287107,0.3465036990938226,0.177224286034888,0.7949529708605012,1,1,1,1,0,2025-12-01,2135,2025-11-28,120,120,120,120,120,120,120,1540,0.0362198874753032,-0.0167407306123378,0.0837736051268569,-0.0070184986140442,0.0074838412935391,0.0146048439848494,0.0139747071223629,0.0136190769682266,0.9668567774802154,1.0261126473523836,-0.0356895413686081,-0.0598656610614635,-0.0598656610614635,0.033706375186434,0.5,0.0,0.0,0.0,0.3710951019914819,1.0,ml_big_up_index_enhancement,0.97,ADJUST,0.03,3.0000000000000028e-05,0.0095891261997911,0.0099166249482383,-0.00032749874844719903,172426.309955887,180763.58256011823,-0.0522811668018396,-0.0505427014212498,0.0099166249482383,180763.58256011823,-0.030000000000000027,-0.00029749874844714924,3e-05,-0.05112117369988961,-0.049851173699886814,0.0012699999999999996,0.00029749874844714924,0.0,0.11344753540925989,0.06359636170937315
2025-12-24,2025-12-25,2025-12-25,2026-01-09,10,ExtraTreesDeep,6536.14,0.0111900907875288,0.0492951497366946,1.0,1.0,1.0,0.0,1.0,0.0204848378983314,0.7549336235344687,0.7294101831145224,0.4698277310102867,0.3033275686762575,0.1665001623340292,0.8027352123660523,1,1,1,0,0,2025-12-01,2135,2025-11-28,120,120,120,120,120,120,120,1540,0.0458141927514597,0.0028553761931284,0.1089612533572674,0.0026853781504869,0.0157821807243865,0.0130617268978803,0.0139975278304599,0.0135280804054494,0.92964690474074,1.0347017027501868,-0.0261268362166969,-0.0505427014212501,-0.0505427014212501,0.0426626576214819,1.0,0.0,0.0,0.0,0.3417862211981912,1.0,ml_big_up_index_enhancement,1.0,ADJUST,0.03,3.0000000000000028e-05,0.0111600907875288,0.0111900907875288,-3.0000000000000512e-05,174350.6032291533,182786.34346004497,-0.0417045385822972,-0.0399181880512715,0.0111900907875288,182786.34346004497,0.0,0.0,3e-05,-0.05115117369988961,-0.049851173699886814,0.0012999999999999997,-0.0,0.0,0.11344753540925989,0.06359636170937315
2025-12-25,2025-12-26,2025-12-26,2026-01-12,10,ExtraTreesDeep,6609.28,-0.0064575869081048,0.0533144306187662,1.0,1.0,1.0,0.0,1.0,0.0236973343375281,0.7718577236296209,0.7391809380651047,0.5167526258162942,0.2983239960531806,0.2184286297631136,0.7852319128558407,1,1,1,1,0,2025-12-01,2135,2025-11-28,120,120,120,120,120,120,120,1540,0.0391132772580771,0.0020270137100111,0.0977192854248187,0.0138015510399231,0.0255859323730067,0.0116239527558381,0.0139616706677757,0.0133367977735512,0.876200330760893,1.046853293034379,-0.0152291070984237,-0.0399181880512719,-0.0399181880512719,0.0370677748160244,1.0,0.0,0.0,0.0,0.3289173605785671,1.0,ml_big_up_index_enhancement,1.0,ADJUST,0.0,0.0,-0.0064575869081048,-0.0064575869081048,0.0,173224.71905632052,181605.984761537,-0.0478928148080446,-0.0461179997908213,-0.0064575869081048,181605.984761537,0.0,-0.0,0.0,-0.05115117369988961,-0.049851173699886814,0.0012999999999999997,0.0,0.0,0.11344753540925989,0.06359636170937315
2025-12-26,2025-12-29,2025-12-29,2026-01-13,10,ExtraTreesDeep,6566.6,0.0035665336703925,0.0599305576706361,1.0,1.0,1.0,0.0,1.0,0.0234850685966712,0.8076512041045134,0.7477793504897079,0.4923933162337149,0.2789429941096839,0.2134503221240309,0.8087074489586126,1,1,1,0,0,2025-12-01,2135,2025-11-28,120,120,120,120,120,120,120,1540,0.0070082350595777,-0.0215883507239077,0.1005985193726859,0.008375384805328,0.0173838581271177,0.0089336505606281,0.0134141040683056,0.0133056390500379,0.6406803377185663,1.0081518082566223,-0.0214090065064542,-0.0461179997908216,-0.0461179997908216,0.0069885624387426,0.75,0.0,0.0,0.0,0.2846637385787341,1.0,ml_big_up_index_enhancement,0.97,ADJUST,0.03,3.0000000000000028e-05,0.0034295376602807,0.0035665336703925,-0.00013699601011179976,173818.7997540157,182253.6886209338,-0.044627527359805,-0.0427159475194939,0.0035665336703925,182253.6886209338,-0.030000000000000027,-0.0001069960101117751,3e-05,-0.05128816971000141,-0.04995816970999859,0.0013299999999999998,0.0001069960101117751,0.0,0.11355453141937166,0.06359636170937315
2025-12-29,2025-12-30,2025-12-30,2026-01-14,10,ExtraTreesDeep,6590.02,-0.0087829778968804,0.0600438238427196,1.0,1.0,1.0,0.0,1.0,0.0132823691777722,0.6845717314636109,0.6009458027500053,0.5321013110233707,0.4239847338207175,0.1081165772026531,0.5984419965746959,1,1,1,1,0,2025-12-29,2155,2025-12-26,120,120,120,120,120,120,120,1558,0.0119079243359279,-0.0179188287786166,0.1002327344123039,0.0129069156739876,0.0194320063861523,0.0064419450703652,0.0134523479290307,0.0133047678813125,0.6306495623810081,1.0110922677520404,-0.015775914212959,-0.0427159475194941,-0.0427159475194941,0.0138777096470182,0.75,0.0,0.0,0.0,0.281485148102785,1.0,ml_big_up_index_enhancement,0.97,ADJUST,0.0,0.0,-0.0085194885599739,-0.0087829778968804,0.0002634893369065014,172337.95247800296,180652.9585021512,-0.0527668122109772,-0.0511237521934663,-0.0087829778968804,180652.9585021512,-0.030000000000000027,0.00026348933690641227,0.0,-0.05102468037309491,-0.04969468037309218,0.0013299999999999998,0.0,0.00026348933690641227,0.11355453141937166,0.06385985104627956
2025-12-30,2025-12-31,2025-12-31,2026-01-15,10,ExtraTreesDeep,6532.14,0.0053091329946999,0.0694198226002504,1.0,1.0,1.0,0.0,1.0,0.0108815787098753,0.6517783722225141,0.5930869257721748,0.4912393395469939,0.4815889447383643,0.0096503948086296,0.5756778352734674,1,1,1,0,0,2025-12-29,2155,2025-12-26,120,120,120,120,120,120,120,1558,0.0092985741568243,-0.0232080318930995,0.0762060102807433,0.0052095267568206,0.0092747664363899,0.0040441714601384,0.0135600097929682,0.0132826138844889,0.6772257634954664,1.0208841355242009,-0.024420332604004,-0.0511237521934666,-0.0511237521934666,0.0112692087646041,0.75,0.0,0.0,0.0,0.3113711002364102,1.0,ml_big_up_index_enhancement,0.97,ADJUST,0.0,0.0,0.0051498590048589,0.0053091329946999,-0.00015927398984099967,173225.46863445075,181612.0690847251,-0.0478886948491407,-0.0460860419983496,0.0053091329946999,181612.0690847251,-0.030000000000000027,-0.00015927398984099715,0.0,-0.051183954362935914,-0.049853954362933176,0.0013299999999999998,0.00015927398984099715,0.0,0.11371380540921266,0.06385985104627956
2025-12-31,2026-01-05,2026-01-05,2026-01-16,10,ExtraTreesDeep,6566.82,0.013288014594583,0.0622325570062831,1.0,1.0,1.0,0.0,1.0,0.0140079948973488,0.6753082379048718,0.6222632341110274,0.5445582103700459,0.468979605861657,0.0755786045083889,0.6132404441227752,1,1,1,1,0,2025-12-29,2155,2025-12-26,120,120,120,120,120,120,120,1558,0.0046939019054057,-0.0092574432197074,0.0817236891956445,0.01102364677773,0.0133385154700771,0.0022896286350224,0.0135029382289498,0.0132917086324014,0.6199560173755804,1.015891831696756,-0.0192408504028734,-0.0460860419983498,-0.0460860419983498,0.0068859858138234,0.75,0.0,0.0,0.0,0.2791696128731158,1.0,ml_big_up_index_enhancement,0.97,ADJUST,0.0,0.0,0.0128893741567455,0.013288014594583,-0.00039864043783749935,175458.23651315775,184025.3329092754,-0.035616575998184,-0.0334104194024471,0.013288014594583,184025.3329092754,-0.030000000000000027,-0.00039864043783749035,0.0,-0.051582594800773415,-0.05025259480077066,0.0013299999999999998,0.00039864043783749035,0.0,0.11411244584705016,0.06385985104627956
2026-01-05,2026-01-06,2026-01-06,2026-01-19,10,ExtraTreesDeep,6654.08,0.003210060594402,0.0674578604405116,1.0,1.0,1.0,0.0,1.0,0.0142525599603322,0.7056345681333235,0.6799158505885956,0.5760233538516083,0.3642965830539512,0.211726770797657,0.6916812628729637,1,1,1,1,0,2025-12-29,2155,2025-12-26,120,120,120,120,120,120,120,1558,0.006778348019754,0.0217852311273745,0.0965401886870185,0.0233405423070638,0.0252590395320124,0.0018747397817577,0.0132000939994974,0.0133775152306041,0.6846835363453272,0.9867373553273332,-0.0062085085092559,-0.0334104194024473,-0.0334104194024473,0.0090205985891678,1.0,0.0,0.0,0.0,0.2676345214541277,1.0,ml_big_up_index_enhancement,1.0,ADJUST,0.03,3.0000000000000028e-05,0.003180060594402,0.003210060594402,-3.000000000000008e-05,176016.2043370565,184616.0653788192,-0.0325497782736214,-0.0303076082788114,0.003210060594402,184616.0653788192,0.0,0.0,3e-05,-0.05161259480077342,-0.05025259480077066,0.0013599999999999999,-0.0,0.0,0.11411244584705016,0.06385985104627956
2026-01-06,2026-01-07,2026-01-07,2026-01-20,10,ExtraTreesDeep,6675.44,-0.0042094603501791,0.0653544934865717,1.0,1.0,1.0,0.0,1.0,0.0123765212073176,0.7054452635856094,0.6466436975806648,0.5503068770894602,0.3317209008889755,0.2185859762004847,0.6860840883514298,1,1,1,1,0,2025-12-29,2155,2025-12-26,120,120,120,120,120,120,120,1558,0.0165747875612949,0.0077915646989732,0.0911557642735831,0.0262182636978041,0.0270793087342555,0.0008390466891017,0.0126694201970809,0.0133517694967563,0.6238394453938639,0.9488944667715224,-0.0030183776033693,-0.0303076082788114,-0.0303076082788114,0.0183906289030849,1.0,0.0,0.0,0.0,0.2548276770826577,1.0,ml_big_up_index_enhancement,1.0,ADJUST,0.0,0.0,-0.0042094603501791,-0.0042094603501791,0.0,175275.27110391064,183838.93137160095,-0.0366222216227506,-0.034389489953632,-0.0042094603501791,183838.93137160095,0.0,-0.0,0.0,-0.05161259480077342,-0.05025259480077066,0.0013599999999999999,0.0,0.0,0.11411244584705016,0.06385985104627956
2026-01-07,2026-01-08,2026-01-08,2026-01-21,10,ExtraTreesDeep,6647.34,0.0194935116903904,0.0815649568097915,1.0,1.0,1.0,0.0,1.0,0.0169526524369331,0.6894470866412096,0.6565431171484262,0.6056140798336764,0.3331732538650697,0.2724408259686067,0.6785652448877664,1,1,1,1,0,2025-12-29,2155,2025-12-26,120,120,120,120,120,120,120,1558,0.0086980009165373,-0.0072151322127052,0.0877467432266807,0.0222780470982022,0.0213514321965735,-0.0009064215985649,0.0124659100872622,0.0133682646604876,0.6881804508147794,0.9325002462067892,-0.0042094603501791,-0.0343894899536321,-0.0343894899536321,0.0115664538627799,0.5,0.0,0.0,0.0,0.2689864598037476,1.0,ml_big_up_index_enhancement,0.97,ADJUST,0.03,3.0000000000000028e-05,0.0188787063396786,0.0194935116903904,-0.0006148053507117994,178584.24147568893,187422.59772944215,-0.0184348954505945,-0.0155663501876792,0.0194935116903904,187422.59772944215,-0.030000000000000027,-0.0005848053507117125,3e-05,-0.05222740015148522,-0.05083740015148237,0.00139,0.0005848053507117125,0.0,0.11469725119776188,0.06385985104627956
2026-01-08,2026-01-09,2026-01-09,2026-01-22,10,ExtraTreesDeep,6776.92,0.0120143073844756,0.073776877991772,1.0,1.0,1.0,0.0,1.0,0.0165603526167353,0.7566842769336879,0.6574287942447757,0.5196650760057628,0.2910602990508179,0.2286047769549449,0.6915476720161747,1,1,1,1,0,2025-12-29,2155,2025-12-26,120,120,120,120,120,120,120,1558,0.0374731711200311,0.0207296262100316,0.1120278297397525,0.0411040472648689,0.0394438871212272,-0.0015946150127869,0.0130562720913545,0.0135556672258837,0.7036705455575094,0.9631596788112572,0.0,-0.0155663501876793,-0.0155663501876793,0.024420332604004,0.75,0.0,0.0,0.0,0.2516382353496762,1.0,ml_big_up_index_enhancement,1.0,ADJUST,0.03,3.0000000000000028e-05,0.0119843073844756,0.0120143073844756,-3.0000000000000512e-05,180724.44991955705,189674.3504293606,-0.0066715175197994,-0.0037390617192127,0.0120143073844756,189674.3504293606,0.0,0.0,3e-05,-0.05225740015148522,-0.05083740015148237,0.00142,-0.0,0.0,0.11469725119776188,0.06385985104627956
2026-01-09,2026-01-12,2026-01-12,2026-01-23,10,ExtraTreesDeep,6858.34,0.0150634118460151,0.0688913060594837,1.0,1.0,1.0,0.0,1.0,0.0159432025529709,0.7454485656188871,0.6587852999322784,0.545708296155344,0.2081300905795897,0.3375782055757542,0.733598777885771,1,1,1,1,0,2025-12-29,2155,2025-12-26,120,120,120,120,120,120,120,1558,0.0443928720446122,0.0428112237295454,0.114218826407854,0.0513384278870172,0.0500449132990368,-0.0012303503359808,0.0130265610549129,0.013578391558142,0.7132554105215895,0.9593596560486416,0.0,-0.003739061719213,-0.003739061719213,0.0192408504028734,0.75,0.0,0.0,0.0,0.2337014175003991,1.0,ml_big_up_index_enhancement,1.0,ADJUST,0.0,0.0,0.0150634118460151,0.0150634118460151,0.0,183446.77673933984,192531.49328650345,0.0,0.0,0.0150634118460151,192531.49328650345,0.0,0.0,0.0,-0.05225740015148522,-0.05083740015148237,0.00142,-0.0,0.0,0.11469725119776188,0.06385985104627956
2026-01-12,2026-01-13,2026-01-13,2026-01-26,10,ExtraTreesDeep,6961.65,-0.0002169026021129,0.0461298686374638,1.0,1.0,1.0,0.0,1.0,0.0177980942928137,0.7677765440642464,0.6454023797261539,0.5211410290572186,0.2384285878153753,0.2827124412418433,0.6911679258285152,1,1,1,1,0,2025-12-29,2155,2025-12-26,120,120,120,120,120,120,120,1558,0.0462227685870924,0.0866592678963609,0.1441651546229094,0.0626532926201566,0.0634817641211149,0.0007796254024825,0.0115122046621904,0.0135672101935602,0.8285335028159725,0.8485314591539859,0.0,0.0,0.0,0.0062085085092559,1.0,0.0,0.0,0.0,0.2327831231934542,1.0,ml_big_up_index_enhancement,1.0,ADJUST,0.0,0.0,-0.0002169026021129,-0.0002169026021129,0.0,183406.98665611583,192489.73270462092,-0.0002169026021128,-0.0002169026021129,-0.0002169026021129,192489.73270462092,0.0,-0.0,0.0,-0.05225740015148522,-0.05083740015148237,0.00142,0.0,0.0,0.11469725119776188,0.06385985104627956
2026-01-13,2026-01-14,2026-01-14,2026-01-27,10,ExtraTreesDeep,6960.14,0.0036737766769059,0.0437476832362566,1.0,1.0,1.0,0.0,1.0,0.0180789938467452,0.7579007334010975,0.6255908608731164,0.4994866171679408,0.2135637807657837,0.285922836402157,0.6793260046511127,1,1,1,0,0,2025-12-29,2155,2025-12-26,120,120,120,120,120,120,120,1558,0.0426488740817085,0.1005478910542752,0.1567093610140282,0.0572915151556121,0.0607045567977324,0.0032280989615414,0.0108550391460571,0.013457503555391,0.9369599738982606,0.8066161083575312,-0.0002169026021129,-0.0002169026021129,-0.0002169026021129,0.0028014750012563,1.0,0.0,0.0,0.0,0.233857548398742,1.0,ml_big_up_index_enhancement,1.0,ADJUST,0.0,0.0,0.0036737766769059,0.0036737766769059,0.0,184080.78296607468,193196.89699517505,0.0,0.0,0.0036737766769059,193196.89699517505,0.0,0.0,0.0,-0.05225740015148522,-0.05083740015148237,0.00142,-0.0,0.0,0.11469725119776188,0.06385985104627956
2026-01-14,2026-01-15,2026-01-15,2026-01-28,10,ExtraTreesDeep,6985.71,-1.574643092827621e-05,0.0282748639723091,1.0,1.0,0.0,0.0,1.0,0.0184860696402162,0.7300723722644329,0.6083061037383511,0.4678984423652297,0.2050904414128058,0.2628080009524238,0.7033213233919755,1,1,1,0,0,2025-12-29,2155,2025-12-26,120,120,120,120,120,120,120,1558,0.0509030679941149,0.097774502162325,0.1364162846461931,0.0561845148999864,0.0623386456779415,0.0058267572485077,0.0108532275714291,0.013223749515522,0.7488603321618308,0.8207375342893191,0.0,0.0,0.0,0.0042094603501791,1.0,0.0,0.0,0.0,0.1961942395310335,1.0,ml_big_up_index_enhancement,1.0,ADJUST,0.0,0.0,-1.574643092827621e-05,-1.574643092827621e-05,0.0,184077.8843507405,193193.8548335809,-1.574643092816519e-05,-1.5746430928387234e-05,-1.574643092827621e-05,193193.8548335809,0.0,-0.0,0.0,-0.05225740015148522,-0.05083740015148237,0.00142,0.0,0.0,0.11469725119776188,0.06385985104627956
2026-01-15,2026-01-16,2026-01-16,2026-01-29,10,ExtraTreesDeep,6985.6,-0.0014472629409071,0.0237187929454878,1.0,1.0,0.0,0.0,,0.0102343873171147,0.6265936388356788,0.493653349730756,0.3330563097215986,0.3153583856630273,0.0176979240585712,0.5491073704030517,1,1,0,0,0,2025-12-29,2155,2025-12-26,120,120,120,120,120,120,120,1558,0.0307927495086264,0.1184583412053656,0.1111482257353866,0.0502935382199587,0.0604437987253707,0.0096642130376376,0.0094685495910483,0.0129491462560875,0.7440155130236425,0.7312103364804492,-1.574643092827621e-05,-1.574643092827621e-05,-1.574643092827621e-05,-1.574643092827621e-05,1.0,0.0,0.0,0.0,0.1731052055578888,1.0,ml_big_up_index_enhancement,0.98,ADJUST,0.02,2.000000000000002e-05,-0.0014383176820889,-0.0014472629409071,8.945258818199948e-06,183813.1218747973,192914.25252706927,-0.0014540414646471,-0.0014629865826095,-0.0014472629409071,192914.25252706927,-0.020000000000000018,2.8945258818142026e-05,2e-05,-0.05224845489266702,-0.05080845489266423,0.00144,0.0,2.8945258818142026e-05,0.11469725119776188,0.0638887963050977
2026-01-16,2026-01-19,2026-01-19,2026-01-30,10,ExtraTreesDeep,6975.49,0.0182725514623345,0.0391212660329238,1.0,1.0,1.0,0.0,1.0,0.0134529478791791,0.6392337799892243,0.5520773611921995,0.3995852202187168,0.3128678127799238,0.0867174074387929,0.5615189930678642,1,1,1,0,0,2025-12-29,2155,2025-12-26,120,120,120,120,120,120,120,1558,0.017081392873494,0.1161123298148263,0.102687364643766,0.0430831101641195,0.0571715869516351,0.0135065716722218,0.0095383041424775,0.0129430640240621,0.7117475675538295,0.7369432867476409,-0.0014629865826093,-0.0014629865826093,-0.0014629865826093,-0.0014629865826093,1.0,0.0,0.0,0.0,0.1673028802294892,1.0,ml_big_up_index_enhancement,1.0,ADJUST,0.02,2.000000000000002e-05,0.0182525514623345,0.0182725514623345,-1.9999999999999185e-05,187168.18034126936,196439.28813418795,0.0,0.0,0.0182725514623345,196439.28813418795,0.0,0.0,2e-05,-0.05226845489266702,-0.05080845489266423,0.0014600000000000001,-0.0,0.0,0.11469725119776188,0.0638887963050977
2026-01-19,2026-01-20,2026-01-20,2026-02-02,10,ExtraTreesDeep,7102.95,0.001233290393428,0.0072575479202303,1.0,1.0,0.0,0.0,,0.0115419975765087,0.6542248864423995,0.5475063140051116,0.3451662334537209,0.3287589916246127,0.0164072418291081,0.5092822800869515,1,1,1,0,0,2025-12-29,2155,2025-12-26,120,120,120,120,120,120,120,1558,0.0202969123699123,0.1167282446348556,0.1149630252865914,0.0562793558093057,0.0745010542755435,0.017250832713924,0.0095767375788388,0.0131015325524517,0.8537213755791578,0.7309631556841588,0.0,0.0,0.0,0.0,1.0,0.0,0.0,0.0,0.195405044518033,1.0,ml_big_up_index_enhancement,0.98,ADJUST,0.02,2.000000000000002e-05,0.0011886245855594,0.001233290393428,-4.466580786860008e-05,187390.65304205744,196681.5548211357,0.0,0.0,0.001233290393428,196681.5548211357,-0.020000000000000018,-2.466580786856002e-05,2e-05,-0.05231312070053562,-0.05083312070053279,0.0014800000000000002,2.466580786856002e-05,0.0,0.11472191700563043,0.0638887963050977
2026-01-20,2026-01-21,2026-01-21,2026-02-03,10,ExtraTreesDeep,7111.71,0.010942515934986,0.0230746191844155,1.0,1.0,0.0,0.0,,0.0105791133299051,0.6122723513719334,0.5036641251035494,0.3349808056443436,0.3072076847116196,0.0277731209327239,0.5189301015374145,1,1,1,0,0,2025-12-29,2155,2025-12-26,120,120,120,120,120,120,120,1558,0.021776860810271,0.0906025241914461,0.1120561054557394,0.0529564527305139,0.0738859752956893,0.019876911823752,0.0084198173043679,0.0130992861862629,0.9513937249731792,0.6427691696054123,0.0,0.0,0.0,0.0002169026021129,1.0,0.0,0.0,0.0,0.2149395143968373,1.0,ml_big_up_index_enhancement,0.98,ADJUST,0.0,0.0,0.0107236656162862,0.010942515934986,-0.00021885031869980053,189400.167744898,198833.7458688838,0.0,0.0,0.010942515934986,198833.7458688838,-0.020000000000000018,-0.00021885031869972019,0.0,-0.05253197101923542,-0.051051971019232506,0.0014800000000000002,0.00021885031869972019,0.0,0.11494076732433016,0.0638887963050977
2026-01-21,2026-01-22,2026-01-22,2026-02-04,10,ExtraTreesDeep,7189.53,0.0121523938282475,0.0223491660790065,1.0,1.0,0.0,0.0,,0.0090476066796144,0.6188660790685278,0.5026205676347518,0.2730202641263389,0.3814335727575878,-0.1084133086312488,0.4795744148009561,0,1,1,0,0,2025-12-29,2155,2025-12-26,120,120,120,120,120,120,120,1558,0.0291767050163833,0.1039636267038466,0.1223276630486533,0.0591696127207663,0.0835001724570818,0.0229713536378899,0.0084304859628959,0.0131516477045782,1.0086127312925115,0.6410212737040717,0.0,0.0,0.0,0.0,1.0,0.0,0.0,0.0,0.22606012407672,1.0,ml_big_up_index_enhancement,0.97,ADJUST,0.01,1.000000000000001e-05,0.0117778220134,0.0121523938282475,-0.00037457181484749913,191630.88920990555,201250.05185502817,0.0,0.0,0.0121523938282475,201250.05185502817,-0.030000000000000027,-0.0003645718148474253,1e-05,-0.05290654283408292,-0.05141654283407993,0.0014900000000000002,0.0003645718148474253,0.0,0.11530533913917758,0.0638887963050977
2026-01-22,2026-01-23,2026-01-23,2026-02-05,10,ExtraTreesDeep,7276.9,0.0074097486567081,0.0115557448913685,1.0,1.0,0.0,0.0,,0.0069548499269819,0.6102211601362133,0.5304006922310899,0.2461866542339329,0.3562671598834121,-0.1100805056494791,0.4574207627477756,0,1,1,0,0,2025-12-29,2155,2025-12-26,120,120,120,120,120,120,120,1558,0.0417000687127804,0.1243734510102039,0.1311671374098604,0.065722143951354,0.0943478844434764,0.0268604163426569,0.008140525804466,0.0132138920374493,1.002122590005566,0.6160581440649741,0.0,0.0,0.0,1.574643092827621e-05,1.0,0.0,0.0,0.0,0.2232070022833913,1.0,ml_big_up_index_enhancement,0.97,ADJUST,0.0,0.0,0.0071874561970068,0.0074097486567081,-0.00022229245970130027,193008.2278320952,202741.26415642345,0.0,0.0,0.0074097486567081,202741.26415642345,-0.030000000000000027,-0.0002222924597012432,0.0,-0.05312883529378422,-0.051638835293781174,0.0014900000000000002,0.0002222924597012432,0.0,0.11552763159887883,0.0638887963050977
2026-01-23,2026-01-26,2026-01-26,2026-02-06,10,ExtraTreesDeep,7330.82,-0.0065517909319829,0.0127448225437263,1.0,1.0,0.0,0.0,,0.0049614695707926,0.5913528311783769,0.4928601253682851,0.1991587274469302,0.3705363533907588,-0.1713776259438285,0.444125478565561,0,1,0,0,0,2025-12-29,2155,2025-12-26,120,120,120,120,120,120,120,1558,0.050939790609692,0.121582463043937,0.1537875568566347,0.0674074684538474,0.0997633023032911,0.0303125421225611,0.0080947549475991,0.0130924192274988,0.7752384080393402,0.618278013172478,0.0,0.0,0.0,0.0014629865826093,1.0,0.0,0.0,0.0,0.1778301658901462,1.0,ml_big_up_index_enhancement,0.97,ADJUST,0.0,0.0,-0.0063552372040234,-0.0065517909319829,0.00019655372795949946,191781.61476189404,201412.9457803846,-0.0063552372040234,-0.0065517909319829,-0.0065517909319829,201412.9457803846,-0.030000000000000027,0.00019655372795948718,0.0,-0.05293228156582472,-0.05144228156582169,0.0014900000000000002,0.0,0.00019655372795948718,0.11552763159887883,0.06408535003305718
2026-01-26,2026-01-27,2026-01-27,2026-02-09,10,ExtraTreesDeep,7282.79,-0.002493549862072,0.0361674578011996,1.0,1.0,0.0,0.0,1.0,0.0131739825629769,0.6592486329759581,0.602414889138714,0.3004822576166781,0.3167640730965765,-0.0162818154798984,0.4779467227230954,0,1,1,0,0,2025-12-29,2155,2025-12-26,120,120,120,120,120,120,120,1558,0.0253190575746697,0.101903686937155,0.1551494695168471,0.0552398414298123,0.0898923203326251,0.0328384861358721,0.0084361377447367,0.0130778257032842,0.9180015751669808,0.6450718900939457,-0.0065517909319829,-0.0065517909319829,-0.0065517909319829,-0.0065517909319829,1.0,0.0,0.0,0.0,0.2093311052350666,1.0,ml_big_up_index_enhancement,0.98,ADJUST,0.01,1.000000000000001e-05,-0.0024536788648305,-0.002493549862072,3.987099724149989e-05,191311.04426708972,200910.7125572144,-0.0087933223576454,-0.0090290035766802,-0.002493549862072,200910.7125572144,-0.020000000000000018,4.987099724144004e-05,1e-05,-0.052892410568583216,-0.051392410568580245,0.0015000000000000002,0.0,4.987099724144004e-05,0.11552763159887883,0.06413522103029862
2026-01-27,2026-01-28,2026-01-28,2026-02-10,10,ExtraTreesDeep,7264.63,-0.0112049753394185,0.0405485207092446,1.0,1.0,1.0,0.0,1.0,0.0176481968122662,0.6814329218743109,0.5697537941274955,0.3559849988827418,0.2653117742503316,0.0906732246324101,0.5746378295824339,1,1,1,0,0,2025-12-29,2155,2025-12-26,120,120,120,120,120,120,120,1558,0.0215025640809314,0.1063000639600402,0.1319113994658789,0.0473122350320072,0.0848837457619804,0.0358742211474545,0.0081985393539393,0.0129330381973363,1.0193447011370715,0.6339221479781829,-0.0090290035766803,-0.0090290035766803,-0.0090290035766803,-0.0090290035766803,1.0,0.0,0.0,0.0,0.2291041636965161,1.0,ml_big_up_index_enhancement,1.0,ADJUST,0.02,2.000000000000002e-05,-0.0112249753394184,-0.0112049753394185,-1.9999999999900306e-05,189163.58251303324,198659.5129775858,-0.0199195928704477,-0.0201328091536825,-0.0112049753394185,198659.5129775858,0.0,-0.0,2e-05,-0.05291241056858312,-0.051392410568580245,0.0015200000000000003,0.0,0.0,0.11552763159887883,0.06413522103029862
2026-01-28,2026-01-29,2026-01-29,2026-02-11,10,ExtraTreesDeep,7183.23,-0.004446467675405,0.0510703402229917,1.0,1.0,1.0,0.0,1.0,0.0235352235505042,0.6458296017247914,0.6531645121007011,0.6122191664840702,0.2751009145179477,0.3371182519661224,0.550976602436174,1,1,1,1,0,2026-01-28,2175,2026-01-27,120,120,120,120,120,120,120,1576,-0.0008762742488035,0.090016418766559,0.1037708016410823,0.0311678186603816,0.070927558610087,0.0385579720683664,0.0089723701322446,0.0129508779781901,1.082281795646876,0.6928001443110282,-0.0201328091536826,-0.0201328091536826,-0.0201328091536826,-0.0201328091536826,1.0,0.0,0.0,0.0,0.2642135875487321,1.0,ml_big_up_index_enhancement,1.0,ADJUST,0.0,0.0,-0.004446467675405,-0.004446467675405,0.0,188322.4727580252,197776.17987471924,-0.024277488720047,-0.0244897569439708,-0.004446467675405,197776.17987471924,0.0,-0.0,0.0,-0.05291241056858312,-0.051392410568580245,0.0015200000000000003,0.0,0.0,0.11552763159887883,0.06413522103029862
2026-01-29,2026-01-30,2026-01-30,2026-02-12,10,ExtraTreesDeep,7151.29,0.0135765714996873,0.0441081259465077,1.0,1.0,1.0,0.0,1.0,0.0277187948495513,0.6577963947693164,0.666024363359466,0.5877272867894117,0.2476499748268986,0.340077311962513,0.649578572076806,1,1,1,1,0,2026-01-28,2175,2026-01-27,120,120,120,120,120,120,120,1576,-0.0172614712308812,0.094785169944306,0.096080571146554,0.0220408002264946,0.0645075962608932,0.0415509792025792,0.0086859439580115,0.0129748586813925,0.7926379316312383,0.6694442052357954,-0.0244897569439707,-0.0244897569439707,-0.0244897569439707,-0.0244897569439707,1.0,0.0,0.0,0.0,0.1885720767482933,1.0,ml_big_up_index_enhancement,1.0,ADJUST,0.0,0.0,0.0135765714996873,0.0135765714996873,0.0,190879.24627442248,200461.3023217234,-0.0110305222818003,-0.0112456723804431,0.0135765714996873,200461.3023217234,0.0,0.0,0.0,-0.05291241056858312,-0.051392410568580245,0.0015200000000000003,-0.0,0.0,0.11552763159887883,0.06413522103029862
2026-01-30,2026-02-02,2026-02-02,2026-02-13,10,ExtraTreesDeep,7248.38,-0.0129518595879355,0.0323134272761638,1.0,1.0,0.0,0.0,1.0,0.0258521675258643,0.6487382434503053,0.6619360007280428,0.577774595569712,0.2914246180599053,0.2863499775098067,0.6564418919735905,1,1,1,1,0,2026-01-28,2175,2026-01-27,120,120,120,120,120,120,120,1576,-0.011245672380443,0.1037884394577588,0.0980896544410612,0.0308958125893257,0.0772295548274111,0.0449451260469355,0.0089164484804019,0.0130015279719976,1.0551523383596213,0.6858000459335212,-0.011245672380443,-0.011245672380443,-0.011245672380443,-0.011245672380443,1.0,0.0,0.0,0.0,0.2384261411812644,1.0,ml_big_up_index_enhancement,1.0,ADJUST,0.0,0.0,-0.0129518595879355,-0.0129518595879355,0.0,188407.0050784252,197864.9556812377,-0.0238395160939604,-0.0240518795987354,-0.0129518595879355,197864.9556812377,0.0,-0.0,0.0,-0.05291241056858312,-0.051392410568580245,0.0015200000000000003,0.0,0.0,0.11552763159887883,0.06413522103029862
2026-02-02,2026-02-03,2026-02-03,2026-02-24,10,ExtraTreesDeep,7154.5,0.0169557621077645,0.0700859598853869,1.0,1.0,1.0,0.0,1.0,0.0283943118191156,0.6473854278545084,0.6467918894953975,0.6206250029295746,0.3248211471518284,0.2958038557777461,0.645610074385121,1,1,1,1,0,2026-01-28,2175,2026-01-27,120,120,120,120,120,120,120,1576,-0.0176155017513892,0.0752049870154851,0.0825766368023095,0.0139356092428637,0.0618420920814759,0.04724805244229,0.0095394962863759,0.0131373818945335,1.1022112914396718,0.72613374285369,-0.0240518795987351,-0.0240518795987351,-0.0240518795987351,-0.0175000886667521,1.0,0.0,0.0,0.0,0.2711371381379168,1.0,ml_big_up_index_enhancement,1.0,ADJUST,0.0,0.0,0.0169557621077645,0.0169557621077645,0.0,191601.58943597137,201219.90679923215,-0.0072879711498493,-0.0075039354396916,0.0169557621077645,201219.90679923215,0.0,0.0,0.0,-0.05291241056858312,-0.051392410568580245,0.0015200000000000003,-0.0,0.0,0.11552763159887883,0.06413522103029862
2026-02-03,2026-02-04,2026-02-04,2026-02-25,10,ExtraTreesDeep,7275.81,0.0102256655959953,0.0567936765803394,1.0,1.0,1.0,0.0,1.0,0.0241604682439775,0.6319274106809536,0.6437237116636206,0.6116934418733713,0.3855019434767531,0.2261914983966181,0.58803366232271,1,1,1,1,0,2026-01-28,2175,2026-01-27,120,120,120,120,120,120,120,1576,0.0015389634434239,0.0899371427201802,0.0995948198603253,0.0267595977046326,0.0780890387590982,0.0499916837098137,0.0099888026454334,0.0132897326462601,1.4017035880652866,0.7516180280906085,-0.0075039354396915,-0.0075039354396915,-0.0075039354396915,0.0015250681369888,1.0,0.0,0.0,0.0,0.327726008631231,1.0,ml_big_up_index_enhancement,1.0,ADJUST,0.0,0.0,0.0102256655959953,0.0102256655959953,0.0,193560.8432172048,203277.51427741844,0.0,0.0,0.0102256655959953,203277.51427741844,0.0,0.0,0.0,-0.05291241056858312,-0.051392410568580245,0.0015200000000000003,-0.0,0.0,0.11552763159887883,0.06413522103029862
2026-02-04,2026-02-05,2026-02-05,2026-02-26,10,ExtraTreesDeep,7350.21,0.0014666247631018,0.042914420132214,1.0,1.0,1.0,0.0,1.0,0.022917439220769,0.6036990385532793,0.6111300915790513,0.5327880505377798,0.4089153866217426,0.1238726639160371,0.5834076031110266,1,1,1,1,0,2026-01-28,2175,2026-01-27,120,120,120,120,120,120,120,1576,0.0232458100325341,0.1057370316547672,0.1021308754267824,0.0321400637240516,0.0872843216822929,0.0534271073242482,0.0098574769979135,0.0133115731127285,1.2979243393093485,0.7405193146171293,0.0,0.0,0.0,0.0201328091536826,1.0,0.0,0.0,0.0,0.3044170067045603,1.0,ml_big_up_index_enhancement,1.0,ADJUST,0.0,0.0,0.0014666247631018,0.0014666247631018,0.0,193844.72434303403,203575.6461136395,0.0,0.0,0.0014666247631018,203575.6461136395,0.0,0.0,0.0,-0.05291241056858312,-0.051392410568580245,0.0015200000000000003,-0.0,0.0,0.11552763159887883,0.06413522103029862
2026-02-05,2026-02-06,2026-02-06,2026-02-27,10,ExtraTreesDeep,7360.99,0.0085939527155993,0.0488208787133253,1.0,1.0,1.0,0.0,1.0,0.021775493366239,0.611668136782616,0.5810848408355279,0.5081480900511163,0.405162829481458,0.1029852605696582,0.4898341751878869,0,1,1,1,0,2026-01-28,2175,2026-01-27,120,120,120,120,120,120,120,1576,0.0293233808166077,0.0861851696640951,0.0949031379035425,0.0294322794236263,0.0871688254912708,0.0560858127549399,0.0092777012600467,0.0132853064466378,1.2921973220158065,0.6983430376492915,0.0,0.0,0.0,0.0244897569439707,1.0,0.0,0.0,0.0,0.3032716032458519,1.0,ml_big_up_index_enhancement,1.0,ADJUST,0.0,0.0,0.0085939527155993,0.0085939527155993,0.0,195510.61673820647,205325.16559038768,0.0,0.0,0.0085939527155993,205325.16559038768,0.0,0.0,0.0,-0.05291241056858312,-0.051392410568580245,0.0015200000000000003,-0.0,0.0,0.11552763159887883,0.06413522103029862
2026-02-06,2026-02-09,2026-02-09,2026-03-02,10,ExtraTreesDeep,7424.25,0.0164245546688217,0.0071643600363673,1.0,1.0,0.0,0.0,,0.020238898970802,0.6005861438643074,0.5866861818499712,0.4751026190142925,0.4156938615137363,0.0594087575005562,0.463050033599317,0,1,1,0,0,2026-01-28,2175,2026-01-27,120,120,120,120,120,120,120,1576,0.0242633526387965,0.0825141360737438,0.1074639422539056,0.034186773358162,0.0945708421296902,0.0583879723925031,0.0091564777129136,0.0133025065929695,1.2425959795822117,0.688327244863228,0.0,0.0,0.0,0.011245672380443,1.0,0.0,0.0,0.0,0.2933513347591329,1.0,ml_big_up_index_enhancement,1.0,ADJUST,0.0,0.0,0.0164245546688217,0.0164245546688217,0.0,198721.79155115815,208697.5399975119,0.0,0.0,0.0164245546688217,208697.5399975119,0.0,0.0,0.0,-0.05291241056858312,-0.051392410568580245,0.0015200000000000003,-0.0,0.0,0.11552763159887883,0.06413522103029862
2026-02-09,2026-02-10,2026-02-10,2026-03-03,10,ExtraTreesDeep,7546.19,0.0017240488246386,-0.0353767927921242,0.0,0.0,0.0,1.0,0.0,0.0175876833564852,0.5691837622098755,0.5898472502130401,0.3866233799157982,0.3627117299003634,0.0239116500154348,0.4412285623803945,0,1,1,0,0,2026-01-28,2175,2026-01-27,120,120,120,120,120,120,120,1576,0.0547473618002654,0.0839657265159841,0.1154900804297469,0.0469105678424253,0.1104169476810488,0.0606607496278346,0.0092475489892084,0.0134038441757552,0.6877854737118356,0.6899176734638013,0.0,0.0,0.0,0.0240518795987351,1.0,0.0,0.0,0.0,0.1823892335850577,1.0,ml_big_up_index_enhancement,0.98,ADJUST,0.02,2.000000000000002e-05,0.0016695678481458,0.0017240488246386,-5.448097649280001e-05,199053.5710650579,209057.3447460496,0.0,0.0,0.0017240488246386,209057.3447460496,-0.020000000000000018,-3.448097649277203e-05,2e-05,-0.05296689154507592,-0.05142689154507302,0.0015400000000000004,3.448097649277203e-05,0.0,0.1155621125753716,0.06413522103029862
2026-02-10,2026-02-11,2026-02-11,2026-03-04,10,ExtraTreesDeep,7559.2,-0.0012064768758598,-0.0436024976187955,0.0,0.0,0.0,1.0,0.0,0.0165585010384275,0.5448277081593205,0.5741106957234858,0.3748139971813859,0.3632129930257227,0.0116010041556632,0.4442140788131832,0,1,1,0,0,2026-01-28,2175,2026-01-27,120,120,120,120,120,120,120,1576,0.0389496152318435,0.0860701077851882,0.1074679957689073,0.0443756010803522,0.1103338713081838,0.063155698160318,0.0092101919399256,0.0133716878425192,0.6820877736160212,0.6887830503071616,0.0,0.0,0.0,0.0075039354396915,1.0,0.0,0.0,0.0,0.1811954679153666,1.0,ml_big_up_index_enhancement,0.98,ADJUST,0.0,0.0,-0.0011823473383426,-0.0012064768758598,2.4129537517199925e-05,198818.2206051216,208805.1218938848,-0.0011823473383424,-0.0012064768758598,-0.0012064768758598,208805.1218938848,-0.020000000000000018,2.412953751719602e-05,0.0,-0.052942762007558715,-0.05140276200755582,0.0015400000000000004,0.0,2.412953751719602e-05,0.1155621125753716,0.06415935056781581
2026-02-11,2026-02-12,2026-02-12,2026-03-05,10,ExtraTreesDeep,7550.08,-0.0110409426125285,-0.0299255107230651,0.0,0.0,0.0,1.0,0.0,0.0149086886091585,0.5095368674740939,0.5438972213261812,0.3599427840000934,0.4282405213165121,-0.0682977373164186,0.4021676610036966,0,1,1,0,0,2026-01-28,2175,2026-01-27,120,120,120,120,120,120,120,1576,0.0271924203526157,0.0807892111181254,0.0967449535740432,0.0390646315436724,0.1071890907883967,0.0655632548511597,0.0092885405521243,0.0133473258425761,0.7695430783444142,0.6959102266384435,-0.0012064768758598,-0.0012064768758598,-0.0012064768758598,-0.0012064768758598,1.0,0.0,0.0,0.0,0.1992294434551821,1.0,ml_big_up_index_enhancement,0.97,ADJUST,0.01,1.000000000000001e-05,-0.0107197143341526,-0.0110409426125285,0.00032122827837590025,196686.94607581015,206499.7165258524,-0.0118893872467842,-0.0122340988464385,-0.0110409426125285,206499.7165258524,-0.030000000000000027,0.0003312282783758553,1e-05,-0.052621533729182816,-0.05107153372917997,0.0015500000000000004,0.0,0.0003312282783758553,0.1155621125753716,0.06449057884619167
2026-02-12,2026-02-13,2026-02-13,2026-03-06,10,ExtraTreesDeep,7466.72,0.0021267705230676,0.0149195362890264,1.0,1.0,0.0,0.0,,0.0142009738705034,0.5381400155039393,0.5579150419987843,0.5209325836848114,0.4193716254324157,0.1015609582523957,0.4468425773142252,0,1,1,1,0,2026-01-28,2175,2026-01-27,120,120,120,120,120,120,120,1576,0.0143635570758824,0.068873110398534,0.0927952135911531,0.0242015965497091,0.0932704850459968,0.0674368100274052,0.0098456799032334,0.0133964944089153,1.0505360166290976,0.7349445013526227,-0.0122340988464386,-0.0122340988464386,-0.0122340988464386,-0.0122340988464386,1.0,0.0,0.0,0.0,0.2778898545516347,1.0,ml_big_up_index_enhancement,1.0,ADJUST,0.03,3.0000000000000028e-05,0.0020967705230676,0.0021267705230676,-3.000000000000008e-05,197099.3534666141,206938.89403598144,-0.009817546040433,-0.0101333474441738,0.0021267705230676,206938.89403598144,0.0,0.0,3e-05,-0.05265153372918282,-0.05107153372917997,0.0015800000000000005,-0.0,0.0,0.1155621125753716,0.06449057884619167
2026-02-13,2026-02-24,2026-02-24,2026-03-09,10,ExtraTreesDeep,7482.6,0.0231644080934434,0.0037807713896238,1.0,1.0,0.0,0.0,,0.0115605638347146,0.5270655375597446,0.5210747446105845,0.4725606229871025,0.388808389787114,0.0837522331999885,0.4302062987464448,0,1,1,0,0,2026-01-28,2175,2026-01-27,120,120,120,120,120,120,120,1576,0.0078593797353267,0.0726988354939941,0.1183733620701252,0.0228224766148248,0.0934822388049996,0.0690831144266923,0.0097856715736107,0.0130708714810525,1.0061066171143178,0.7486625193887008,-0.0101333474441739,-0.0101333474441739,-0.0101333474441739,-0.0101333474441739,1.0,0.0,0.0,0.0,0.268222008632999,1.0,ml_big_up_index_enhancement,1.0,ADJUST,0.0,0.0,0.0231644080934434,0.0231644080934434,0.0,201665.0433252686,211732.5110278368,0.0,0.0,0.0231644080934434,211732.5110278368,0.0,0.0,0.0,-0.05265153372918282,-0.05107153372917997,0.0015800000000000005,-0.0,0.0,0.1155621125753716,0.06449057884619167
2026-02-24,2026-02-25,2026-02-25,2026-03-10,10,ExtraTreesDeep,7655.93,0.0043234460085188,0.0058281619607285,1.0,1.0,0.0,0.0,,0.0179315171601201,0.5772282352684446,0.6096415562680108,0.5045983779695773,0.349832585156251,0.1547657928133262,0.4451383189046922,0,1,1,1,0,2026-01-28,2175,2026-01-27,120,120,120,120,120,120,120,1576,0.0145424379720098,0.0778521600180206,0.1515516608607237,0.0425752060929656,0.1160732095906784,0.0704965963780641,0.0102240712473564,0.0133068241139977,1.2214558046917583,0.7683329365270166,0.0,0.0,0.0,0.0,1.0,0.0,0.0,0.0,0.3092651766596523,1.0,ml_big_up_index_enhancement,1.0,ADJUST,0.0,0.0,0.0043234460085188,0.0043234460085188,0.0,202536.93125189104,212647.9251075138,0.0,0.0,0.0043234460085188,212647.9251075138,0.0,0.0,0.0,-0.05265153372918282,-0.05107153372917997,0.0015800000000000005,-0.0,0.0,0.1155621125753716,0.06449057884619167
2026-02-25,2026-02-26,2026-02-26,2026-03-11,10,ExtraTreesDeep,7689.03,-0.0030419961945784,-0.0064715575306637,0.0,0.0,0.0,0.0,0.0,0.0162920225180657,0.5823622789677265,0.6088429833810722,0.5357263331616777,0.4006897530730321,0.1350365800886456,0.5033697500335947,1,1,1,1,0,2026-01-28,2175,2026-01-27,120,120,120,120,120,120,120,1576,0.0171750978939571,0.0811787882239292,0.215053712465274,0.0429828242871757,0.1172044724910357,0.0711628671877568,0.0102064958464384,0.0115301598350198,1.2225913044177306,0.8851998578058639,0.0,0.0,0.0,0.0,1.0,0.0,0.0,0.0,0.3094922766048467,1.0,ml_big_up_index_enhancement,1.0,ADJUST,0.0,0.0,-0.0030419961945784,-0.0030419961945784,0.0,201920.81467776117,212001.0509285517,-0.0030419961945784,-0.0030419961945785,-0.0030419961945784,212001.0509285517,0.0,-0.0,0.0,-0.05265153372918282,-0.05107153372917997,0.0015800000000000005,0.0,0.0,0.1155621125753716,0.06449057884619167
2026-02-26,2026-02-27,2026-02-27,2026-03-12,10,ExtraTreesDeep,7665.64,0.0071383472221495,-0.0167370239145068,0.0,0.0,0.0,1.0,0.0,0.0139916839169778,0.5151198818366934,0.5604137489972475,0.4828524094804668,0.3845733448906584,0.0982790645898084,0.4147873592283844,0,1,1,0,0,2026-01-28,2175,2026-01-27,120,120,120,120,120,120,120,1576,0.0153057980842588,0.0662226877139395,0.185284831167064,0.0364632202217982,0.1105831914916581,0.0715123989194703,0.0101819222156173,0.0112932979001393,1.244942595352304,0.9015898018143774,-0.0030419961945784,-0.0030419961945784,-0.0030419961945784,-0.0018355193187186,1.0,0.0,0.0,0.0,0.3153314330793217,1.0,ml_big_up_index_enhancement,1.0,ADJUST,0.0,0.0,0.0071383472221495,0.0071383472221495,0.0,203362.19556431036,213514.3880415403,0.0,0.0,0.0071383472221495,213514.3880415403,0.0,0.0,0.0,-0.05265153372918282,-0.05107153372917997,0.0015800000000000005,-0.0,0.0,0.1155621125753716,0.06449057884619167
2026-02-27,2026-03-02,2026-03-02,2026-03-13,10,ExtraTreesDeep,7720.36,-0.0314648539705402,-0.0231427031900066,0.0,0.0,0.0,1.0,0.0,0.0106904217768181,0.5063618397239431,0.5695190317415241,0.4439391013083505,0.401518039190141,0.0424210621182095,0.4013045280388944,0,1,1,0,0,2026-01-28,2175,2026-01-27,120,120,120,120,120,120,120,1576,0.0339694002185697,0.0609407852244774,0.1729237407230159,0.0407417230684408,0.1154452733211945,0.071779144236193,0.0100117617369642,0.0111387741899126,0.989705384320561,0.8988207828138772,0.0,0.0,0.0,0.0122340988464386,1.0,0.0,0.0,0.0,0.2636755916340574,1.0,ml_big_up_index_enhancement,1.0,ADJUST,0.0,0.0,-0.0314648539705402,-0.0314648539705402,0.0,196963.43377775088,206796.189001204,-0.0314648539705403,-0.0314648539705401,-0.0314648539705402,206796.189001204,0.0,-0.0,0.0,-0.05265153372918282,-0.05107153372917997,0.0015800000000000005,0.0,0.0,0.1155621125753716,0.06449057884619167
2026-03-02,2026-03-03,2026-03-03,2026-03-16,10,ExtraTreesDeep,7477.44,-0.0265077352676852,0.0109181752043481,1.0,1.0,0.0,0.0,,0.0184268080327655,0.6879824318322818,0.6208521834317512,0.5364791592898253,0.3517611600203666,0.1847179992694586,0.5865247875536536,1,1,1,1,0,2026-01-28,2175,2026-01-27,120,120,120,120,120,120,120,1576,-0.0006895998717024,0.0200004910773965,0.1472812553221849,0.0069997650651707,0.0778565078346127,0.0703642098316243,0.0125615042775782,0.0118779039913864,1.594913058502084,1.0575522656764618,-0.0314648539705402,-0.0314648539705402,-0.0314648539705402,-0.0213315065263662,1.0,0.0,0.0,0.0,0.4163763107571052,1.0,ml_big_up_index_enhancement,1.0,ADJUST,0.0,0.0,-0.0265077352676852,-0.0265077352676852,0.0,191742.379217756,201314.49036879383,-0.057138527218938,-0.0571385272189379,-0.0265077352676852,201314.49036879383,0.0,-0.0,0.0,-0.05265153372918282,-0.05107153372917997,0.0015800000000000005,0.0,0.0,0.1155621125753716,0.06449057884619167
2026-03-03,2026-03-04,2026-03-04,2026-03-17,10,ExtraTreesDeep,7279.23,-0.0068180288299722,0.0153065640184471,1.0,1.0,0.0,0.0,,0.0164038081804779,0.7053744832585545,0.70711594284168,0.5768508259695645,0.3210445037410452,0.2558063222285192,0.6486965388030664,1,1,1,1,0,2026-01-28,2175,2026-01-27,120,120,120,120,120,120,120,1576,-0.0492036891664371,-0.0004888236513753,0.103597532410236,-0.0196700180753992,0.0475652361227474,0.0685843087917696,0.0139178020174051,0.0123777488820113,1.285552080036443,1.124421100320749,-0.0571385272189379,-0.0571385272189379,-0.0571385272189379,-0.0571385272189379,0.5,0.0,0.0,0.0,0.3821278357975821,1.0,ml_big_up_index_enhancement,0.88,ADJUST,0.12,0.00012,-0.0061198653703755,-0.0068180288299722,0.0006981634595967,190568.94167114783,199941.9223695683,-0.0629087124952723,-0.0635669839230292,-0.0068180288299722,199941.9223695683,-0.12,0.0008181634595966639,0.00012,-0.051953370269586116,-0.050253370269583306,0.0017000000000000006,0.0,0.0008181634595966639,0.1155621125753716,0.06530874230578833
2026-03-04,2026-03-05,2026-03-05,2026-03-18,10,ExtraTreesDeep,7229.6,0.0130767953967023,0.0394807458227286,1.0,1.0,1.0,0.0,1.0,0.018447766598225,0.6684082040278843,0.6866343924053054,0.4720465622459583,0.3006283850527261,0.1714181771932322,0.591649846440182,1,1,1,0,0,2026-01-28,2175,2026-01-27,120,120,120,120,120,120,120,1576,-0.0597513600545192,-0.0048219936872214,0.077197462858471,-0.0261242152322601,0.0391315771469245,0.0670062788292322,0.0139930817609709,0.012249239801743,1.1647920206715137,1.1423632802894237,-0.0635669839230294,-0.0635669839230294,-0.0635669839230294,-0.0635669839230294,0.5,1.0,0.0,0.0,0.3603426350073895,1.0,ml_big_up_index_enhancement,0.88,ADJUST,0.0,0.0,0.011507579949098,0.0130767953967023,-0.0015692154476042997,192761.92900324357,202556.52197961847,-0.0521250595847083,-0.0513214409690738,0.0130767953967023,202556.52197961847,-0.12,-0.001569215447604276,0.0,-0.053522585717190416,-0.051822585717187584,0.0017000000000000006,0.001569215447604276,0.0,0.11713132802297588,0.06530874230578833
2026-03-05,2026-03-06,2026-03-06,2026-03-19,10,ExtraTreesDeep,7324.14,0.0346771088482742,-0.0043418066831054,0.0,0.0,0.0,0.0,0.0,0.0105583322586991,0.6403982317841733,0.6248713646034499,0.3092336602149952,0.4059510761792186,-0.0967174159642234,0.5189186878168371,1,1,1,0,0,2026-03-05,2195,2026-03-04,120,120,120,120,120,120,120,1589,-0.0445494440125024,0.0196165234859528,0.0914837875134495,-0.0143245220645307,0.0511742528658207,0.0664506487140583,0.0140365808335878,0.0123410419810665,1.408613533777212,1.1373902507683311,-0.0513214409690738,-0.0513214409690738,-0.0513214409690738,-0.0482794447744954,0.75,1.0,0.0,0.0,0.3863565852028834,1.0,ml_big_up_index_enhancement,0.88,ADJUST,0.0,0.0,0.0305158557864812,0.0346771088482742,-0.004161253061792998,198644.2242298305,209580.59654023353,-0.0231998445993757,-0.0184240113155346,0.0346771088482742,209580.59654023353,-0.12,-0.004161253061792903,0.0,-0.057683838778983414,-0.055983838778980485,0.0017000000000000006,0.004161253061792903,0.0,0.12129258108476879,0.06530874230578833
2026-03-06,2026-03-09,2026-03-09,2026-03-20,10,ExtraTreesDeep,7578.12,-0.0088715934822883,-0.073082769869044,0.0,0.0,0.0,1.0,0.0,0.0134667165014542,0.5067511559665118,0.5734421648095068,0.3847030337380573,0.5230624354150432,-0.1383594016769858,0.4024672796304944,0,1,1,0,1,2026-03-05,2195,2026-03-04,120,120,120,120,120,120,120,1589,-0.0184240113155345,0.0596857350212338,0.1332039345988089,0.0169350963328784,0.0853133798727157,0.0672395748621645,0.0158384584993653,0.013041964750492,1.7447648582579491,1.2144227347929142,-0.0184240113155345,-0.0184240113155345,-0.0184240113155345,-0.0184240113155345,1.0,1.0,0.0,0.0,0.4458957472494718,1.0,ml_big_up_index_enhancement,0.88,ADJUST,0.0,0.0,-0.0078070022644137,-0.0088715934822883,0.0010645912178746005,197093.4083214555,207721.28268595308,-0.0308257256244681,-0.0271321544591185,-0.0088715934822883,207721.28268595308,-0.12,0.001064591217874596,0.0,-0.05661924756110881,-0.05491924756110589,0.0017000000000000006,0.0,0.001064591217874596,0.12129258108476879,0.06637333352366293
2026-03-09,2026-03-10,2026-03-10,2026-03-23,10,ExtraTreesDeep,7510.89,0.0252513350614906,-0.1246283729358306,0.0,0.0,0.0,1.0,0.0,0.0077562712963502,0.4940388843933931,0.5374755312465583,0.3074444827165504,0.5485882660146033,-0.2411437832980529,0.4167009873200786,0,0,1,0,1,2026-03-05,2195,2026-03-04,120,120,120,120,120,120,120,1589,0.0044734561561177,0.0362163683471341,0.1331753211288771,0.0061410869979177,0.0734232391460079,0.0668714885194123,0.0158465437395355,0.0130423234507607,1.478327079326915,1.215009258079031,-0.0271321544591184,-0.0271321544591184,-0.0271321544591184,0.0043326995114217,1.0,1.0,0.0,0.0,0.4140677184625538,1.0,ml_big_up_index_enhancement,0.88,ADJUST,0.0,0.0,0.0222211748541117,0.0252513350614906,-0.0030301602073788993,201473.05541035935,212966.5223944587,-0.0092895346094626,-0.0025659425208151,0.0252513350614906,212966.5223944587,-0.12,-0.003030160207378872,0.0,-0.059649407768487706,-0.05794940776848476,0.0017000000000000006,0.003030160207378872,0.0,0.12432274129214765,0.06637333352366293
2026-03-10,2026-03-11,2026-03-11,2026-03-24,10,ExtraTreesDeep,7700.55,-0.0079578731389315,-0.0982553194252358,0.0,0.0,0.0,1.0,0.0,0.0077170959576448,0.432530873899931,0.4605411159959734,0.3699121348704153,0.5630554363802571,-0.1931433015098418,0.3538150535289037,0,0,0,0,1,2026-03-05,2195,2026-03-04,120,120,120,120,120,120,120,1589,0.0578797482700781,0.0763225941715004,0.1824787591309249,0.0277884812893793,0.097422312978213,0.0677511306620957,0.0162592513955261,0.0131171962830171,1.182766238223157,1.2395370965498984,-0.0025659425208149,-0.0025659425208149,-0.0025659425208149,0.0545725846981229,1.0,1.0,0.0,0.0,0.3293043429571576,1.0,ml_big_up_index_enhancement,0.88,ADJUST,0.0,0.0,-0.0070029283622597,-0.0079578731389315,0.0009549447766718008,200062.15403639508,211271.76182640417,-0.0162274090263334,-0.0105033962146843,-0.0079578731389315,211271.76182640417,-0.12,0.0009549447766717801,0.0,-0.0586944629918159,-0.05699446299181298,0.0017000000000000006,0.0,0.0009549447766717801,0.12432274129214765,0.0673282783003347
2026-03-11,2026-03-12,2026-03-12,2026-03-25,10,ExtraTreesDeep,7639.27,-0.0133428979470552,-0.0688482014642761,0.0,0.0,0.0,1.0,0.0,0.0048730297984455,0.3949042513446382,0.4444631513417517,0.3368715515152438,0.6199863504184624,-0.2831147989032186,0.307843432012094,0,0,0,0,1,2026-03-05,2195,2026-03-04,120,120,120,120,120,120,120,1589,0.0566656523182471,0.049954575504308,0.1533010358055688,0.0171423504251768,0.0860696994965051,0.0677656859362072,0.0161531033101376,0.0130548388850833,1.207604593701052,1.2373268986562878,-0.0105033962146842,-0.0105033962146842,-0.0105033962146842,0.0530635877083451,1.0,1.0,0.0,0.0,0.3553489730762434,1.0,ml_big_up_index_enhancement,0.88,ADJUST,0.0,0.0,-0.0117417501934085,-0.0133428979470552,0.0016011477536466995,197713.0742005445,208452.7842692599,-0.0277786210366685,-0.0237061484179494,-0.0133428979470552,208452.7842692599,-0.12,0.0016011477536466239,0.0,-0.057093315238169205,-0.05539331523816636,0.0017000000000000006,0.0,0.0016011477536466239,0.12432274129214765,0.06892942605398134
2026-03-12,2026-03-13,2026-03-13,2026-03-26,10,ExtraTreesDeep,7537.34,0.0005771266786425,-0.0711391551926806,0.0,0.0,0.0,1.0,0.0,-0.003753820601309,0.3975047124087792,0.3997606276851914,0.2661510793658468,0.6296708541639026,-0.3635197747980557,0.300121609641662,0,0,0,0,1,2026-03-05,2195,2026-03-04,120,120,120,120,120,120,120,1589,0.0291092196489963,0.0254591365416769,0.1257069888659054,0.0023220454958148,0.0694455072781539,0.0669679591344669,0.0164222169664856,0.0131646630474653,1.3558508774265,1.2474468132815226,-0.0237061484179493,-0.0237061484179493,-0.0237061484179493,0.0276152925511244,1.0,1.0,0.0,0.0,0.4084745047487498,1.0,ml_big_up_index_enhancement,0.88,ADJUST,0.0,0.0,0.0005078714772054,0.0005771266786425,-6.925520143710002e-05,197813.48703160151,208573.08793229895,-0.0272848575287638,-0.0231427031900068,0.0005771266786425,208573.08793229895,-0.12,-6.92552014371e-05,0.0,-0.057162570439606306,-0.05546257043960346,0.0017000000000000006,6.92552014371e-05,0.0,0.12439199649358475,0.06892942605398134
2026-03-13,2026-03-16,2026-03-16,2026-03-27,10,ExtraTreesDeep,7541.69,0.002305849219472,-0.0526142018566129,0.0,0.0,0.0,1.0,0.0,-0.0030744269563264,0.383788095841949,0.4475890582249993,0.2675172548364741,0.6310673743792145,-0.3635501195427403,0.3134059723783737,0,0,0,0,1,2026-03-05,2195,2026-03-04,120,120,120,120,120,120,120,1589,-0.0048072609037598,0.0245483284177807,0.1359181478742455,0.0016969912059687,0.0677840931669297,0.0659751427239458,0.0164231908590257,0.0130943488770268,0.9404694074656148,1.2542197411464324,-0.0231427031900066,-0.0231427031900066,-0.0231427031900066,-0.0047186918744721,1.0,1.0,0.0,0.0,0.3252855217109843,1.0,ml_big_up_index_enhancement,0.88,ADJUST,0.0,0.0,0.0020291473131353,0.002305849219472,-0.0002767019063367,198214.87973731363,209054.02602431056,-0.0253110752109723,-0.0208902175546219,0.002305849219472,209054.02602431056,-0.12,-0.00027670190633664,0.0,-0.057439272345943,-0.0557392723459401,0.0017000000000000006,0.00027670190633664,0.0,0.12466869839992138,0.06892942605398134
2026-03-16,2026-03-17,2026-03-17,2026-03-30,10,ExtraTreesDeep,7559.08,-0.0222818120723686,-0.0434007842224185,0.0,0.0,0.0,1.0,0.0,0.0003475654978104,0.4223733309976902,0.4666951524703092,0.2913718310233059,0.5791510694744778,-0.2877792384511718,0.3700869137248222,0,0,0,0,1,2026-03-05,2195,2026-03-04,120,120,120,120,120,120,120,1589,0.0064160172762481,0.0181607569788193,0.1493588047646417,0.0031085552616194,0.0677711815577428,0.0644622418550291,0.0163370016192775,0.0130050963000896,0.9054748729478,1.256199972864864,-0.0208902175546217,-0.0208902175546217,-0.0208902175546217,0.0062419369044967,1.0,1.0,0.0,0.0,0.3178361176803443,1.0,ml_big_up_index_enhancement,0.88,ADJUST,0.0,0.0,-0.0196079946236843,-0.0222818120723686,0.0026738174486843,194328.28344109017,204395.9235034648,-0.0444227704080002,-0.0427065577252876,-0.0222818120723686,204395.9235034648,-0.12,0.002673817448684232,0.0,-0.0547654548972587,-0.05306545489725587,0.0017000000000000006,0.0,0.002673817448684232,0.12466869839992138,0.07160324350266557
2026-03-17,2026-03-18,2026-03-18,2026-03-31,10,ExtraTreesDeep,7390.65,0.0168293722473666,-0.035784403266289,0.0,0.0,0.0,1.0,0.0,-0.0084238259939897,0.601754995996244,0.6215172227454172,0.3263060409302185,0.4400766724993364,-0.1137706315691179,0.5099043042951024,1,1,1,0,0,2026-03-05,2195,2026-03-04,120,120,120,120,120,120,120,1589,-0.0402438786839901,-0.0206117259173171,0.1536228219284565,-0.0182293071168262,0.0415659602774067,0.0609055330615257,0.0167054223967788,0.0128795641211012,0.6076669326359155,1.2970487385834382,-0.0427065577252874,-0.0427065577252874,-0.0427065577252874,-0.0401406152044724,0.5,1.0,0.0,0.0,0.2857082506701927,1.0,ml_big_up_index_enhancement,0.88,ADJUST,0.0,0.0,0.0148098475776826,0.0168293722473666,-0.002019524669684001,197206.2556988854,207835.7785859489,-0.0302708172890385,-0.0265959100352835,0.0168293722473666,207835.7785859489,-0.12,-0.0020195246696839923,0.0,-0.0567849795669427,-0.05508497956693986,0.0017000000000000006,0.0020195246696839923,0.0,0.12668822306960537,0.07160324350266557
2026-03-18,2026-03-19,2026-03-19,2026-04-01,10,ExtraTreesDeep,7515.03,-0.0296326162370609,-0.0414103469979494,0.0,0.0,0.0,1.0,0.0,-0.0113349652686126,0.4654492764738136,0.5110567271195815,0.2429964564588733,0.5327501474381732,-0.2897536909792998,0.3855246511936766,0,0,1,0,1,2026-03-05,2195,2026-03-04,120,120,120,120,120,120,120,1589,-0.0162633340620242,-0.0058432109217906,0.1882879392813377,-0.001413761260709,0.0561408901782287,0.0576361351740637,0.0171658217970264,0.0128516011769581,0.8799968898569109,1.3356951838657551,-0.0265959100352832,-0.0265959100352832,-0.0265959100352832,-0.016092513820599,0.5,1.0,0.0,0.0,0.3369521125763909,1.0,ml_big_up_index_enhancement,0.88,ADJUST,0.0,0.0,-0.0260767022886135,-0.0296326162370609,0.003555913948447398,192063.76687957335,201677.06071878073,-0.0555581564871728,-0.0554404198767933,-0.0296326162370609,201677.06071878073,-0.12,0.0035559139484473076,0.0,-0.0532290656184953,-0.051529065618492555,0.0017000000000000006,0.0,0.0035559139484473076,0.12668822306960537,0.07515915745111287
2026-03-19,2026-03-20,2026-03-20,2026-04-02,10,ExtraTreesDeep,7292.34,-0.0367577485416203,-0.0327987998365408,0.0,0.0,0.0,1.0,0.0,0.0051854956170982,0.6182744925797271,0.6661379716188817,0.4346873786204226,0.4306066058445455,0.0040807727758771,0.5732034549137739,1,1,1,0,0,2026-03-05,2195,2026-03-04,120,120,120,120,120,120,120,1589,-0.0325048359235485,-0.0341373866237179,0.1459600975560695,-0.029342324232067,0.0226198995844923,0.0535330066549462,0.0183907422830911,0.0135139598141768,1.0374316651990585,1.360869984517661,-0.0554404198767932,-0.0554404198767932,-0.0554404198767932,-0.0317342714588438,0.5,1.0,0.0,0.0,0.3988145044534227,1.0,ml_big_up_index_enhancement,0.88,ADJUST,0.0,0.0,-0.0323468187166258,-0.0367577485416203,0.004410929824994497,185851.11503028753,194263.8660342667,-0.086107845587678,-0.0901603034055406,-0.0367577485416203,194263.8660342667,-0.12,0.004410929824994436,0.0,-0.048818135793500805,-0.04711813579349812,0.0017000000000000006,0.0,0.004410929824994436,0.12668822306960537,0.07957008727610732
2026-03-20,2026-03-23,2026-03-23,2026-04-03,10,ExtraTreesDeep,7024.29,-0.0639879617726489,-0.0328545660842589,0.0,0.0,0.0,1.0,0.0,-0.0283408141701586,0.7187153618603834,0.7140134453993746,0.6628445670265875,0.3666248589793372,0.2962197080472502,0.684637250659805,1,1,1,1,0,2026-03-05,2195,2026-03-04,120,120,120,120,120,120,120,1589,-0.0686053126023477,-0.0592535946171813,0.1246529634598943,-0.0622603265586307,-0.0167584393224395,0.0485229414142263,0.0199226780440222,0.0141805916898634,1.135531715168716,1.4049257238161132,-0.0901603034055406,-0.0901603034055406,-0.0901603034055406,-0.0670176002155339,0.25,1.0,1.0,0.0,0.4318076926353766,1.0,ml_big_up_index_enhancement,0.88,ADJUST,0.0,0.0,-0.056309406359931,-0.0639879617726489,0.007678555412717898,175385.9490716008,181833.31720065908,-0.1375685702796343,-0.1483790911304653,-0.0639879617726489,181833.31720065908,-0.12,0.007678555412717868,0.0,-0.04113958038078291,-0.03943958038078025,0.0017000000000000006,0.0,0.007678555412717868,0.12668822306960537,0.08724864268882518
2026-03-23,2026-03-24,2026-03-24,2026-04-07,10,ExtraTreesDeep,6574.82,0.0561399399527289,0.067545575392178,1.0,1.0,1.0,0.0,1.0,-0.0602157463356388,0.6897887187864004,0.6502110942360434,0.5615105249995225,0.3697290629451171,0.1917814620544053,0.6600654487597137,1,1,1,1,0,2026-03-05,2195,2026-03-04,120,120,120,120,120,120,120,1589,-0.1302089672288162,-0.1213187929329377,0.0520031808966992,-0.1169133914785115,-0.0803713564457919,0.0413798994120182,0.0240990360536224,0.0165472308973202,1.2121694604938285,1.4563787864666322,-0.1483790911304654,-0.1483790911304654,-0.1483790911304654,-0.1274888735758437,0.25,1.0,1.0,0.0,0.4922759896885463,1.0,ml_big_up_index_enhancement,0.88,ADJUST,0.0,0.0,0.0494031471584014,0.0561399399527289,-0.006736792794327505,184050.56692310097,192041.4287097096,-0.0949617434431285,-0.1005691444440411,0.0561399399527289,192041.4287097096,-0.12,-0.006736792794327468,0.0,-0.04787637317511041,-0.04617637317510772,0.0017000000000000006,0.006736792794327468,0.0,0.13342501586393282,0.08724864268882518
2026-03-24,2026-03-25,2026-03-25,2026-04-08,10,ExtraTreesDeep,6943.93,0.024393967105083,0.0476099269433878,1.0,1.0,1.0,0.0,1.0,-0.0326917679370043,0.6803778653734535,0.6297857912866262,0.5451353228652631,0.3593128665957572,0.1858224562695059,0.7034991195903256,1,1,1,1,0,2026-03-05,2195,2026-03-04,120,120,120,120,120,120,120,1589,-0.0604439393016851,-0.0929998053796207,0.0917270654822735,-0.0628559536778415,-0.030062657084745,0.0349928025705275,0.0271466772672048,0.0178946045742818,1.7569555517505429,1.5170314132685614,-0.1005691444440414,-0.1005691444440414,-0.1005691444440414,-0.0578625867187539,0.25,1.0,1.0,0.0,0.5916712186026045,1.0,ml_big_up_index_enhancement,0.88,ADJUST,0.0,0.0,0.021466691052473,0.024393967105083,-0.002927276052609999,188001.52358127167,196726.0810044674,-0.0755335667989535,-0.0786284577403123,0.024393967105083,196726.0810044674,-0.12,-0.00292727605260996,0.0,-0.05080364922772041,-0.04910364922771768,0.0017000000000000006,0.00292727605260996,0.0,0.13635229191654277,0.08724864268882518
2026-03-25,2026-03-26,2026-03-26,2026-04-09,10,ExtraTreesDeep,7113.32,-0.0157704138152086,0.0012371157209292,1.0,0.0,0.0,0.0,0.0,-0.0328566528079795,0.696866507882733,0.6513560061466528,0.5366851495509469,0.3283308810903707,0.2083542684605762,0.7084252435024014,1,1,1,1,0,2026-03-05,2195,2026-03-04,120,120,120,120,120,120,120,1589,-0.0534542110943003,-0.074874203898281,0.0908494226257112,-0.0362512687330988,-0.0077704874913171,0.029552081697002,0.0278524878633013,0.0178764919470786,1.7564770605439524,1.5580510955815914,-0.0786284577403125,-0.0786284577403125,-0.0786284577403125,-0.0520325477050293,0.25,1.0,0.0,0.0,0.5871873830205406,1.0,ml_big_up_index_enhancement,0.88,ADJUST,0.0,0.0,-0.0138779641573835,-0.0157704138152086,0.0018924496578250991,185392.44517547727,193623.6292987827,-0.0883632788236219,-0.0931588682393046,-0.0157704138152086,193623.6292987827,-0.12,0.001892449657825032,0.0,-0.048911199569895314,-0.04721119956989264,0.0017000000000000006,0.0,0.001892449657825032,0.13635229191654277,0.08914109234665021
2026-03-26,2026-03-27,2026-03-27,2026-04-10,10,ExtraTreesDeep,7001.14,0.0205323704425279,0.0273655433258011,1.0,1.0,0.0,0.0,1.0,-0.031716900261868,0.6614553034636171,0.6175711929538465,0.4957181479367383,0.3340043625729226,0.1617137853638157,0.6534465759102042,1,1,1,0,0,2026-03-05,2195,2026-03-04,120,120,120,120,120,120,120,1589,-0.039932312536168,-0.0866855213654698,0.0750360462313071,-0.0471607871429567,-0.0245265613927566,0.0237545069984395,0.0279862398499596,0.0180134985243948,1.711972326818013,1.5536260106308168,-0.0931588682393048,-0.0931588682393048,-0.0931588682393048,-0.0377184483625115,0.25,1.0,1.0,0.0,0.6018746227803087,1.0,ml_big_up_index_enhancement,0.88,ADJUST,0.0,0.0,0.0180684859894245,0.0205323704425279,-0.0024638844531034015,188742.20597367553,197599.181381972,-0.0718913834996016,-0.0745392701894727,0.0205323704425279,197599.181381972,-0.12,-0.002463884453103348,0.0,-0.051375084022998715,-0.04967508402299599,0.0017000000000000006,0.002463884453103348,0.0,0.13881617636964613,0.08914109234665021
2026-03-27,2026-03-30,2026-03-30,2026-04-13,10,ExtraTreesDeep,7144.89,0.0120533696110087,0.005090351286024,1.0,1.0,0.0,0.0,,-0.0239335854994627,0.7150227447646125,0.6798025810487379,0.5012261115901387,0.2414682760521406,0.2597578355379981,0.7409829449592071,1,1,1,1,0,2026-03-05,2195,2026-03-04,120,120,120,120,120,120,120,1589,0.0171689950158664,-0.0745392701894729,0.1039762297665622,-0.0237738301228275,-0.0060509867292662,0.0181544440626817,0.0284273685579636,0.0181530644637549,1.6140142098387504,1.5659817996417478,-0.0721584821863373,-0.0745392701894729,-0.0745392701894729,0.0180018212192032,0.25,1.0,0.0,0.0,0.5780829221738627,1.0,ml_big_up_index_enhancement,0.88,ADJUST,0.0,0.0,0.0106069652576876,0.0120533696110087,-0.0014464043533211,190744.18799509763,199980.9173500017,-0.0620469676490214,-0.0633843499525926,0.0120533696110087,199980.9173500017,-0.12,-0.001446404353321044,0.0,-0.052821488376319815,-0.05112148837631703,0.0017000000000000006,0.001446404353321044,0.0,0.14026258072296718,0.08914109234665021
2026-03-30,2026-03-31,2026-03-31,2026-04-14,10,ExtraTreesDeep,7231.01,-0.0144972832287605,-0.0071788035143084,0.0,0.0,0.0,0.0,0.0,0.0417669417191947,0.7465085163884265,0.7071786503633186,0.5943805670915301,0.2035156986037937,0.3908648684877364,0.7910456018978723,1,1,1,1,0,2026-03-05,2195,2026-03-04,120,120,120,120,120,120,120,1589,0.0998034927191924,-0.032956466384217,0.1063119823014806,-0.0103409036241578,0.0043114080507027,0.0148054130240582,0.0278318959324205,0.0181713182754734,0.9277581793277366,1.5316387897947046,-0.0609748654316899,-0.0633843499525927,-0.0633843499525927,0.0874042256987754,0.5,1.0,0.0,0.0,0.4132287792280954,1.0,ml_big_up_index_enhancement,0.88,ADJUST,0.0,0.0,-0.0127576092413092,-0.0144972832287605,0.0017396739874513002,188310.74817960535,197081.73735083133,-0.0740130059224563,-0.0769627323078195,-0.0144972832287605,197081.73735083133,-0.12,0.0017396739874512598,0.0,-0.05108181438886852,-0.049381814388865776,0.0017000000000000006,0.0,0.0017396739874512598,0.14026258072296718,0.09088076633410147
2026-03-31,2026-04-01,2026-04-01,2026-04-15,10,ExtraTreesDeep,7126.18,0.0108964410104712,-0.0011029752265589,0.0,0.0,0.0,0.0,0.0,0.0197773851671818,0.7235218411072893,0.7407281209264546,0.6211626513508289,0.3003333317737786,0.3208293195770503,0.7157697185539889,1,1,1,1,0,2026-03-05,2195,2026-03-04,120,120,120,120,120,120,120,1589,0.0262459442995537,-0.0210255755072994,0.0782082163261355,-0.0236657124607851,-0.0114312341274283,0.0125310341852205,0.02738546468426,0.0182499306109648,0.701942555323668,1.5005791127669494,-0.0745881787664517,-0.0769627323078198,-0.0769627323078198,0.0259809656775896,0.25,1.0,0.0,0.0,0.3677857040845028,1.0,ml_big_up_index_enhancement,0.88,ADJUST,0.0,0.0,0.0095888680892146,0.0108964410104712,-0.0013075729212566004,190116.43510368097,199229.22687611583,-0.0651338387839181,-0.0669049111699451,0.0108964410104712,199229.22687611583,-0.12,-0.001307572921256544,0.0,-0.052389387310125116,-0.05068938731012232,0.0017000000000000006,0.001307572921256544,0.0,0.14157015364422373,0.09088076633410147
2026-04-01,2026-04-02,2026-04-02,2026-04-16,10,ExtraTreesDeep,7203.83,-0.0209152631308623,0.0110094213772395,1.0,1.0,0.0,0.0,,0.0185652137996409,0.742668144041319,0.731833005832943,0.6106778591271678,0.2500655262262869,0.3606123329008808,0.7281142875105626,1,1,1,1,0,2026-03-05,2195,2026-03-04,120,120,120,120,120,120,120,1589,0.0127240163524204,-0.0035645125594777,0.0970410867115401,-0.0128528793372583,-0.0021295285553316,0.0108629712405252,0.0274636701329039,0.0182604737367308,0.6064350430636335,1.50399548932079,-0.0645044834459876,-0.0669049111699454,-0.0669049111699454,0.0141239742943248,0.25,1.0,0.0,0.0,0.34496295536091,1.0,ml_big_up_index_enhancement,0.88,ADJUST,0.0,0.0,-0.0184054315551588,-0.0209152631308623,0.0025098315757034993,186617.26006986937,195062.2951726436,-0.0823404539274148,-0.0864208404789411,-0.0209152631308623,195062.2951726436,-0.12,0.002509831575703476,0.0,-0.04987955573442161,-0.048179555734418844,0.0017000000000000006,0.0,0.002509831575703476,0.14157015364422373,0.09339059790980495
2026-04-02,2026-04-03,2026-04-03,2026-04-17,10,ExtraTreesDeep,7053.16,-0.0368132865268899,0.0240459595415389,1.0,1.0,0.0,0.0,,0.0153144218122077,0.6066368118595412,0.6489481297794867,0.5840464892217441,0.377211461022912,0.206835028198832,0.5916713811422106,1,1,1,1,0,2026-04-02,2215,2026-04-01,120,120,120,120,120,120,120,1604,0.0074302185072716,-0.0369982004713181,0.0702789976358189,-0.0317015478901134,-0.0240437752030688,0.0079084838670955,0.0276746453870527,0.0184903551866646,0.6564568199347208,1.4967070728317813,-0.0840706183324567,-0.0864208404789413,-0.0864208404789413,0.009088249906848,0.25,1.0,1.0,0.0,0.3816093534951369,1.0,ml_big_up_index_enhancement,0.88,ADJUST,0.0,0.0,-0.0323956921436631,-0.0368132865268899,0.004417594383226801,180571.6647639519,187881.4110098603,-0.1120686700746759,-0.1200526918433849,-0.0368132865268899,187881.4110098603,-0.12,0.0044175943832267875,0.0,-0.04546196135119481,-0.04376196135119206,0.0017000000000000006,0.0,0.0044175943832267875,0.14157015364422373,0.09780819229303173
2026-04-03,2026-04-07,2026-04-07,2026-04-20,10,ExtraTreesDeep,6793.51,0.0331801969821197,0.0738116231520966,1.0,1.0,1.0,0.0,1.0,-0.009187155607048,0.5200911815563735,0.5836319089262286,0.4657996090342466,0.5293732221296158,-0.0635736130953691,0.5286838256719002,1,1,1,0,1,2026-04-02,2215,2026-04-01,120,120,120,120,120,120,120,1604,-0.0491792035986557,-0.1035362332610198,0.0400129207273574,-0.0622975284774859,-0.0605382100242667,0.001876201147644,0.0273687985933731,0.0190937275800629,0.7710349684339739,1.4333921167886927,-0.1177889890981812,-0.1200526918433855,-0.1200526918433855,-0.0456305069118438,0.25,1.0,1.0,0.0,0.4379719789798549,1.0,ml_big_up_index_enhancement,0.88,ADJUST,0.0,0.0,0.0291985733442653,0.0331801969821197,-0.003981623637854401,185844.09976145823,194115.3532364461,-0.0861423420131803,-0.0908558668248625,0.0331801969821197,194115.3532364461,-0.12,-0.003981623637854364,0.0,-0.049443584989049216,-0.04774358498904642,0.0017000000000000006,0.003981623637854364,0.0,0.1455517772820781,0.09780819229303173
2026-04-07,2026-04-08,2026-04-08,2026-04-21,10,ExtraTreesDeep,7018.92,0.0364172835706917,0.0369743493300962,1.0,1.0,0.0,0.0,1.0,0.0117688005321813,0.5886680433068304,0.657505252770799,0.5210791342636186,0.4425729402491809,0.0785061940144377,0.582080386602267,1,1,1,1,0,2026-04-02,2215,2026-04-01,120,120,120,120,120,120,120,1604,-0.0293306190974704,-0.0655008927037941,0.0688461081619413,-0.0278837394424498,-0.0303770309324626,-0.0025648079259397,0.0286485669980602,0.0195382852968486,0.9660795687774044,1.4662784662419148,-0.0885170539766639,-0.090855866824863,-0.090855866824863,-0.027542188544974,0.0,1.0,1.0,0.0,0.4514086136536654,1.0,ml_big_up_index_enhancement,0.88,ADJUST,0.0,0.0,0.0320472095422086,0.0364172835706917,-0.004370074028483099,191799.88456869684,201184.5071006827,-0.0568557541559247,-0.057747307120393,0.0364172835706917,201184.5071006827,-0.12,-0.004370074028483003,0.0,-0.053813659017532316,-0.05211365901752942,0.0017000000000000006,0.004370074028483003,0.0,0.1499218513105611,0.09780819229303173
2026-04-08,2026-04-09,2026-04-09,2026-04-22,10,ExtraTreesDeep,7274.53,-0.0209511817258296,-0.0022901823210571,0.0,0.0,0.0,0.0,0.0,0.0308642855358502,0.6772292664642988,0.7328890847662262,0.6315781367193174,0.28974399226323,0.3418341444560873,0.7521747704251971,1,1,1,1,0,2026-04-02,2215,2026-04-01,120,120,120,120,120,120,120,1604,0.0208176049440231,-0.0553233210614826,0.0932435438107146,0.0104992445769669,0.0035004771935815,-0.0069260490999328,0.0293286202612218,0.0200015133510384,1.1094288484760768,1.466320060211799,-0.0477453997567831,-0.0577473071203933,-0.0577473071203933,0.0268427790096685,0.5,1.0,0.0,0.0,0.4719241387494238,1.0,ml_big_up_index_enhancement,0.88,ADJUST,0.0,0.0,-0.01843703991873,-0.0209511817258296,0.0025141418070996,188263.66244049591,196969.45393199488,-0.0742445422656725,-0.0774886145205658,-0.0209511817258296,196969.45393199488,-0.12,0.002514141807099552,0.0,-0.051299517210432716,-0.04959951721042987,0.0017000000000000006,0.0,0.002514141807099552,0.1499218513105611,0.10032233410013128
2026-04-09,2026-04-10,2026-04-10,2026-04-23,10,ExtraTreesDeep,7122.12,0.0099141828556665,0.008677191622719,1.0,1.0,0.0,0.0,,0.0033417026988834,0.5642130235633686,0.6732249455975601,0.5340211823893617,0.4371112992898066,0.096909883099555,0.5924871829718277,1,1,1,1,0,2026-04-02,2215,2026-04-01,120,120,120,120,120,120,120,1604,-0.0113425774900296,-0.067696258935736,0.0669139412533106,-0.0071055858919357,-0.0185319822106752,-0.0115081685991796,0.0296001300310323,0.0202123846204613,1.1509099468249704,1.4644551143692155,-0.057805976388661,-0.0774886145205663,-0.0774886145205663,0.0066985070573266,0.0,1.0,0.0,0.0,0.4854808008923026,1.0,ml_big_up_index_enhancement,0.88,ADJUST,0.0,0.0,0.0087244809129865,0.0099141828556665,-0.0011897019426799996,189906.165170067,198922.24511525748,-0.0661678064445763,-0.0683426679584884,0.0099141828556665,198922.24511525748,-0.12,-0.00118970194267998,0.0,-0.052489219153112714,-0.05078921915310985,0.0017000000000000006,0.00118970194267998,0.0,0.15111155325324108,0.10032233410013128
2026-04-10,2026-04-13,2026-04-13,2026-04-24,10,ExtraTreesDeep,7192.73,-0.001594665724975,0.0097403906444424,1.0,1.0,0.0,0.0,,0.0065266172328167,0.6289670347544071,0.6968143154505576,0.5406234860604071,0.3155368386220045,0.2250866474384025,0.6189267031267168,1,1,1,1,0,2026-04-02,2215,2026-04-01,120,120,120,120,120,120,120,1604,0.0197882934741306,-0.0457203735004657,0.0820463523755365,0.0051526312321574,-0.0100415803649179,-0.0151163227603055,0.029632592719721,0.0202295840207559,1.0967675275192166,1.4648147331807446,-0.048464892553062,-0.0683426679584889,-0.0683426679584889,0.0356057257793946,0.25,1.0,0.0,0.0,0.4519483757772682,1.0,ml_big_up_index_enhancement,0.88,ADJUST,0.0,0.0,-0.001403305837978,-0.001594665724975,0.00019135988699700004,189639.66873981585,198605.0306290371,-0.0674782586134844,-0.0698283499733166,-0.001594665724975,198605.0306290371,-0.12,0.000191359886997,0.0,-0.052297859266115715,-0.05059785926611285,0.0017000000000000006,0.0,0.000191359886997,0.15111155325324108,0.10051369398712828
2026-04-13,2026-04-14,2026-04-14,2026-04-27,10,ExtraTreesDeep,7181.26,-0.0003007828709724,0.031623976850859,1.0,1.0,0.0,0.0,1.0,0.0170628077669631,0.6678494635275826,0.69247308798295,0.5764187767988929,0.2578144318942694,0.3186043449046234,0.6495971679917886,1,1,1,1,0,2026-04-02,2215,2026-04-01,120,120,120,120,120,120,120,1604,0.0570765333384362,-0.0477916753406728,0.0596642722652769,0.0060834956023794,-0.0125361158611676,-0.0185070240640402,0.0296269453339569,0.0200947132427276,0.8125149026426667,1.4743651713805417,-0.0499822729750181,-0.0698283499733172,-0.0698283499733172,0.0678067161231631,0.25,1.0,0.0,0.0,0.3957999933175932,1.0,ml_big_up_index_enhancement,0.88,ADJUST,0.0,0.0,-0.0002646889264557,-0.0003007828709724,3.6093944516699995e-05,189589.47321948368,198545.29363773495,-0.0677250867921085,-0.0701081296727087,-0.0003007828709724,198545.29363773495,-0.12,3.6093944516687994e-05,0.0,-0.05226176532159901,-0.05056176532159616,0.0017000000000000006,0.0,3.6093944516687994e-05,0.15111155325324108,0.10054978793164497
2026-04-14,2026-04-15,2026-04-15,2026-04-28,10,ExtraTreesDeep,7179.1,-0.0084662422866377,0.0310275661294592,1.0,1.0,0.0,0.0,1.0,0.0241966567140248,0.6273502991897828,0.7163985052975663,0.5790282579385292,0.3118826790532365,0.2671455788852926,0.6659076669836802,1,1,1,1,0,2026-04-02,2215,2026-04-01,120,120,120,120,120,120,120,1604,0.0228211747676281,-0.0502680220344273,0.0467693348536235,0.0084651455757245,-0.0135582665798635,-0.021838545687184,0.0296126116591418,0.0200448581942472,0.7075046033203161,1.4773170940985012,-0.0447010856909418,-0.0701081296727095,-0.0701081296727095,0.043815968285722,0.25,1.0,0.0,0.0,0.3738168917140509,1.0,ml_big_up_index_enhancement,0.88,ADJUST,0.0,0.0,-0.0074502932122411,-0.0084662422866377,0.0010159490743966004,188176.97605404415,196864.36107692623,-0.0746708082499242,-0.0779808195472744,-0.0084662422866377,196864.36107692623,-0.12,0.001015949074396524,0.0,-0.05124581624720241,-0.049545816247199635,0.0017000000000000006,0.0,0.001015949074396524,0.15111155325324108,0.10156573700604149
2026-04-15,2026-04-16,2026-04-16,2026-04-29,10,ExtraTreesDeep,7118.32,0.02315433978804,0.0569151148023692,1.0,1.0,1.0,0.0,1.0,0.0280142345213383,0.588435252552663,0.6994504384612213,0.5878171205758443,0.3812628214820868,0.2065542990937575,0.6353678886884909,1,1,1,1,0,2026-04-02,2215,2026-04-01,120,120,120,120,120,120,120,1604,-0.0214735522432376,-0.0368479091825482,0.0225047223000294,0.0018435034009847,-0.0222605209692319,-0.0240596702862174,0.029277700994586,0.0199943752173427,0.3894246200591356,1.464296867310514,-0.0527888777556443,-0.0779808195472749,-0.0779808195472749,-0.0050434779988611,0.25,1.0,0.0,0.0,0.3083645610283226,1.0,ml_big_up_index_enhancement,0.88,ADJUST,0.0,0.0,0.0203758190134752,0.02315433978804,-0.002778520774564801,192011.2360606244,201422.6253854568,-0.0558164681109393,-0.0566320741519817,0.02315433978804,201422.6253854568,-0.12,-0.0027785207745648,0.0,-0.05402433702176721,-0.052324337021764436,0.0017000000000000006,0.0027785207745648,0.0,0.15389007402780588,0.10156573700604149
2026-04-16,2026-04-17,2026-04-17,2026-04-30,10,ExtraTreesDeep,7283.14,-0.0082903802480798,0.0449284237293254,1.0,1.0,1.0,0.0,1.0,0.0259235034630094,0.7074027512019342,0.7636427054721296,0.6022830327186102,0.260745630646621,0.3415374020719892,0.6963706672047209,1,1,1,1,0,2026-04-02,2215,2026-04-01,120,120,120,120,120,120,120,1604,0.0226084368137577,-0.0308568295801878,0.0464071125006106,0.0267159522202111,-0.000360771825237,-0.0263721665051531,0.0295188953657011,0.0202053589277135,0.4168354736386837,1.460943874905054,-0.00126159778617,-0.0566320741519824,-0.0566320741519824,0.0565443786024909,0.25,1.0,0.0,0.0,0.3035412757503374,1.0,ml_big_up_index_enhancement,0.88,ADJUST,0.0,0.0,-0.0072955346183102,-0.0082903802480798,0.0009948456297695996,190610.4114408396,199752.75523044483,-0.0627047917538743,-0.0644529529711041,-0.0082903802480798,199752.75523044483,-0.12,0.000994845629769576,0.0,-0.05302949139199761,-0.05132949139199486,0.0017000000000000006,0.0,0.000994845629769576,0.15389007402780588,0.10256058263581107
2026-04-17,2026-04-20,2026-04-20,2026-05-06,10,ExtraTreesDeep,7222.76,0.0099947942337832,0.055675392786137,1.0,1.0,1.0,0.0,1.0,0.0261613899013247,0.6655268072795636,0.7120665375962174,0.5758601721016345,0.2986781417253985,0.277182030376236,0.672601104859113,1,1,1,1,0,2026-04-02,2215,2026-04-01,120,120,120,120,120,120,120,1604,0.0041750489730603,-0.0095415189088824,0.033933558650445,0.0187036998381415,-0.0091854473775349,-0.0273770942621565,0.0288123703028791,0.0202371126495404,0.4508981303999699,1.4237391866044395,-0.0082903802480798,-0.0644529529711048,-0.0644529529711048,0.0401745123049822,0.25,1.0,0.0,0.0,0.3064240045977313,1.0,ml_big_up_index_enhancement,0.88,ADJUST,0.0,0.0,0.0087954189257292,0.0099947942337832,-0.0011993753080540015,192286.90986106743,201749.2429166044,-0.0544608877402709,-0.0551023527400268,0.0099947942337832,201749.2429166044,-0.12,-0.001199375308053984,0.0,-0.054228866700051614,-0.05252886670004884,0.0017000000000000006,0.001199375308053984,0.0,0.15508944933585986,0.10256058263581107
2026-04-20,2026-04-21,2026-04-21,,10,ExtraTreesDeep,7294.95,-0.002263209480531,,,,,,,0.0358915054621332,0.5323351652491444,0.5760095857660739,0.4888598911328718,0.3928825639661948,0.095977327166677,0.5762501996675656,1,1,1,0,0,2026-04-02,2215,2026-04-01,120,120,120,120,120,120,120,1604,0.0158314836115109,0.0385320082172004,0.044283955565735,0.0269253363150738,1.0258343237312673e-05,-0.0262093815587569,0.0275491429709061,0.0202718572506969,0.4885957180577649,1.358984656916869,0.0,-0.0551023527400276,-0.0551023527400276,0.0499822729750181,0.75,1.0,0.0,0.0,0.2856160089442692,1.0,ml_big_up_index_enhancement,0.88,ADJUST,0.0,0.0,-0.0019916243428672,-0.002263209480531,0.00027158513766380003,191903.9465705734,201292.6421173456,-0.0563440464533805,-0.057240854053437,-0.002263209480531,201292.6421173456,-0.12,0.00027158513766371996,0.0,-0.05395728156238781,-0.05225728156238512,0.0017000000000000006,0.0,0.00027158513766371996,0.15508944933585986,0.10283216777347479
2026-04-21,2026-04-22,2026-04-22,,10,ExtraTreesDeep,7278.44,-0.0028261550552041,,,,,,,0.0287176287611636,0.7574971109074123,0.7786584418273842,0.5577711452535211,0.3450437988832903,0.2127273463702308,0.6975107985314088,1,1,1,1,0,2026-04-02,2215,2026-04-01,120,120,120,120,120,120,120,1604,0.0138373890877685,0.1070173784225272,0.0434306407148459,0.0195518557439546,-0.0029430898667306,-0.0220635620287024,0.0227827295499193,0.0202737494155819,0.5976617558303058,1.123755112234396,-0.002263209480531,-0.0572408540534379,-0.0572408540534379,0.0424378762104108,0.5,1.0,0.0,0.0,0.2749506703218541,1.0,ml_big_up_index_enhancement,0.88,ADJUST,0.0,0.0,-0.0024870164485796,-0.0028261550552041,0.0003391386066244999,191426.67829890503,200723.75789925028,-0.058690934331651,-0.0599052375795936,-0.0028261550552041,200723.75789925028,-0.12,0.00033913860662449196,0.0,-0.05361814295576331,-0.05191814295576063,0.0017000000000000006,0.0,0.00033913860662449196,0.15508944933585986,0.10317130638009928
2026-04-22,2026-04-23,2026-04-23,,10,ExtraTreesDeep,7257.87,-0.0101889397302513,,,,,,,0.0249710351223045,0.6888268594911738,0.7278041622499363,0.5554390513673865,0.4116539303113302,0.1437851210560563,0.6464055514209608,1,1,1,1,0,2026-04-02,2215,2026-04-01,120,120,120,120,120,120,120,1604,0.019604344845413,0.0452107092093381,0.0218106561358308,0.0144398837161032,-0.006112467596171,-0.0202598021254712,0.0194317812300454,0.0201501241150178,0.6507936226805865,0.9643504486189732,-0.0050829683548208,-0.0599052375795947,-0.0599052375795947,0.0477059094008235,0.5,1.0,0.0,0.0,0.2868475342305692,1.0,ml_big_up_index_enhancement,0.88,ADJUST,0.0,0.0,-0.0089662669626211,-0.0101889397302513,0.0012226727676302,189710.29559750925,198678.59562758528,-0.067130962708769,-0.06948380645462,-0.0101889397302513,198678.59562758528,-0.12,0.001222672767630156,0.0,-0.052395470188133106,-0.050695470188130476,0.0017000000000000006,0.0,0.001222672767630156,0.15508944933585986,0.10439397914772944
2026-04-23,2026-04-24,2026-04-24,,10,ExtraTreesDeep,7183.92,0.0109786857314668,,,,,,,0.0326880578107251,0.7756601044927036,0.7732062259415589,0.6949885656028562,0.3004354051512879,0.3945531604515682,0.7265768442686779,1,1,1,1,0,2026-04-02,2215,2026-04-01,120,120,120,120,120,120,120,1604,-0.0136232449190871,0.0099250420338183,0.0101536761200893,0.0036086447095027,-0.016401231164281,-0.0199379269790723,0.0189023959461751,0.0201975562802436,0.4171488233359482,0.9358753942260136,-0.0152201180268541,-0.0694838064546212,-0.0694838064546212,-0.0139585202406841,0.5,1.0,0.0,0.0,0.2621932392286111,1.0,ml_big_up_index_enhancement,0.88,ADJUST,0.0,0.0,0.0096612434436907,0.0109786857314668,-0.0013174422877761,191543.1329470513,200859.82549054973,-0.0581182878384172,-0.0592679615976444,0.0109786857314668,200859.82549054973,-0.12,-0.001317442287776016,0.0,-0.0537129124759092,-0.05201291247590649,0.0017000000000000006,0.001317442287776016,0.0,0.15640689162363589,0.10439397914772944
2026-04-24,2026-04-27,2026-04-27,,10,ExtraTreesDeep,7262.79,0.0200432616115844,,,,,,,0.03325336940846,0.7866286778476987,0.8190082971827113,0.6563441256500716,0.2726877792143421,0.3836563464357295,0.748198901193028,1,1,1,1,0,2026-04-02,2215,2026-04-01,120,120,120,120,120,120,120,1604,0.0055422027036755,0.0373724850524341,0.0101898176932289,0.0127759460222083,-0.0057688203071054,-0.0183108281769036,0.0186226766152361,0.0201978777302764,0.488374295637081,0.9220115530910918,-0.0044085291879999,-0.0592679615976456,-0.0592679615976456,0.0038818510600798,0.5,1.0,0.0,0.0,0.2528334124672647,1.0,ml_big_up_index_enhancement,0.88,ADJUST,0.0,0.0,0.0176380702181942,0.0200432616115844,-0.0024051913933902,194921.5841757843,204885.711520114,-0.0415053120620781,-0.040412623245547,0.0200432616115844,204885.711520114,-0.12,-0.002405191393390128,0.0,-0.0561181038692994,-0.054418103869296616,0.0017000000000000006,0.002405191393390128,0.0,0.158812083017026,0.10439397914772944
2026-04-27,2026-04-28,2026-04-28,,10,ExtraTreesDeep,7408.36,-0.0008787369944224,,,,,,,0.0324070813920667,0.6530917299721012,0.6985653681135132,0.5159479435739126,0.3473044213381654,0.1686435222357472,0.6217058039094467,1,1,1,1,0,2026-04-02,2215,2026-04-01,120,120,120,120,120,120,120,1604,0.0155463711197472,0.036875305288115,0.0180653849853646,0.0311809914473761,0.0138547254275742,-0.0168023520250142,0.0185973638117068,0.0203013199648737,0.6528342712598193,0.9160667308275948,0.0,-0.0404126232455481,-0.0404126232455481,0.0,0.75,1.0,0.0,0.0,0.2848437017542123,1.0,ml_big_up_index_enhancement,0.88,ADJUST,0.0,0.0,-0.0007732885550917,-0.0008787369944224,0.00010544843933069992,194770.8535456008,204705.67086577273,-0.0422465050343767,-0.0412558481728819,-0.0008787369944224,204705.67086577273,-0.12,0.000105448439330688,0.0,-0.0560126554299687,-0.054312655429965925,0.0017000000000000006,0.0,0.000105448439330688,0.158812083017026,0.10449942758706013
2026-04-28,2026-04-29,2026-04-29,,10,ExtraTreesDeep,7401.85,0.0164296763646925,,,,,,,0.0308001095697695,0.6692432165140166,0.7092741311063824,0.5259177674532293,0.3138002464372634,0.2121175210159658,0.6363518492071218,1,1,1,1,0,2026-04-02,2215,2026-04-01,120,120,120,120,120,120,120,1604,0.0169555564104397,0.02362602181438,0.0096892298542319,0.0290513391910647,0.0127997291848358,-0.0157928077903327,0.0184528099843534,0.0202817079262556,0.6503995988132758,0.909825249996102,-0.0008787369944224,-0.041255848172883,-0.041255848172883,0.0013844724861086,0.75,1.0,0.0,0.0,0.2847521989123938,1.0,ml_big_up_index_enhancement,0.88,ADJUST,0.0,0.0,0.0144581152009293,0.0164296763646925,-0.0019715611637631993,197586.87298394644,208068.91878811465,-0.0283991946700711,-0.0255039920418208,0.0164296763646925,208068.91878811465,-0.12,-0.0019715611637631,0.0,-0.0579842165937319,-0.05628421659372902,0.0017000000000000006,0.0019715611637631,0.0,0.1607836441807891,0.10449942758706013
2026-04-29,2026-04-30,2026-04-30,,10,ExtraTreesDeep,7523.46,0.0115505365882186,,,,,,,0.0270993459533748,0.680103856557995,0.7184408215530115,0.4363189753591275,0.3917984011967942,0.0445205741623332,0.5882426112665857,1,1,1,0,0,2026-04-02,2215,2026-04-01,120,120,120,120,120,120,120,1604,0.0365933807026028,0.0557493636141663,0.0330464011731768,0.0430777382998526,0.0288750024758455,-0.0136161815198517,0.0183522731813951,0.0203657257931447,0.6849325110599143,0.9011352390678188,0.0,-0.0255039920418218,-0.0255039920418218,0.0050829683548208,0.75,1.0,0.0,0.0,0.2703587131556468,1.0,ml_big_up_index_enhancement,0.88,ADJUST,0.0,0.0,0.0101644721976323,0.0115505365882186,-0.0013860643905863005,199595.2392610089,210472.22644744784,-0.0185233852970977,-0.0142480402468267,0.0115505365882186,210472.22644744784,-0.12,-0.001386064390586232,0.0,-0.0593702809843182,-0.05767028098431525,0.0017000000000000006,0.001386064390586232,0.0,0.16216970857137533,0.10449942758706013
2026-04-30,2026-05-06,2026-05-06,,10,ExtraTreesDeep,7610.36,0.0019092395103517,,,,,,,0.0262129373704056,0.6572386195367458,0.72382591736204,0.4649646029061041,0.418812004249342,0.046152598656762,0.5456800699720112,1,1,1,0,0,2026-04-02,2215,2026-04-01,120,120,120,120,120,120,120,1604,0.0593603492243788,0.0564324810552163,0.047590861475395,0.0521607158225525,0.0399395797722326,-0.0116152749922484,0.0183678944805609,0.0204085150134084,0.4310265620595589,0.9000113172611103,0.0,-0.0142480402468279,-0.0142480402468279,0.0152201180268541,0.75,1.0,0.0,0.0,0.2195775233555757,1.0,ml_big_up_index_enhancement,0.88,ADJUST,0.0,0.0,0.0016801307691094,0.0019092395103517,-0.00022910874124229996,199930.58536385905,210874.06833801305,-0.0168743762375741,-0.0123660036578593,0.0019092395103517,210874.06833801305,-0.12,-0.00022910874124220399,0.0,-0.0595993897255605,-0.05789938972555746,0.0017000000000000006,0.00022910874124220399,0.0,0.16239881731261754,0.10449942758706013
