model_name,horizon,target_name,validation_auc,test_auc,validation_logloss,test_logloss,logloss_gap,validation_return_corr,test_return_corr,validation_score,test_score,score_gap,auc_gap,validation_selection_score,test_selection_score,is_validation_prediction_best,is_final_strategy_used,final_strategy_name,stability_comment
mlp_small_fs30,20,target_big_down,0.9183583406884378,0.3245418326693227,2.0185164613865845,1.9374501094576888,0.08106635192889566,,,0.9183583406884378,0.3245418326693227,0.5938165080191151,0.5938165080191151,0.7995474406942139,0.4150501568449175,True,False,,validation overfit / weak test generalization
mlp_small_fs30,20,target_big_up,0.8829130211013896,0.3467079098541759,0.5957722485582215,2.455008520815683,-1.8592362722574614,,,0.8829130211013896,0.3467079098541759,0.5362051112472137,0.5362051112472137,0.7995474406942139,0.4150501568449175,True,False,,validation overfit / weak test generalization
mlp_small_fs30,20,target_ret,,,,,,0.3943657948486369,-0.0258107709852635,0.3943657948486369,-0.0258107709852635,0.4201765658339004,,0.7995474406942139,0.4150501568449175,True,False,,validation overfit / weak test generalization
mlp_small_fs30,20,target_clean_direction,0.8977272727272727,0.5122830003275467,0.8644569993049531,2.3984115236627392,-1.5339545243577861,,,0.8977272727272727,0.5122830003275467,0.385444272399726,0.385444272399726,0.7995474406942139,0.4150501568449175,True,False,,validation overfit / weak test generalization
mlp_small_fs30,20,target_up,0.8171936758893281,0.4383849980864906,0.8193912326451306,1.8900132601091,-1.0706220274639695,,,0.8171936758893281,0.4383849980864906,0.3788086778028375,0.3788086778028375,0.7995474406942139,0.4150501568449175,True,False,,validation overfit / weak test generalization
mlp_small_fs30,20,target_trade,0.8352380952380952,0.4992651561543172,1.2525155883195138,1.9605249914720413,-0.7080094031525275,,,0.8352380952380952,0.4992651561543172,0.335972939083778,0.335972939083778,0.7995474406942139,0.4150501568449175,True,False,,validation overfit / weak test generalization
LightGBMRegularized,20,target_big_down,0.9011473962930272,0.426613545816733,0.4747704738205778,0.6624834236844751,-0.1877129498638973,,,0.9011473962930272,0.426613545816733,0.4745338504762942,0.4745338504762942,0.7243261098183457,0.4357188598482635,False,False,,validation overfit / weak test generalization
XGBoostRegularized,20,target_big_down,0.8949691085613416,0.4279681274900398,0.4292315131532219,0.6832915608188604,-0.25406004766563856,,,0.8949691085613416,0.4279681274900398,0.4670009810713018,0.4670009810713018,0.7417961594144882,0.4353679897401548,False,False,,validation overfit / weak test generalization
GradientBoosting,20,target_big_down,0.9031332744924978,0.437609561752988,0.4986738086504957,0.5806651161625126,-0.08199130751201689,,,0.9031332744924978,0.437609561752988,0.4655237127395098,0.4655237127395098,0.7145065892214683,0.4349734323017783,False,False,,validation overfit / weak test generalization
XGBoost,20,target_ret,,,,,,0.3958529098858621,-0.0622411750556307,0.3958529098858621,-0.0622411750556307,0.4580940849414928,,0.7302540784117754,0.4402180302081171,False,False,,validation overfit / weak test generalization
XGBoost,20,target_big_down,0.8945278022947927,0.4449402390438247,0.4765500520181253,0.713613371861058,-0.23706331984293272,,,0.8945278022947927,0.4449402390438247,0.449587563250968,0.449587563250968,0.7302540784117754,0.4402180302081171,False,False,,validation overfit / weak test generalization
LightGBM,20,target_big_down,0.9068843777581642,0.4675298804780877,0.4798906723246616,0.6611201210101314,-0.1812294486854698,,,0.9068843777581642,0.4675298804780877,0.43935449728007653,0.43935449728007653,0.723970758152414,0.4351256514160179,False,False,,validation overfit / weak test generalization
HistGradientBoosting,20,target_big_down,0.8812886142983232,0.4620717131474103,0.5578276229555691,0.6960886734291305,-0.1382610504735614,,,0.8812886142983232,0.4620717131474103,0.41921690115091287,0.41921690115091287,0.6630351625712,0.4223656753515874,False,False,,validation overfit / weak test generalization
ExtraTreesDeep,20,target_big_down,0.8936451897616946,0.4760956175298805,0.6348434091579658,0.668636490190369,-0.033793081032403194,,,0.8936451897616946,0.4760956175298805,0.4175495722318141,0.4175495722318141,0.6946835907693333,0.4315244644580829,False,False,,validation overfit / weak test generalization
mlp_tiny,20,target_big_down,0.8256840247131509,0.4126693227091633,1.468601059396755,1.0549316119714225,0.4136694474253324,,,0.8256840247131509,0.4126693227091633,0.41301470200398765,0.41301470200398765,0.6941003629941498,0.4066841650850878,False,False,,validation overfit / weak test generalization
RandomForestDeep,20,target_big_down,0.8892321270962048,0.4866932270916335,0.5941364495429812,0.7155863494085202,-0.121449899865539,,,0.8892321270962048,0.4866932270916335,0.4025389000045713,0.4025389000045713,0.7061171094132181,0.44148046955079,False,False,,validation overfit / weak test generalization
GradientBoosting,20,target_trade,0.8407936507936508,0.4407225964482547,0.5889607485987445,0.674477586927338,-0.08551683832859347,,,0.8407936507936508,0.4407225964482547,0.4000710543453961,0.4000710543453961,0.7145065892214683,0.4349734323017783,False,False,,validation overfit / weak test generalization
ExtraTrees,20,target_big_down,0.8495145631067962,0.4572908366533864,0.9102937701651316,0.7646819828970789,0.14561178726805268,,,0.8495145631067962,0.4572908366533864,0.3922237264534098,0.3922237264534098,0.659248538152742,0.4542656038895428,False,False,,validation overfit / weak test generalization
RandomForestDeep,20,target_trade,0.827936507936508,0.4359461114513167,0.5866868713867739,0.7931381878139185,-0.20645131642714465,,,0.827936507936508,0.4359461114513167,0.3919903964851913,0.3919903964851913,0.7061171094132181,0.44148046955079,False,False,,validation overfit / weak test generalization
XGBoostRegularized,20,target_trade,0.8463492063492063,0.4565217391304347,0.6325528379205071,0.8323763004600996,-0.1998234625395925,,,0.8463492063492063,0.4565217391304347,0.3898274672187716,0.3898274672187716,0.7417961594144882,0.4353679897401548,False,False,,validation overfit / weak test generalization
LightGBM,20,target_ret,,,,,,0.3847539234754917,-0.0047053262466109,0.3847539234754917,-0.0047053262466109,0.3894592497221026,,0.723970758152414,0.4351256514160179,False,False,,validation overfit / weak test generalization
LightGBMRegularized,20,target_up,0.8366271409749672,0.4550325296593953,0.6045654293895516,0.8024100386180587,-0.1978446092285071,,,0.8366271409749672,0.4550325296593953,0.3815946113155719,0.3815946113155719,0.7243261098183457,0.4357188598482635,False,False,,validation overfit / weak test generalization
mlp_tiny,20,target_ret,,,,,,0.1711604716648292,-0.2064586427084291,0.1711604716648292,-0.2064586427084291,0.3776191143732583,,0.6941003629941498,0.4066841650850878,False,False,,weak or unstable predictive evidence
XGBoostRegularized,20,target_up,0.8382740447957839,0.4634519709146574,0.593281301219592,0.7965629437900057,-0.2032816425704137,,,0.8382740447957839,0.4634519709146574,0.37482207388112654,0.37482207388112654,0.7417961594144882,0.4353679897401548,False,False,,validation overfit / weak test generalization
RandomForest,20,target_big_down,0.8587819947043248,0.4923505976095618,0.7805205568911198,0.7123430591331793,0.06817749775794046,,,0.8587819947043248,0.4923505976095618,0.366431397094763,0.366431397094763,0.6905485160560216,0.4591650320091324,False,False,,validation overfit / weak test generalization
RandomForest,20,target_trade,0.8422222222222223,0.4766074709124311,0.653543640799979,0.6931351362250372,-0.03959149542505824,,,0.8422222222222223,0.4766074709124311,0.3656147513097912,0.3656147513097912,0.6905485160560216,0.4591650320091324,False,False,,validation overfit / weak test generalization
XGBoost,20,target_up,0.8359683794466403,0.4732746523791299,0.6050677512254093,0.7911602552001068,-0.18609250397469745,,,0.8359683794466403,0.4732746523791299,0.36269372706751035,0.36269372706751035,0.7302540784117754,0.4402180302081171,False,False,,validation overfit / weak test generalization
HistGradientBoosting,20,target_ret,,,,,,0.3537699968788135,-0.0037483395051135,0.3537699968788135,-0.0037483395051135,0.357518336383927,,0.6630351625712,0.4223656753515874,False,False,,validation overfit / weak test generalization
LightGBM,20,target_up,0.8218050065876152,0.464440617425692,0.6236608999719128,0.8152896741986155,-0.19162877422670277,,,0.8218050065876152,0.464440617425692,0.35736438916192326,0.35736438916192326,0.723970758152414,0.4351256514160179,False,False,,validation overfit / weak test generalization
RandomForestDeep,20,target_up,0.8138998682476943,0.4616022451843348,0.6070408060561181,0.7622470184703298,-0.15520621241421173,,,0.8138998682476943,0.4616022451843348,0.35229762306335954,0.35229762306335954,0.7061171094132181,0.44148046955079,False,False,,validation overfit / weak test generalization
XGBoostRegularized,20,target_ret,,,,,,0.3669439173788149,0.0150324664988006,0.3669439173788149,0.0150324664988006,0.3519114508800143,,0.7417961594144882,0.4353679897401548,False,False,,validation overfit / weak test generalization
HistGradientBoosting,20,target_up,0.755270092226614,0.4094272228600586,0.6694768874021358,0.8518681415409565,-0.18239125413882062,,,0.755270092226614,0.4094272228600586,0.3458428693665554,0.3458428693665554,0.6630351625712,0.4223656753515874,False,False,,validation overfit / weak test generalization
RandomForest,20,target_up,0.7786561264822134,0.4344304120423524,0.649555119984372,0.7068213539670722,-0.057266233982700254,,,0.7786561264822134,0.4344304120423524,0.344225714439861,0.344225714439861,0.6905485160560216,0.4591650320091324,False,False,,validation overfit / weak test generalization
XGBoost,20,target_trade,0.8057142857142856,0.467911818738518,0.7093658471843095,0.8525137972446057,-0.14314795006029624,,,0.8057142857142856,0.467911818738518,0.3378024669757676,0.3378024669757676,0.7302540784117754,0.4402180302081171,False,False,,validation overfit / weak test generalization
LightGBMRegularized,20,target_trade,0.8098412698412698,0.4734843845682793,0.6887941569986782,0.8141662775468854,-0.12537212054820723,,,0.8098412698412698,0.4734843845682793,0.3363568852729905,0.3363568852729905,0.7243261098183457,0.4357188598482635,False,False,,validation overfit / weak test generalization
LightGBM,20,target_trade,0.8022222222222222,0.4698101653398652,0.7072138518428795,0.807152883736306,-0.09993903189342646,,,0.8022222222222222,0.4698101653398652,0.332412056882357,0.332412056882357,0.723970758152414,0.4351256514160179,False,False,,validation overfit / weak test generalization
mlp_small,20,target_clean_direction,0.7792207792207793,0.4490664919751065,2.5761291889164424,3.828965359510481,-1.2528361705940387,,,0.7792207792207793,0.4490664919751065,0.33015428724567275,0.33015428724567275,0.6763800160700612,0.4365303889758192,False,False,,validation overfit / weak test generalization
ExtraTreesDeep,10,target_trade,0.7399559713813978,0.4154589371980677,0.6435344495989599,0.7317325168399109,-0.08819806724095103,,,0.7399559713813978,0.4154589371980677,0.3244970341833301,0.3244970341833301,0.6241029136265633,0.4118509175195295,False,False,,validation overfit / weak test generalization
ExtraTreesDeep,20,target_trade,0.7780952380952382,0.4588487446417636,0.6706463443296398,0.735845614430577,-0.06519927010093729,,,0.7780952380952382,0.4588487446417636,0.31924649345347456,0.31924649345347456,0.6946835907693333,0.4315244644580829,False,False,,validation overfit / weak test generalization
GradientBoosting,20,target_up,0.7407773386034257,0.4250542160989922,0.5962973653414707,0.6515395483523867,-0.05524218301091599,,,0.7407773386034257,0.4250542160989922,0.31572312250443346,0.31572312250443346,0.7145065892214683,0.4349734323017783,False,False,,validation overfit / weak test generalization
ExtraTreesDeep,20,target_up,0.7971014492753623,0.4817578772802653,0.646777999371192,0.7036707485684399,-0.05689274919724796,,,0.7971014492753623,0.4817578772802653,0.315343571995097,0.315343571995097,0.6946835907693333,0.4315244644580829,False,False,,validation overfit / weak test generalization
mlp_tiny,20,target_up,0.7450592885375494,0.4326444699579028,2.0421351014062745,1.7597155687519064,0.28241953265436814,,,0.7450592885375494,0.4326444699579028,0.31241481857964665,0.31241481857964665,0.6941003629941498,0.4066841650850878,False,False,,validation overfit / weak test generalization
mlp_small,20,target_big_down,0.819947043248014,0.5083665338645418,3.0211515852736723,2.055518431784905,0.9656331534887674,,,0.819947043248014,0.5083665338645418,0.31158050938347226,0.31158050938347226,0.6763800160700612,0.4365303889758192,False,False,,validation overfit / weak test generalization
mlp_tiny,20,target_clean_direction,0.7564935064935066,0.4467736652472978,1.663870899987571,2.2355759118135268,-0.5717050118259557,,,0.7564935064935066,0.4467736652472978,0.30971984124620877,0.30971984124620877,0.6941003629941498,0.4066841650850878,False,False,,validation overfit / weak test generalization
RidgeClassifier,5,target_ret,,,,,,0.2247260763262234,-0.0842758808876143,0.2247260763262234,-0.0842758808876143,0.3090019572138377,,0.5996846229341923,0.4752406026166163,False,False,,validation overfit / weak test generalization
LogisticRegressionStrongL2,5,target_ret,,,,,,0.2247260763262234,-0.0842758808876143,0.2247260763262234,-0.0842758808876143,0.3090019572138377,,0.5845909887088439,0.4732898777691721,False,False,,validation overfit / weak test generalization
mlp_small_fs30,5,target_big_down,0.681023720349563,0.3735119047619047,0.7154031889946113,0.897137851801041,-0.1817346628064297,,,0.681023720349563,0.3735119047619047,0.30751181558765833,0.30751181558765833,0.5912217297255472,0.4958942882499487,False,False,,validation overfit / weak test generalization
LightGBM,5,target_big_down,0.6360799001248439,0.330109126984127,0.6166109197706475,0.6949283035874768,-0.07831738381682929,,,0.6360799001248439,0.330109126984127,0.30597077314071697,0.30597077314071697,0.5204398138141483,0.4281384859848807,False,True,ml_risk_budget_enhancement,"selected by strategy-layer utility, not pure prediction score"
ExtraTreesDeep,10,target_clean_direction,0.6948590381426202,0.3889112903225807,0.6881949621004507,0.8364920107663761,-0.1482970486659254,,,0.6948590381426202,0.3889112903225807,0.3059477478200395,0.3059477478200395,0.6241029136265633,0.4118509175195295,False,False,,validation overfit / weak test generalization
mlp_tiny,20,target_trade,0.7479365079365079,0.443968156766687,2.2112488588419814,1.6609123510156485,0.5503365078263329,,,0.7479365079365079,0.443968156766687,0.3039683511698209,0.3039683511698209,0.6941003629941498,0.4066841650850878,False,False,,validation overfit / weak test generalization
HistGradientBoosting,20,target_trade,0.7552380952380953,0.4536436007348438,0.7896316286197682,0.8630553556859775,-0.07342372706620925,,,0.7552380952380953,0.4536436007348438,0.3015944945032515,0.3015944945032515,0.6630351625712,0.4223656753515874,False,False,,validation overfit / weak test generalization
LightGBMRegularized,20,target_ret,,,,,,0.3252158566340311,0.0254703554638834,0.3252158566340311,0.0254703554638834,0.2997455011701477,,0.7243261098183457,0.4357188598482635,False,False,,validation overfit / weak test generalization
mlp_small,20,target_trade,0.7590476190476191,0.4638089406001224,3.5912830380419236,3.479676728985089,0.11160630905683444,,,0.7590476190476191,0.4638089406001224,0.2952386784474967,0.2952386784474967,0.6763800160700612,0.4365303889758192,False,False,,validation overfit / weak test generalization
mlp_small_fs30,10,target_big_down,0.6945701357466063,0.3997279440342013,1.6097380876334777,1.3723335654382982,0.2374045221951795,,,0.6945701357466063,0.3997279440342013,0.294842191712405,0.294842191712405,0.652783284731514,0.4874042516969917,False,False,,validation overfit / weak test generalization
ElasticNet,10,target_ret,,,,,,1.4555559708725688e-16,-0.2941072965092502,1.4555559708725688e-16,-0.2941072965092502,0.2941072965092504,,0.5604185127360527,0.4960554265456656,False,False,,weak or unstable predictive evidence
LogisticRegressionStrongL2,20,target_ret,,,,,,0.3824502951114302,0.0892967436786518,0.3824502951114302,0.0892967436786518,0.2931535514327784,,0.6921154861207556,0.598857198746542,False,False,,validation overfit / weak test generalization
RidgeClassifier,20,target_ret,,,,,,0.3824502951114302,0.0892967436786518,0.3824502951114302,0.0892967436786518,0.2931535514327784,,0.6876724232573352,0.6385530658428725,False,False,,validation overfit / weak test generalization
GradientBoosting,20,target_clean_direction,0.7816558441558441,0.49078774975434,0.580256097496714,0.7924963198195532,-0.21224022232283912,,,0.7816558441558441,0.49078774975434,0.29086809440150413,0.29086809440150413,0.7145065892214683,0.4349734323017783,False,False,,validation overfit / weak test generalization
LightGBMRegularized,5,target_big_down,0.6398252184769039,0.3501984126984127,0.6234869013050127,0.6463085874341153,-0.022821686129102625,,,0.6398252184769039,0.3501984126984127,0.2896268057784912,0.2896268057784912,0.5103769504230764,0.4372775641460901,False,False,,weak or unstable predictive evidence
RandomForest,10,target_trade,0.6689598238855256,0.3817498658078368,0.6486779283686572,0.7189042853119458,-0.0702263569432886,,,0.6689598238855256,0.3817498658078368,0.28720995807768873,0.28720995807768873,0.580841196492836,0.4361410448061658,False,False,,validation overfit / weak test generalization
LightGBM,20,target_clean_direction,0.7743506493506493,0.4916475597772681,0.824635001864928,0.9690184180591984,-0.14438341619427042,,,0.7743506493506493,0.4916475597772681,0.28270308957338125,0.28270308957338125,0.723970758152414,0.4351256514160179,False,False,,validation overfit / weak test generalization
ExtraTrees,20,target_clean_direction,0.7698863636363635,0.4903373730756632,0.8033693598024887,0.776689947130613,0.02667941267187568,,,0.7698863636363635,0.4903373730756632,0.2795489905607003,0.2795489905607003,0.659248538152742,0.4542656038895428,False,False,,validation overfit / weak test generalization
mlp_tiny,10,target_trade,0.6576774903687397,0.381052066559313,1.9905958777621324,1.809473735817132,0.18112214194500043,,,0.6576774903687397,0.381052066559313,0.2766254238094267,0.2766254238094267,0.5811000634350071,0.3796814454864914,False,False,,validation overfit / weak test generalization
XGBoost,5,target_ret,,,,,,0.1816649959493781,-0.0947245895377715,0.1816649959493781,-0.0947245895377715,0.2763895854871496,,0.5280042678021251,0.4480333929651244,False,False,,weak or unstable predictive evidence
mlp_tiny,5,target_ret,,,,,,0.106956728068102,-0.168704704694565,0.106956728068102,-0.168704704694565,0.27566143276266697,,0.5327598279937896,0.4165644579934142,False,False,,weak or unstable predictive evidence
ExtraTreesDeep,5,target_big_down,0.6750936329588014,0.4011036706349206,0.6189908694437665,0.640955762626772,-0.02196489318300554,,,0.6750936329588014,0.4011036706349206,0.27398996232388084,0.27398996232388084,0.5734395904425622,0.4564124550678857,False,False,,validation overfit / weak test generalization
ExtraTrees,20,target_trade,0.7095238095238096,0.4374770361298224,0.7337705558655632,0.683593277624318,0.05017727824124518,,,0.7095238095238096,0.4374770361298224,0.27204677339398714,0.27204677339398714,0.659248538152742,0.4542656038895428,False,False,,validation overfit / weak test generalization
XGBoostRegularized,20,target_clean_direction,0.7816558441558442,0.5103177202751392,0.7025114928825321,0.9775052869231552,-0.2749937940406231,,,0.7816558441558442,0.5103177202751392,0.271338123880705,0.271338123880705,0.7417961594144882,0.4353679897401548,False,False,,validation overfit / weak test generalization
LightGBMRegularized,20,target_clean_direction,0.7727272727272727,0.5017196200458566,0.8022539605425034,0.9151802329689956,-0.11292627242649222,,,0.7727272727272727,0.5017196200458566,0.27100765268141613,0.27100765268141613,0.7243261098183457,0.4357188598482635,False,False,,validation overfit / weak test generalization
ExtraTreesDeep,20,target_clean_direction,0.7386363636363636,0.4691287258434327,0.8011402695966531,0.8356521362515004,-0.03451186665484729,,,0.7386363636363636,0.4691287258434327,0.26950763779293097,0.26950763779293097,0.6946835907693333,0.4315244644580829,False,False,,validation overfit / weak test generalization
RandomForestDeep,20,target_clean_direction,0.7467532467532467,0.4804290861447757,0.6642559912532572,0.8752944303385957,-0.21103843908533848,,,0.7467532467532467,0.4804290861447757,0.26632416060847103,0.26632416060847103,0.7061171094132181,0.44148046955079,False,False,,validation overfit / weak test generalization
HistGradientBoosting,5,target_big_down,0.637016229712859,0.371031746031746,0.6350570775676292,0.6952037335988851,-0.06014665603125591,,,0.637016229712859,0.371031746031746,0.265984483681113,0.265984483681113,0.5179130807743705,0.4357923609209597,False,False,,weak or unstable predictive evidence
ExtraTreesDeep,10,target_up,0.7108333333333333,0.4454715527676901,0.6486534430312082,0.7188105754640154,-0.07015713243280719,,,0.7108333333333333,0.4454715527676901,0.2653617805656432,0.2653617805656432,0.6241029136265633,0.4118509175195295,False,False,,validation overfit / weak test generalization
ExtraTreesDeep,10,target_big_up,0.7187339166237776,0.4581215101258438,0.657032285803394,0.830563182029356,-0.17353089622596196,,,0.7187339166237776,0.4581215101258438,0.2606124064979338,0.2606124064979338,0.6241029136265633,0.4118509175195295,False,False,,validation overfit / weak test generalization
RandomForestDeep,20,target_ret,,,,,,0.3655001273198561,0.1103779820205179,0.3655001273198561,0.1103779820205179,0.2551221452993382,,0.7061171094132181,0.44148046955079,False,False,,validation overfit / weak test generalization
RandomForest,20,target_clean_direction,0.7548701298701299,0.5005732066819523,0.6299966113631639,0.830571518343312,-0.20057490698014813,,,0.7548701298701299,0.5005732066819523,0.25429692318817765,0.25429692318817765,0.6905485160560216,0.4591650320091324,False,False,,validation overfit / weak test generalization
RandomForest,10,target_clean_direction,0.666334991708126,0.4148521505376344,0.6720228736731265,0.7833649323358665,-0.11134205866273994,,,0.666334991708126,0.4148521505376344,0.25148284117049163,0.25148284117049163,0.580841196492836,0.4361410448061658,False,False,,validation overfit / weak test generalization
ExtraTrees,20,target_up,0.6861001317523057,0.4378747289195051,0.7414154555692598,0.6769206040763314,0.06449485149292844,,,0.6861001317523057,0.4378747289195051,0.2482254028328006,0.2482254028328006,0.659248538152742,0.4542656038895428,False,False,,validation overfit / weak test generalization
ExtraTreesDeep,20,target_ret,,,,,,0.2620593134870177,0.0143062545040256,0.2620593134870177,0.0143062545040256,0.24775305898299213,,0.6946835907693333,0.4315244644580829,False,False,,validation overfit / weak test generalization
mlp_small_fs30,10,target_trade,0.7179416620803523,0.4719269994632314,1.3556401370923206,1.4283166785182415,-0.07267654142592095,,,0.7179416620803523,0.4719269994632314,0.24601466261712085,0.24601466261712085,0.652783284731514,0.4874042516969917,False,False,,validation overfit / weak test generalization
XGBoost,20,target_clean_direction,0.7601461038961039,0.5155584670815591,0.8255682457635349,0.9879425368306098,-0.1623742910670749,,,0.7601461038961039,0.5155584670815591,0.24458763681454487,0.24458763681454487,0.7302540784117754,0.4402180302081171,False,False,,validation overfit / weak test generalization
mlp_tiny,10,target_clean_direction,0.627860696517413,0.3841397849462366,1.5969384188292213,1.4467450409129248,0.1501933779162965,,,0.627860696517413,0.3841397849462366,0.24372091157117648,0.24372091157117648,0.5811000634350071,0.3796814454864914,False,False,,weak or unstable predictive evidence
mlp_tiny,10,target_big_down,0.5888817065287654,0.3458349527140821,0.8130688216325492,1.1073507394000717,-0.29428191776752244,,,0.5888817065287654,0.3458349527140821,0.24304675381468327,0.24304675381468327,0.5811000634350071,0.3796814454864914,False,False,,weak or unstable predictive evidence
RandomForestDeep,10,target_trade,0.666483214089158,0.4245840042941493,0.6482169885499387,0.7601193941220766,-0.11190240557213793,,,0.666483214089158,0.4245840042941493,0.24189920979500873,0.24189920979500873,0.5525795293218513,0.4231846057579524,False,False,,validation overfit / weak test generalization
XGBoostRegularized,10,target_up,0.6461111111111112,0.4056344228018047,0.6515153604604311,0.7374524697002084,-0.08593710923977727,,,0.6461111111111112,0.4056344228018047,0.24047668830930652,0.24047668830930652,0.5611839786779644,0.4187938846723131,False,False,,weak or unstable predictive evidence
mlp_small,10,target_clean_direction,0.6295190713101161,0.390994623655914,1.731145482100395,3.5489255921544776,-1.8177801100540825,,,0.6295190713101161,0.390994623655914,0.2385244476542021,0.2385244476542021,0.5512644628101167,0.4101703771365868,False,False,,weak or unstable predictive evidence
XGBoostRegularized,10,target_trade,0.6414419372592186,0.4037037037037037,0.6703364501080729,0.7812714522235892,-0.11093500211551632,,,0.6414419372592186,0.4037037037037037,0.23773823355551493,0.23773823355551493,0.5611839786779644,0.4187938846723131,False,False,,weak or unstable predictive evidence
mlp_tiny,20,target_big_up,0.6155429747812662,0.3779054352629253,3.2327364796263276,2.956232274857123,0.2765042047692048,,,0.6155429747812662,0.3779054352629253,0.23763753951834088,0.23763753951834088,0.6941003629941498,0.4066841650850878,False,False,,weak or unstable predictive evidence
XGBoostRegularized,5,target_big_down,0.6317103620474407,0.3940972222222222,0.5928141445022961,0.6323970457536418,-0.03958290125134567,,,0.6317103620474407,0.3940972222222222,0.23761313982521848,0.23761313982521848,0.5291271512800536,0.4588407670735495,False,False,,weak or unstable predictive evidence
RandomForestDeep,3,target_ret,,,,,,0.0757045088482628,-0.1617445870429163,0.0757045088482628,-0.1617445870429163,0.2374490958911791,,0.5001581163041711,0.485053609668385,False,False,,weak or unstable predictive evidence
RandomForestDeep,5,target_ret,,,,,,0.0472774408228689,-0.1892644385756521,0.0472774408228689,-0.1892644385756521,0.236541879398521,,0.4981436456781545,0.466947972154182,False,False,,weak or unstable predictive evidence
XGBoost,5,target_big_down,0.6179775280898878,0.3821924603174603,0.6267974368469018,0.650814108924818,-0.024016672077916135,,,0.6179775280898878,0.3821924603174603,0.23578506777242753,0.23578506777242753,0.5280042678021251,0.4480333929651244,False,False,,weak or unstable predictive evidence
GradientBoosting,20,target_ret,,,,,,0.3651240326060894,0.1342896073381206,0.3651240326060894,0.1342896073381206,0.2308344252679688,,0.7145065892214683,0.4349734323017783,False,False,,validation overfit / weak test generalization
RidgeClassifier,5,target_big_down,0.686641697877653,0.4560391865079365,0.6032021721215175,0.6732657433056569,-0.07006357118413942,,,0.686641697877653,0.4560391865079365,0.23060251136971643,0.23060251136971643,0.5996846229341923,0.4752406026166163,False,False,,validation overfit / weak test generalization
LogisticRegressionStrongL2,5,target_big_down,0.6844569288389513,0.4545510912698413,1.1127312564017129,0.9905599193534462,0.12217133704826666,,,0.6844569288389513,0.4545510912698413,0.22990583756910998,0.22990583756910998,0.5845909887088439,0.4732898777691721,False,False,,validation overfit / weak test generalization
RidgeClassifier,10,target_clean_direction,0.705804311774461,0.4776881720430107,0.6274607806515782,0.8329009370127808,-0.2054401563612026,,,0.705804311774461,0.4776881720430107,0.22811613973145034,0.22811613973145034,0.6093032928981269,0.5019666955662921,False,False,,validation overfit / weak test generalization
ElasticNet,5,target_big_down,0.6963171036204744,0.46875,1.2793229991361668,1.1012359916873884,0.17808700744877837,,,0.6963171036204744,0.46875,0.2275671036204744,0.2275671036204744,0.5802573248528965,0.4936190728703079,False,False,,validation overfit / weak test generalization
XGBoost,10,target_up,0.6394444444444445,0.4142731374491031,0.6702598367123889,0.7508278868903921,-0.08056805017800328,,,0.6394444444444445,0.4142731374491031,0.22517130699534138,0.22517130699534138,0.5444053588245549,0.4204321330862544,False,False,,weak or unstable predictive evidence
mlp_small,20,target_up,0.7091567852437417,0.4839903048858273,2.6024697083559554,2.634018762679135,-0.03154905432317978,,,0.7091567852437417,0.4839903048858273,0.22516648035791442,0.22516648035791442,0.6763800160700612,0.4365303889758192,False,False,,validation overfit / weak test generalization
ExtraTreesDeep,5,target_ret,,,,,,0.201622661660967,-0.0218570699040485,0.201622661660967,-0.0218570699040485,0.22347973156501552,,0.5734395904425622,0.4564124550678857,False,False,,validation overfit / weak test generalization
XGBoost,10,target_trade,0.6411667583929554,0.4203435319377348,0.6870857067095231,0.7914250956409958,-0.10433938893147277,,,0.6411667583929554,0.4203435319377348,0.22082322645522062,0.22082322645522062,0.5444053588245549,0.4204321330862544,False,False,,weak or unstable predictive evidence
XGBoostRegularized,5,target_ret,,,,,,0.1585740244180614,-0.0575996044450497,0.1585740244180614,-0.0575996044450497,0.2161736288631111,,0.5291271512800536,0.4588407670735495,False,False,,weak or unstable predictive evidence
RandomForestDeep,10,target_up,0.6447222222222222,0.4303950698800484,0.6543671701508498,0.7488962768413836,-0.09452910669053383,,,0.6447222222222222,0.4303950698800484,0.2143271523421738,0.2143271523421738,0.5525795293218513,0.4231846057579524,False,False,,weak or unstable predictive evidence
HistGradientBoosting,10,target_trade,0.6406164006604294,0.4263016639828234,0.7473279565529929,0.7945663092417045,-0.04723835268871157,,,0.6406164006604294,0.4263016639828234,0.21431473667760598,0.21431473667760598,0.5167423934784956,0.4168310618270104,False,False,,weak or unstable predictive evidence
LightGBMRegularized,10,target_up,0.63,0.4157587762737977,0.6754109880657144,0.7496152254861925,-0.0742042374204781,,,0.63,0.4157587762737977,0.2142412237262023,0.2142412237262023,0.5320023998659769,0.4210683029022893,False,False,,weak or unstable predictive evidence
mlp_small,10,target_trade,0.5624656026417172,0.3510466988727858,3.2923567356311567,3.3917487614053683,-0.09939202577421158,,,0.5624656026417172,0.3510466988727858,0.2114189037689314,0.2114189037689314,0.5512644628101167,0.4101703771365868,False,False,,weak or unstable predictive evidence
GradientBoosting,10,target_trade,0.6119977985690699,0.4022544283413848,0.6499154398934625,0.6678041909041611,-0.017888751010698645,,,0.6119977985690699,0.4022544283413848,0.20974337022768508,0.20974337022768508,0.5444485200153842,0.421427302381696,False,False,,weak or unstable predictive evidence
LightGBM,10,target_trade,0.6271326362135388,0.4187332259796028,0.7241190536726813,0.7739802036063542,-0.049861149933672966,,,0.6271326362135388,0.4187332259796028,0.208399410233936,0.208399410233936,0.5300725537080326,0.4165091912255295,False,False,,weak or unstable predictive evidence
LightGBMRegularized,10,target_trade,0.6186020913593836,0.4126140633387011,0.7060368020452116,0.7687647932992625,-0.06272799125405093,,,0.6186020913593836,0.4126140633387011,0.2059880280206825,0.2059880280206825,0.5320023998659769,0.4210683029022893,False,False,,weak or unstable predictive evidence
RidgeClassifier,3,target_ret,,,,,,0.208543175866867,0.0026534786895189,0.208543175866867,0.0026534786895189,0.2058896971773481,,0.5688823870401634,0.4723984718214687,False,False,,validation overfit / weak test generalization
LogisticRegressionStrongL2,3,target_ret,,,,,,0.208543175866867,0.0026534786895189,0.208543175866867,0.0026534786895189,0.2058896971773481,,0.5445623219607291,0.4723958262181938,False,False,,validation overfit / weak test generalization
mlp_tiny,10,target_up,0.6069444444444444,0.4037085946957192,1.825841024479858,1.3703936816261904,0.4554473428536676,,,0.6069444444444444,0.4037085946957192,0.20323584974872522,0.20323584974872522,0.5811000634350071,0.3796814454864914,False,False,,weak or unstable predictive evidence
RandomForestDeep,10,target_clean_direction,0.603648424543947,0.4009408602150538,0.7228082786384226,0.8578975610654431,-0.13508928242702056,,,0.603648424543947,0.4009408602150538,0.20270756432889314,0.20270756432889314,0.5525795293218513,0.4231846057579524,False,False,,weak or unstable predictive evidence
XGBoostRegularized,10,target_clean_direction,0.6325041459369818,0.4308467741935484,0.7220089325296991,0.8923535009983922,-0.17034456846869306,,,0.6325041459369818,0.4308467741935484,0.2016573717434334,0.2016573717434334,0.5611839786779644,0.4187938846723131,False,False,,weak or unstable predictive evidence
ExtraTreesDeep,3,target_ret,,,,,,0.19397335070402,-0.0065135074074287,0.19397335070402,-0.0065135074074287,0.2004868581114487,,0.5106076147616098,0.490364189344698,False,False,,weak or unstable predictive evidence
HistGradientBoosting,20,target_clean_direction,0.6968344155844155,0.4967245332459875,1.2060163429978654,0.9518808163614296,0.2541355266364358,,,0.6968344155844155,0.4967245332459875,0.20010988233842802,0.20010988233842802,0.6630351625712,0.4223656753515874,False,False,,validation overfit / weak test generalization
XGBoost,10,target_clean_direction,0.5956882255389718,0.3960349462365591,0.826917425365884,0.9217724038568484,-0.09485497849096447,,,0.5956882255389718,0.3960349462365591,0.19965327930241272,0.19965327930241272,0.5444053588245549,0.4204321330862544,False,False,,weak or unstable predictive evidence
LogisticRegressionStrongL2,10,target_clean_direction,0.6398009950248756,0.4403897849462366,1.6339634224102748,1.9340501104947072,-0.3000866880844324,,,0.6398009950248756,0.4403897849462366,0.19941121007863905,0.19941121007863905,0.5837005654499138,0.4667562602681269,False,False,,weak or unstable predictive evidence
LogisticRegression,5,target_big_down,0.681960049937578,0.4844990079365079,1.4704353486398556,1.2115732621051585,0.2588620865346971,,,0.681960049937578,0.4844990079365079,0.19746104200107006,0.19746104200107006,0.5635804550588884,0.4804733026591868,False,False,,validation overfit / weak test generalization
RandomForest,10,target_up,0.6758333333333333,0.4795311984153186,0.6428202937735888,0.6915661223035844,-0.04874582852999554,,,0.6758333333333333,0.4795311984153186,0.19630213491801468,0.19630213491801468,0.580841196492836,0.4361410448061658,False,False,,validation overfit / weak test generalization
mlp_small,20,target_big_up,0.5872362326299536,0.3913831197525409,4.240778404921095,4.488201259250442,-0.24742285432934708,,,0.5872362326299536,0.3913831197525409,0.1958531128774127,0.1958531128774127,0.6763800160700612,0.4365303889758192,False,False,,weak or unstable predictive evidence
GradientBoosting,10,target_up,0.61125,0.4169417849675361,0.6450400240656663,0.6365083391845698,0.008531684881096457,,,0.61125,0.4169417849675361,0.19430821503246387,0.19430821503246387,0.5444485200153842,0.421427302381696,False,False,,weak or unstable predictive evidence
HistGradientBoosting,3,target_big_down,0.5872235872235873,0.393457889529131,0.6513251636567253,0.6647705206423971,-0.01344535698567173,,,0.5872235872235873,0.393457889529131,0.19376569769445623,0.19376569769445623,0.5231470171316035,0.4587415294469714,False,False,,weak or unstable predictive evidence
LogisticRegression,20,target_ret,,,,,,0.3736117828804847,0.1802210775378145,0.3736117828804847,0.1802210775378145,0.1933907053426702,,0.6656901861560193,0.6440411280624673,False,False,,validation overfit / weak test generalization
LightGBM,10,target_up,0.6169444444444444,0.4278639815120502,0.728109407607357,0.7340916211386243,-0.005982213531267266,,,0.6169444444444444,0.4278639815120502,0.18908046293239422,0.18908046293239422,0.5300725537080326,0.4165091912255295,False,False,,weak or unstable predictive evidence
HistGradientBoosting,5,target_ret,,,,,,0.0841585482870561,-0.1013845325349234,0.0841585482870561,-0.1013845325349234,0.1855430808219795,,0.5179130807743705,0.4357923609209597,False,False,,weak or unstable predictive evidence
LogisticRegressionStrongL2,10,target_big_down,0.6851971557853911,0.5005182018396166,1.3369827934549507,1.1359710155347769,0.20101177792017388,,,0.6851971557853911,0.5005182018396166,0.1846789539457745,0.1846789539457745,0.5837005654499138,0.4667562602681269,False,False,,validation overfit / weak test generalization
ElasticNet,20,target_ret,,,,,,0.4635428919444149,0.2807225611709805,0.4635428919444149,0.2807225611709805,0.1828203307734344,,0.6878357396998861,0.6520359965727028,False,False,,validation overfit / weak test generalization
LightGBM,10,target_clean_direction,0.5867330016583747,0.404502688172043,0.904078886940947,0.8649895613951009,0.0390893255458461,,,0.5867330016583747,0.404502688172043,0.18223031348633173,0.18223031348633173,0.5300725537080326,0.4165091912255295,False,False,,weak or unstable predictive evidence
mlp_small_fs30,10,target_big_up,0.7617086978898611,0.5797566463871989,0.6070749801226631,1.0912765454022462,-0.484201565279583,,,0.7617086978898611,0.5797566463871989,0.18195205150266214,0.18195205150266214,0.652783284731514,0.4874042516969917,False,False,,validation overfit / weak test generalization
RandomForestDeep,5,target_big_down,0.5767790262172285,0.3949652777777778,0.6534458894333133,0.6751387050919243,-0.02169281565861103,,,0.5767790262172285,0.3949652777777778,0.18181374843945075,0.18181374843945075,0.4981436456781545,0.466947972154182,False,False,,weak or unstable predictive evidence
HistGradientBoosting,10,target_up,0.6161111111111112,0.4346318917134367,0.8448259281890809,0.7439283816822809,0.10089754650679994,,,0.6161111111111112,0.4346318917134367,0.18147921939767447,0.18147921939767447,0.5167423934784956,0.4168310618270104,False,False,,weak or unstable predictive evidence
HistGradientBoosting,3,target_ret,,,,,,0.096392975074697,-0.0836223565851072,0.096392975074697,-0.0836223565851072,0.1800153316598042,,0.5231470171316035,0.4587415294469714,False,False,,weak or unstable predictive evidence
mlp_small_fs30,10,target_up,0.6686111111111112,0.4888301969847033,1.73784770776126,1.044445101292999,0.693402606468261,,,0.6686111111111112,0.4888301969847033,0.17978091412640784,0.17978091412640784,0.652783284731514,0.4874042516969917,False,False,,validation overfit / weak test generalization
mlp_tiny,5,target_clean_direction,0.6057971014492755,0.4271159874608151,1.1264691997395395,1.1579350379025066,-0.03146583816296711,,,0.6057971014492755,0.4271159874608151,0.17868111398846037,0.17868111398846037,0.5327598279937896,0.4165644579934142,False,False,,weak or unstable predictive evidence
ExtraTreesDeep,5,target_clean_direction,0.6289855072463769,0.4517371995820272,0.7166802061517551,0.738712255965431,-0.022032049813675902,,,0.6289855072463769,0.4517371995820272,0.17724830766434974,0.17724830766434974,0.5734395904425622,0.4564124550678857,False,False,,weak or unstable predictive evidence
GradientBoosting,10,target_clean_direction,0.5854063018242123,0.4114247311827957,0.7510249195779801,0.7480760382594759,0.0029488813185042373,,,0.5854063018242123,0.4114247311827957,0.17398157064141656,0.17398157064141656,0.5444485200153842,0.421427302381696,False,False,,weak or unstable predictive evidence
LightGBM,10,target_ret,,,,,,0.0658385285750746,-0.1078921779205925,0.0658385285750746,-0.1078921779205925,0.1737307064956671,,0.5300725537080326,0.4165091912255295,False,False,,weak or unstable predictive evidence
LightGBM,5,target_ret,,,,,,0.1431069603960711,-0.0290298828722486,0.1431069603960711,-0.0290298828722486,0.17213684326831968,,0.5204398138141483,0.4281384859848807,False,True,ml_risk_budget_enhancement,"selected by strategy-layer utility, not pure prediction score"
ElasticNet,5,target_ret,,,,,,0.0,-0.1714869913030105,0.0,-0.1714869913030105,0.1714869913030105,,0.5802573248528965,0.4936190728703079,False,False,,weak or unstable predictive evidence
RidgeClassifier,5,target_up,0.7021103896103896,0.5307647515527951,0.617770737312001,0.7003045893213061,-0.08253385200930508,,,0.7021103896103896,0.5307647515527951,0.1713456380575945,0.1713456380575945,0.5996846229341923,0.4752406026166163,False,False,,validation overfit / weak test generalization
ElasticNet,5,target_up,0.6956168831168831,0.5294060559006211,1.09663380460945,1.1928857918852211,-0.09625198727577122,,,0.6956168831168831,0.5294060559006211,0.166210827216262,0.166210827216262,0.5802573248528965,0.4936190728703079,False,False,,validation overfit / weak test generalization
HistGradientBoosting,10,target_ret,,,,,,-0.0180751096667732,-0.1839024416547691,-0.0180751096667732,-0.1839024416547691,0.1658273319879959,,0.5167423934784956,0.4168310618270104,False,False,,weak or unstable predictive evidence
GradientBoosting,5,target_big_down,0.5447877652933832,0.380673363095238,0.6094269244338221,0.5718994916487053,0.03752743278511672,,,0.5447877652933832,0.380673363095238,0.16411440219814522,0.16411440219814522,0.4678265212265409,0.4269783209988572,False,False,,weak or unstable predictive evidence
LogisticRegressionStrongL2,5,target_up,0.6918290043290043,0.5278047360248447,0.973940257674157,1.0763722186162374,-0.1024319609420804,,,0.6918290043290043,0.5278047360248447,0.16402426830415962,0.16402426830415962,0.5845909887088439,0.4732898777691721,False,False,,validation overfit / weak test generalization
RidgeClassifier,20,target_big_down,0.7462488967343336,0.5833466135458167,0.7504728278639682,0.7435104496091696,0.006962378254798618,,,0.7462488967343336,0.5833466135458167,0.16290228318851685,0.16290228318851685,0.6876724232573352,0.6385530658428725,False,False,,validation overfit / weak test generalization
ExtraTreesDeep,20,target_big_up,0.5334534225424601,0.3711003093239062,0.795678983144497,0.936805083240583,-0.14112610009608595,,,0.5334534225424601,0.3711003093239062,0.1623531132185539,0.1623531132185539,0.6946835907693333,0.4315244644580829,False,False,,weak or unstable predictive evidence
mlp_tiny,10,target_ret,,,,,,0.1592970770151844,-0.0018840532566331,0.1592970770151844,-0.0018840532566331,0.1611811302718175,,0.5811000634350071,0.3796814454864914,False,False,,weak or unstable predictive evidence
mlp_small_fs30,1,target_ret,,,,,,0.1025917156174541,-0.0584298094923536,0.1025917156174541,-0.0584298094923536,0.16102152510980772,,0.5046042497788081,0.4964923286501886,False,False,,weak or unstable predictive evidence
RandomForestDeep,10,target_big_up,0.6111682964487904,0.4551212601050088,0.7581569624824753,0.8320493115255578,-0.0738923490430825,,,0.6111682964487904,0.4551212601050088,0.15604703634378164,0.15604703634378164,0.5525795293218513,0.4231846057579524,False,False,,weak or unstable predictive evidence
GradientBoosting,10,target_big_up,0.5948275862068965,0.4390365863821985,0.7305420105882918,0.7734808070866653,-0.04293879649837351,,,0.5948275862068965,0.4390365863821985,0.15579099982469796,0.15579099982469796,0.5444485200153842,0.421427302381696,False,False,,weak or unstable predictive evidence
HistGradientBoosting,1,target_ret,,,,,,0.1370208908646506,-0.0176626234486307,0.1370208908646506,-0.0176626234486307,0.1546835143132813,,0.4831403353768766,0.5140874833669957,False,False,,weak or unstable predictive evidence
mlp_small_fs30,10,target_clean_direction,0.7303482587064677,0.5756720430107527,2.162763264806532,1.0574422372452033,1.1053210275613286,,,0.7303482587064677,0.5756720430107527,0.154676215695715,0.154676215695715,0.652783284731514,0.4874042516969917,False,False,,validation overfit / weak test generalization
mlp_tiny,5,target_trade,0.5683624801271859,0.4151376146788991,1.0766798331304748,1.1219786818496749,-0.04529884871920009,,,0.5683624801271859,0.4151376146788991,0.15322486544828684,0.15322486544828684,0.5327598279937896,0.4165644579934142,False,False,,weak or unstable predictive evidence
RidgeClassifier,3,target_trade,0.6462264150943396,0.4935419556171983,0.6801790015380487,0.7317773103807438,-0.05159830884269512,,,0.6462264150943396,0.4935419556171983,0.15268445947714132,0.15268445947714132,0.5688823870401634,0.4723984718214687,False,False,,weak or unstable predictive evidence
LogisticRegression,5,target_up,0.6815476190476191,0.5311044254658385,1.3201928838283188,1.2933220683724298,0.026870815455888986,,,0.6815476190476191,0.5311044254658385,0.1504431935817806,0.1504431935817806,0.5635804550588884,0.4804733026591868,False,False,,validation overfit / weak test generalization
mlp_small,10,target_big_down,0.691661279896574,0.5415209223992745,2.355803747395139,1.4502491440168368,0.9055546033783022,,,0.691661279896574,0.5415209223992745,0.15014035749729948,0.15014035749729948,0.5512644628101167,0.4101703771365868,False,False,,validation overfit / weak test generalization
ExtraTrees,10,target_trade,0.6023665382498624,0.4523349436392915,0.6823671579957508,0.6759604571724722,0.006406700823278544,,,0.6023665382498624,0.4523349436392915,0.15003159461057092,0.15003159461057092,0.5640734286150841,0.4839468169513137,False,False,,weak or unstable predictive evidence
ElasticNet,10,target_clean_direction,0.6106135986733001,0.4615591397849462,2.2489211264749684,2.489471918751499,-0.24055079227653042,,,0.6106135986733001,0.4615591397849462,0.1490544588883539,0.1490544588883539,0.5604185127360527,0.4960554265456656,False,False,,weak or unstable predictive evidence
mlp_tiny,5,target_up,0.5795454545454546,0.4309491459627329,1.1969744073069764,1.2496474697797668,-0.052673062472790466,,,0.5795454545454546,0.4309491459627329,0.14859630858272166,0.14859630858272166,0.5327598279937896,0.4165644579934142,False,False,,weak or unstable predictive evidence
GradientBoosting,20,target_big_up,0.5209727225939269,0.3728457799381353,0.7892519591288927,0.8788182547895041,-0.08956629566061147,,,0.5209727225939269,0.3728457799381353,0.14812694265579163,0.14812694265579163,0.7145065892214683,0.4349734323017783,False,False,,weak or unstable predictive evidence
ExtraTrees,20,target_ret,,,,,,0.2866677569029375,0.1393400398034469,0.2866677569029375,0.1393400398034469,0.1473277170994906,,0.659248538152742,0.4542656038895428,False,False,,validation overfit / weak test generalization
LogisticRegressionStrongL2,20,target_big_down,0.6875551632833186,0.5406374501992033,1.8805125960650857,1.5559867981082345,0.3245257979568512,,,0.6875551632833186,0.5406374501992033,0.14691771308411528,0.14691771308411528,0.6921154861207556,0.598857198746542,False,False,,validation overfit / weak test generalization
XGBoost,20,target_big_up,0.5514668039114772,0.4047282368537339,0.9177752332262324,1.1119650953214617,-0.19418986209522926,,,0.5514668039114772,0.4047282368537339,0.1467385670577433,0.1467385670577433,0.7302540784117754,0.4402180302081171,False,False,,weak or unstable predictive evidence
XGBoost,1,target_ret,,,,,,0.104379678239827,-0.0395486253541357,0.104379678239827,-0.0395486253541357,0.1439283035939627,,0.4943686898458559,0.5099070750994672,False,False,,weak or unstable predictive evidence
mlp_small,1,target_ret,,,,,,0.1142232612605739,-0.0293271337565341,0.1142232612605739,-0.0293271337565341,0.143550395017108,,0.4941828861046527,0.4687388264544566,False,False,,weak or unstable predictive evidence
LightGBMRegularized,10,target_clean_direction,0.5791044776119403,0.4359543010752688,0.891423415457635,0.8394022267622507,0.0520211886953843,,,0.5791044776119403,0.4359543010752688,0.1431501765366715,0.1431501765366715,0.5320023998659769,0.4210683029022893,False,False,,weak or unstable predictive evidence
ExtraTrees,5,target_big_down,0.5490012484394506,0.4063740079365079,0.7361965416509548,0.6856445897087149,0.05055195194223994,,,0.5490012484394506,0.4063740079365079,0.14262724050294273,0.14262724050294273,0.4948697287623254,0.4606453954363562,False,False,,weak or unstable predictive evidence
HistGradientBoosting,10,target_clean_direction,0.5482587064676616,0.4056451612903226,1.138491863922244,0.9502551544237892,0.18823670949845495,,,0.5482587064676616,0.4056451612903226,0.14261354517733904,0.14261354517733904,0.5167423934784956,0.4168310618270104,False,False,,weak or unstable predictive evidence
RidgeClassifier,10,target_big_up,0.6906845084920227,0.5490457538128177,0.6729718518860822,0.8241620847205542,-0.15119023283447197,,,0.6906845084920227,0.5490457538128177,0.14163875467920495,0.14163875467920495,0.6093032928981269,0.5019666955662921,False,False,,validation overfit / weak test generalization
ElasticNet,10,target_big_down,0.6596638655462185,0.5181370643865786,1.779093596490394,1.3062751828259491,0.4728184136644449,,,0.6596638655462185,0.5181370643865786,0.1415268011596399,0.1415268011596399,0.5604185127360527,0.4960554265456656,False,False,,validation overfit / weak test generalization
XGBoost,3,target_ret,,,,,,0.0911481111634602,-0.0502735319956091,0.0911481111634602,-0.0502735319956091,0.1414216431590693,,0.5041200982336582,0.4798770191957249,False,False,,weak or unstable predictive evidence
LogisticRegressionStrongL2,10,target_trade,0.6246560264171711,0.4838432635534085,1.3146552873218926,1.6396435968669705,-0.32498830954507785,,,0.6246560264171711,0.4838432635534085,0.1408127628637626,0.1408127628637626,0.5837005654499138,0.4667562602681269,False,False,,weak or unstable predictive evidence
LogisticRegression,3,target_trade,0.620020964360587,0.4801057558945908,1.4708287911296531,1.285604369605886,0.18522442152376706,,,0.620020964360587,0.4801057558945908,0.13991520846599614,0.13991520846599614,0.5422166494090299,0.4686241245175297,False,False,,weak or unstable predictive evidence
mlp_tiny,3,target_ret,,,,,,0.0967985525155405,-0.0418121268513554,0.0967985525155405,-0.0418121268513554,0.1386106793668959,,0.4829519586349726,0.4891110649832047,False,False,,weak or unstable predictive evidence
XGBoostRegularized,1,target_ret,,,,,,0.129486797556641,-0.0080674744268758,0.129486797556641,-0.0080674744268758,0.1375542719835168,,0.4962708095194338,0.5200234179094327,False,False,,weak or unstable predictive evidence
ElasticNet,3,target_trade,0.6208071278825996,0.4832697642163661,1.2596805213890998,1.181959913041864,0.07772060834723571,,,0.6208071278825996,0.4832697642163661,0.13753736366623354,0.13753736366623354,0.5409650024553089,0.485003636633011,False,False,,weak or unstable predictive evidence
XGBoostRegularized,20,target_big_up,0.5504374678332475,0.4152452496685815,0.8693002912822578,1.0509319280700349,-0.18163163678777705,,,0.5504374678332475,0.4152452496685815,0.13519221816466603,0.13519221816466603,0.7417961594144882,0.4353679897401548,False,False,,weak or unstable predictive evidence
RidgeClassifier,5,target_trade,0.6449390567037626,0.5141827373151096,0.6790614329002619,0.7304523749280919,-0.05139094202783001,,,0.6449390567037626,0.5141827373151096,0.13075631938865306,0.13075631938865306,0.5996846229341923,0.4752406026166163,False,False,,weak or unstable predictive evidence
RandomForest,5,target_ret,,,,,,0.0992841303635796,-0.0314146726480419,0.0992841303635796,-0.0314146726480419,0.1306988030116215,,0.4772509032507559,0.5022882563710257,False,False,,weak or unstable predictive evidence
ExtraTrees,10,target_clean_direction,0.6102819237147596,0.4802419354838709,0.7046538680480855,0.7289743173968889,-0.024320449348803397,,,0.6102819237147596,0.4802419354838709,0.13003998823088875,0.13003998823088875,0.5640734286150841,0.4839468169513137,False,False,,weak or unstable predictive evidence
LightGBMRegularized,1,target_ret,,,,,,0.1015365504948992,-0.0271025434853848,0.1015365504948992,-0.0271025434853848,0.128639093980284,,0.4964841909372207,0.510865834421181,False,False,,weak or unstable predictive evidence
ExtraTrees,3,target_ret,,,,,,0.1314157339462279,0.0028343057174871,0.1314157339462279,0.0028343057174871,0.1285814282287408,,0.4499822327482173,0.4872369947579831,False,False,,weak or unstable predictive evidence
LogisticRegressionStrongL2,5,target_clean_direction,0.6061594202898551,0.4781217345872518,1.6848264545780816,1.2910235700062405,0.3938028845718411,,,0.6061594202898551,0.4781217345872518,0.12803768570260332,0.12803768570260332,0.5845909887088439,0.4732898777691721,False,False,,weak or unstable predictive evidence
RandomForestDeep,3,target_big_down,0.5552825552825553,0.427623537628776,0.6580555848456223,0.6670608850177049,-0.009005300172082564,,,0.5552825552825553,0.427623537628776,0.12765901765377935,0.12765901765377935,0.5001581163041711,0.485053609668385,False,False,,weak or unstable predictive evidence
LightGBMRegularized,3,target_big_down,0.5583538083538083,0.4310575635876841,0.6664276714158225,0.6179108597425481,0.048516811673274374,,,0.5583538083538083,0.4310575635876841,0.12729624476612422,0.12729624476612422,0.4978509659597226,0.4787374734161309,False,False,,weak or unstable predictive evidence
RidgeClassifier,5,target_clean_direction,0.6047101449275363,0.4787748171368861,0.7379909311871384,0.7757822694227478,-0.03779133823560932,,,0.6047101449275363,0.4787748171368861,0.1259353277906502,0.1259353277906502,0.5996846229341923,0.4752406026166163,False,False,,weak or unstable predictive evidence
LightGBM,5,target_clean_direction,0.568840579710145,0.4434430512016719,0.9056395731487688,0.8099722756610941,0.09566729748767466,,,0.568840579710145,0.4434430512016719,0.12539752850847313,0.12539752850847313,0.5204398138141483,0.4281384859848807,False,True,ml_risk_budget_enhancement,"selected by strategy-layer utility, not pure prediction score"
LogisticRegression,3,target_ret,,,,,,0.102495649743848,-0.0228422238544144,0.102495649743848,-0.0228422238544144,0.1253378735982624,,0.5422166494090299,0.4686241245175297,False,False,,weak or unstable predictive evidence
LogisticRegressionStrongL2,20,target_clean_direction,0.778814935064935,0.6537012774320341,1.7687601134335986,1.2367922921472267,0.5319678212863719,,,0.778814935064935,0.6537012774320341,0.12511365763290094,0.12511365763290094,0.6921154861207556,0.598857198746542,False,False,,validation overfit / weak test generalization
GradientBoosting,10,target_big_down,0.5720749838396897,0.4478883275035626,0.6101560935181999,0.5490900555038435,0.061066038014356394,,,0.5720749838396897,0.4478883275035626,0.12418665633612708,0.12418665633612708,0.5444485200153842,0.421427302381696,False,False,,weak or unstable predictive evidence
mlp_small_fs30,5,target_clean_direction,0.652536231884058,0.5284743991640544,0.9708200938765568,0.9137970530915744,0.057023040784982326,,,0.652536231884058,0.5284743991640544,0.1240618327200036,0.1240618327200036,0.5912217297255472,0.4958942882499487,False,False,,validation overfit / weak test generalization
ElasticNet,5,target_clean_direction,0.5996376811594203,0.4770768025078369,2.1742245043209345,1.5138099036020374,0.6604146007188971,,,0.5996376811594203,0.4770768025078369,0.12256087865158338,0.12256087865158338,0.5802573248528965,0.4936190728703079,False,False,,weak or unstable predictive evidence
LogisticRegressionStrongL2,3,target_trade,0.6108490566037736,0.4882975034674064,1.1410148286382595,1.0540054794459863,0.08700934919227321,,,0.6108490566037736,0.4882975034674064,0.12255155313636723,0.12255155313636723,0.5445623219607291,0.4723958262181938,False,False,,weak or unstable predictive evidence
GradientBoosting,5,target_clean_direction,0.5617753623188405,0.4394265935214211,0.6950818653223855,0.7220350418831247,-0.026953176560739256,,,0.5617753623188405,0.4394265935214211,0.1223487687974194,0.1223487687974194,0.4678265212265409,0.4269783209988572,False,False,,weak or unstable predictive evidence
LightGBMRegularized,5,target_ret,,,,,,0.0773522008555263,-0.0434497760724982,0.0773522008555263,-0.0434497760724982,0.1208019769280245,,0.5103769504230764,0.4372775641460901,False,False,,weak or unstable predictive evidence
mlp_small,5,target_big_down,0.5692883895131086,0.4489087301587301,2.140412511633389,1.647962326482361,0.4924501851510279,,,0.5692883895131086,0.4489087301587301,0.12037965935437844,0.12037965935437844,0.4990158533133702,0.4496856511669222,False,False,,weak or unstable predictive evidence
ElasticNet,3,target_ret,,,,,,1.943194876519493e-17,-0.1203759732511603,1.943194876519493e-17,-0.1203759732511603,0.12037597325116031,,0.5409650024553089,0.485003636633011,False,False,,weak or unstable predictive evidence
GradientBoosting,3,target_ret,,,,,,0.030587878546699,-0.088740191543619,0.030587878546699,-0.088740191543619,0.119328070090318,,0.452098478207081,0.4663289260039216,False,False,,weak or unstable predictive evidence
LightGBM,3,target_big_down,0.5448402948402948,0.4266340725219719,0.6789335279485486,0.6410539011852995,0.037879626763249075,,,0.5448402948402948,0.4266340725219719,0.11820622231832295,0.11820622231832295,0.490503783340182,0.461565747693802,False,False,,weak or unstable predictive evidence
ExtraTrees,10,target_big_up,0.5903242408646423,0.4724560380031669,0.6795032421592941,0.7318222527156236,-0.05231901055632948,,,0.5903242408646423,0.4724560380031669,0.11786820286147542,0.11786820286147542,0.5640734286150841,0.4839468169513137,False,False,,weak or unstable predictive evidence
ExtraTreesDeep,3,target_big_down,0.566031941031941,0.4484605087014726,0.6988185485576467,0.6409412519885767,0.057877296569070036,,,0.566031941031941,0.4484605087014726,0.1175714323304684,0.1175714323304684,0.5106076147616098,0.490364189344698,False,False,,weak or unstable predictive evidence
LightGBMRegularized,10,target_ret,,,,,,0.0408887694423474,-0.0747249314364036,0.0408887694423474,-0.0747249314364036,0.115613700878751,,0.5320023998659769,0.4210683029022893,False,False,,weak or unstable predictive evidence
mlp_small_fs30,3,target_up,0.5647153598281418,0.4496509558789981,0.7575132586312526,0.8424911207447631,-0.08497786211351044,,,0.5647153598281418,0.4496509558789981,0.11506440394914369,0.11506440394914369,0.5225056385490133,0.4796022114025229,False,False,,weak or unstable predictive evidence
LightGBM,3,target_ret,,,,,,0.0908044774646478,-0.0242127039341201,0.0908044774646478,-0.0242127039341201,0.1150171813987679,,0.490503783340182,0.461565747693802,False,False,,weak or unstable predictive evidence
ExtraTreesDeep,5,target_trade,0.6327503974562798,0.518535854708856,0.7246719782391141,0.677753922090608,0.04691805614850608,,,0.6327503974562798,0.518535854708856,0.11421454274742382,0.11421454274742382,0.5734395904425622,0.4564124550678857,False,False,,weak or unstable predictive evidence
RandomForest,3,target_ret,,,,,,0.0468232754625722,-0.0673616556809094,0.0468232754625722,-0.0673616556809094,0.1141849311434816,,0.4238707575295398,0.5081978007294342,False,False,,weak or unstable predictive evidence
GradientBoosting,1,target_ret,,,,,,0.003371794102925,-0.1096712976970167,0.003371794102925,-0.1096712976970167,0.1130430917999417,,0.4905489747050245,0.5197759772313336,False,False,,weak or unstable predictive evidence
mlp_small,10,target_up,0.5513888888888889,0.4396940684494332,2.823702090503051,2.500353134958943,0.32334895554410803,,,0.5513888888888889,0.4396940684494332,0.11169482043945572,0.11169482043945572,0.5512644628101167,0.4101703771365868,False,False,,weak or unstable predictive evidence
RidgeClassifier,10,target_trade,0.6370390753990094,0.5257112184648417,0.6512485276665713,0.728688250033508,-0.07743972236693675,,,0.6370390753990094,0.5257112184648417,0.11132785693416769,0.11132785693416769,0.6093032928981269,0.5019666955662921,False,False,,weak or unstable predictive evidence
LightGBMRegularized,3,target_ret,,,,,,0.1441849337392189,0.0329125138776796,0.1441849337392189,0.0329125138776796,0.1112724198615393,,0.4978509659597226,0.4787374734161309,False,False,,weak or unstable predictive evidence
mlp_small_fs30,5,target_up,0.6699134199134199,0.5592003105590062,0.6486186852866789,0.9309094930985956,-0.28229080781191673,,,0.6699134199134199,0.5592003105590062,0.1107131093544137,0.1107131093544137,0.5912217297255472,0.4958942882499487,False,False,,weak or unstable predictive evidence
LogisticRegression,5,target_clean_direction,0.5876811594202899,0.4770768025078369,2.6909095322819745,1.7067707323230517,0.9841387999589228,,,0.5876811594202899,0.4770768025078369,0.11060435691245296,0.11060435691245296,0.5635804550588884,0.4804733026591868,False,False,,weak or unstable predictive evidence
LogisticRegression,10,target_clean_direction,0.5870646766169154,0.4771505376344086,2.864941132114468,2.952449973643863,-0.08750884152939475,,,0.5870646766169154,0.4771505376344086,0.10991413898250679,0.10991413898250679,0.5215919044275202,0.492524399311407,False,False,,weak or unstable predictive evidence
RidgeClassifier,3,target_big_up,0.6316905140434551,0.5218261413383365,0.7218622980949739,0.7713634204466355,-0.0495011223516616,,,0.6316905140434551,0.5218261413383365,0.10986437270511862,0.10986437270511862,0.5688823870401634,0.4723984718214687,False,False,,weak or unstable predictive evidence
RandomForest,10,target_big_up,0.6111682964487906,0.5013751145928828,0.6804131233046977,0.7505499155688188,-0.07013679226412106,,,0.6111682964487906,0.5013751145928828,0.1097931818559078,0.1097931818559078,0.580841196492836,0.4361410448061658,False,False,,weak or unstable predictive evidence
LogisticRegression,5,target_ret,,,,,,0.0078019867482575,-0.1000417177969639,0.0078019867482575,-0.1000417177969639,0.1078437045452214,,0.5635804550588884,0.4804733026591868,False,False,,weak or unstable predictive evidence
HistGradientBoosting,20,target_big_up,0.4960113226968605,0.3888643393725143,1.3638379111696144,1.1828004991664534,0.18103741200316104,,,0.4960113226968605,0.3888643393725143,0.10714698332434619,0.10714698332434619,0.6630351625712,0.4223656753515874,False,False,,weak or unstable predictive evidence
LogisticRegression,3,target_big_up,0.6314255431902491,0.5252449447571399,1.678920722941908,1.403501359536535,0.275419363405373,,,0.6314255431902491,0.5252449447571399,0.10618059843310923,0.10618059843310923,0.5422166494090299,0.4686241245175297,False,False,,weak or unstable predictive evidence
mlp_tiny,5,target_big_down,0.517478152309613,0.4116443452380952,0.8631591371053647,0.8194608538417927,0.04369828326357206,,,0.517478152309613,0.4116443452380952,0.10583380707151785,0.10583380707151785,0.5327598279937896,0.4165644579934142,False,False,,weak or unstable predictive evidence
LightGBM,20,target_big_up,0.5105506948018528,0.4054352629253204,1.0952764075085717,1.1324299399467517,-0.03715353243817998,,,0.5105506948018528,0.4054352629253204,0.10511543187653238,0.10511543187653238,0.723970758152414,0.4351256514160179,False,False,,weak or unstable predictive evidence
LightGBMRegularized,20,target_big_up,0.5239320638188368,0.4189129474149359,0.952524009069334,1.091436004245313,-0.13891199517597907,,,0.5239320638188368,0.4189129474149359,0.10501911640390094,0.10501911640390094,0.7243261098183457,0.4357188598482635,False,False,,weak or unstable predictive evidence
LogisticRegression,10,target_big_down,0.6360698125404007,0.5319341883663687,2.123998019328409,1.4451299023809332,0.6788681169474757,,,0.6360698125404007,0.5319341883663687,0.104135624174032,0.104135624174032,0.5215919044275202,0.492524399311407,False,False,,weak or unstable predictive evidence
LogisticRegressionStrongL2,20,target_trade,0.7673015873015874,0.6661359461114513,1.263461235708322,0.9574827401951848,0.30597849551313716,,,0.7673015873015874,0.6661359461114513,0.10116564119013605,0.10116564119013605,0.6921154861207556,0.598857198746542,False,False,,weak or unstable predictive evidence
RidgeClassifier,3,target_up,0.6143931256713211,0.5136195647214491,0.7135841779177657,0.7154630473526213,-0.0018788694348556012,,,0.6143931256713211,0.5136195647214491,0.100773560949872,0.100773560949872,0.5688823870401634,0.4723984718214687,False,False,,weak or unstable predictive evidence
RandomForestDeep,5,target_clean_direction,0.5826086956521739,0.4823014629049112,0.7116427913731719,0.7387636769636454,-0.027120885590473542,,,0.5826086956521739,0.4823014629049112,0.10030723274726266,0.10030723274726266,0.4981436456781545,0.466947972154182,False,False,,weak or unstable predictive evidence
RandomForest,5,target_big_down,0.5271535580524345,0.4268973214285714,0.7035257860650609,0.6641236839593163,0.039402102105744574,,,0.5271535580524345,0.4268973214285714,0.10025623662386307,0.10025623662386307,0.4772509032507559,0.5022882563710257,False,False,,weak or unstable predictive evidence
RidgeClassifier,3,target_big_down,0.5918304668304668,0.4922297887200977,0.7062358742689419,0.688862660085912,0.01737321418302984,,,0.5918304668304668,0.4922297887200977,0.0996006781103691,0.0996006781103691,0.5688823870401634,0.4723984718214687,False,False,,weak or unstable predictive evidence
mlp_tiny,10,target_big_up,0.55609881626351,0.4572881073422785,1.684089415196676,1.3959683480781455,0.2881210671185306,,,0.55609881626351,0.4572881073422785,0.0988107089212315,0.0988107089212315,0.5811000634350071,0.3796814454864914,False,False,,weak or unstable predictive evidence
ExtraTreesDeep,5,target_up,0.5979437229437229,0.5007763975155279,0.7122509904425754,0.6877132240718251,0.024537766370750336,,,0.5979437229437229,0.5007763975155279,0.09716732542819495,0.09716732542819495,0.5734395904425622,0.4564124550678857,False,False,,weak or unstable predictive evidence
HistGradientBoosting,5,target_clean_direction,0.5557971014492754,0.4602925809822362,0.8093576103861665,0.8543494437963748,-0.04499183341020829,,,0.5557971014492754,0.4602925809822362,0.09550452046703922,0.09550452046703922,0.5179130807743705,0.4357923609209597,False,False,,weak or unstable predictive evidence
mlp_small,5,target_up,0.5524891774891775,0.4583656832298136,1.9071710993182107,1.9568876149951016,-0.04971651567689084,,,0.5524891774891775,0.4583656832298136,0.0941234942593639,0.0941234942593639,0.4990158533133702,0.4496856511669222,False,False,,weak or unstable predictive evidence
LightGBM,5,target_trade,0.5630630630630631,0.469060101104662,0.8893934615707736,0.750424873455778,0.13896858811499557,,,0.5630630630630631,0.469060101104662,0.09400296195840108,0.09400296195840108,0.5204398138141483,0.4281384859848807,False,True,ml_risk_budget_enhancement,"selected by strategy-layer utility, not pure prediction score"
LightGBMRegularized,5,target_clean_direction,0.5532608695652174,0.4593129571577848,0.8922756517058864,0.8006976606133246,0.09157799109256182,,,0.5532608695652174,0.4593129571577848,0.09394791240743255,0.09394791240743255,0.5103769504230764,0.4372775641460901,False,False,,weak or unstable predictive evidence
XGBoostRegularized,3,target_big_down,0.5485257985257986,0.4546301146615447,0.6430303608041872,0.6054703149167997,0.03756004588738748,,,0.5485257985257986,0.4546301146615447,0.09389568386425395,0.09389568386425395,0.5121397708580456,0.4912617720753,False,False,,weak or unstable predictive evidence
ExtraTrees,3,target_big_down,0.5015356265356266,0.4085326814504394,0.7344568101403612,0.6899899619715056,0.0444668481688556,,,0.5015356265356266,0.4085326814504394,0.09300294508518714,0.09300294508518714,0.4499822327482173,0.4872369947579831,False,False,,weak or unstable predictive evidence
ExtraTrees,20,target_big_up,0.518013381369017,0.4255413168360583,0.7698207660665662,0.7485566489842757,0.02126411708229059,,,0.518013381369017,0.4255413168360583,0.0924720645329587,0.0924720645329587,0.659248538152742,0.4542656038895428,False,False,,weak or unstable predictive evidence
RandomForestDeep,20,target_big_up,0.5193000514668039,0.4288555015466195,0.829174859216295,0.9246862464910456,-0.09551138727475061,,,0.5193000514668039,0.4288555015466195,0.09044454992018441,0.09044454992018441,0.7061171094132181,0.44148046955079,False,False,,weak or unstable predictive evidence
ExtraTrees,10,target_big_down,0.601163542340013,0.5112061147817074,0.7251829962550389,0.708471132008122,0.016711864246916952,,,0.601163542340013,0.5112061147817074,0.0899574275583056,0.0899574275583056,0.5640734286150841,0.4839468169513137,False,False,,weak or unstable predictive evidence
ExtraTrees,5,target_ret,,,,,,0.1826264622082211,0.0932133856407375,0.1826264622082211,0.0932133856407375,0.0894130765674836,,0.4948697287623254,0.4606453954363562,False,False,,weak or unstable predictive evidence
LogisticRegressionStrongL2,3,target_big_down,0.5835380835380835,0.4943833304231418,1.4318604072237835,0.9982934910724384,0.4335669161513451,,,0.5835380835380835,0.4943833304231418,0.08915475311494164,0.08915475311494164,0.5445623219607291,0.4723958262181938,False,False,,weak or unstable predictive evidence
ElasticNet,5,target_trade,0.6033386327503973,0.5147912375959558,1.436003960599738,1.2732572230053265,0.16274673759441138,,,0.6033386327503973,0.5147912375959558,0.08854739515444154,0.08854739515444154,0.5802573248528965,0.4936190728703079,False,False,,weak or unstable predictive evidence
HistGradientBoosting,5,target_trade,0.566507684154743,0.4780471821756226,0.8534168814096237,0.7910127055276701,0.06240417588195357,,,0.566507684154743,0.4780471821756226,0.08846050197912037,0.08846050197912037,0.5179130807743705,0.4357923609209597,False,False,,weak or unstable predictive evidence
LightGBMRegularized,5,target_trade,0.5532591414944357,0.4648942145665606,0.8579552149118611,0.7485307192376128,0.10942449567424828,,,0.5532591414944357,0.4648942145665606,0.08836492692787506,0.08836492692787506,0.5103769504230764,0.4372775641460901,False,False,,weak or unstable predictive evidence
XGBoost,5,target_clean_direction,0.5489130434782609,0.4611415882967608,0.8035333824869609,0.8038660699982186,-0.000332687511257701,,,0.5489130434782609,0.4611415882967608,0.08777145518150009,0.08777145518150009,0.5280042678021251,0.4480333929651244,False,False,,weak or unstable predictive evidence
RidgeClassifier,20,target_trade,0.7619047619047619,0.6743417023882424,0.6007202037845568,0.610460579044565,-0.00974037526000815,,,0.7619047619047619,0.6743417023882424,0.08756305951651944,0.08756305951651944,0.6876724232573352,0.6385530658428725,False,False,,weak or unstable predictive evidence
ElasticNet,3,target_big_down,0.5823095823095824,0.4947907572318259,1.5855770944904093,1.1430026612876802,0.44257443320272905,,,0.5823095823095824,0.4947907572318259,0.08751882507775649,0.08751882507775649,0.5409650024553089,0.485003636633011,False,False,,weak or unstable predictive evidence
ElasticNet,3,target_big_up,0.6094329623741388,0.5232436939754013,1.4638768894520449,1.2886439019369498,0.17523298751509508,,,0.6094329623741388,0.5232436939754013,0.08618926839873753,0.08618926839873753,0.5409650024553089,0.485003636633011,False,False,,weak or unstable predictive evidence
LogisticRegression,3,target_big_down,0.5795454545454545,0.4945579419125778,1.6829029196720144,1.2621921904710194,0.42071072920099506,,,0.5795454545454545,0.4945579419125778,0.08498751263287668,0.08498751263287668,0.5422166494090299,0.4686241245175297,False,False,,weak or unstable predictive evidence
ExtraTreesDeep,10,target_big_down,0.5597931480284422,0.4762922658375437,0.7122078556774791,0.644440204160169,0.06776765151731012,,,0.5597931480284422,0.4762922658375437,0.08350088219089846,0.08350088219089846,0.6241029136265633,0.4118509175195295,False,False,,weak or unstable predictive evidence
LogisticRegression,5,target_trade,0.5977742448330684,0.5144635835985771,1.711941282136528,1.3752314888138677,0.3367097933226604,,,0.5977742448330684,0.5144635835985771,0.08331066123449127,0.08331066123449127,0.5635804550588884,0.4804733026591868,False,False,,weak or unstable predictive evidence
XGBoost,3,target_big_down,0.523955773955774,0.4410104184855363,0.6928310856577887,0.6354881128984998,0.0573429727592889,,,0.523955773955774,0.4410104184855363,0.08294535547023768,0.08294535547023768,0.5041200982336582,0.4798770191957249,False,False,,weak or unstable predictive evidence
GradientBoosting,5,target_ret,,,,,,0.043841324979142,-0.0389916874761975,0.043841324979142,-0.0389916874761975,0.0828330124553395,,0.4678265212265409,0.4269783209988572,False,False,,weak or unstable predictive evidence
LogisticRegressionStrongL2,3,target_up,0.5878088077336198,0.507094949126249,1.2982125641080997,1.034287214308585,0.26392534979951465,,,0.5878088077336198,0.507094949126249,0.08071385860737079,0.08071385860737079,0.5445623219607291,0.4723958262181938,False,False,,weak or unstable predictive evidence
mlp_small,20,target_ret,,,,,,0.0064255007111018,-0.0739638337089625,0.0064255007111018,-0.0739638337089625,0.08038933442006431,,0.6763800160700612,0.4365303889758192,False,False,,weak or unstable predictive evidence
ElasticNet,10,target_trade,0.5836543753439736,0.5035426731078905,1.6883060567363366,1.9640826643616027,-0.2757766076252661,,,0.5836543753439736,0.5035426731078905,0.0801117022360831,0.0801117022360831,0.5604185127360527,0.4960554265456656,False,False,,weak or unstable predictive evidence
ExtraTrees,5,target_trade,0.5217276099629042,0.4420988578917806,0.720310135815282,0.6890337615663451,0.03127637424893692,,,0.5217276099629042,0.4420988578917806,0.07962875207112363,0.07962875207112363,0.4948697287623254,0.4606453954363562,False,False,,weak or unstable predictive evidence
ElasticNet,3,target_up,0.5878088077336198,0.5086462563307022,1.4228027486866237,1.1478180032101497,0.274984745476474,,,0.5878088077336198,0.5086462563307022,0.07916255140291761,0.07916255140291761,0.5409650024553089,0.485003636633011,False,False,,weak or unstable predictive evidence
LogisticRegressionStrongL2,5,target_trade,0.5924748277689454,0.5134806216064407,1.229002129869993,1.1468023552924325,0.08219977457756045,,,0.5924748277689454,0.5134806216064407,0.07899420616250474,0.07899420616250474,0.5845909887088439,0.4732898777691721,False,False,,weak or unstable predictive evidence
XGBoostRegularized,3,target_ret,,,,,,0.1113870075278719,0.032454843556406,0.1113870075278719,0.032454843556406,0.0789321639714659,,0.5121397708580456,0.4912617720753,False,False,,weak or unstable predictive evidence
ExtraTrees,5,target_up,0.5505952380952381,0.4718070652173913,0.7030297973647686,0.681985331794473,0.0210444655702956,,,0.5505952380952381,0.4718070652173913,0.07878817287784684,0.07878817287784684,0.4948697287623254,0.4606453954363562,False,False,,weak or unstable predictive evidence
ElasticNet,20,target_clean_direction,0.7642045454545454,0.6854733049459547,2.3979778970633094,1.3971360190609547,1.0008418780023547,,,0.7642045454545454,0.6854733049459547,0.0787312405085907,0.0787312405085907,0.6878357396998861,0.6520359965727028,False,False,,weak or unstable predictive evidence
RandomForest,20,target_big_up,0.5203293875450334,0.4418029164825452,0.7410051607704936,0.7986560222844622,-0.05765086151396859,,,0.5203293875450334,0.4418029164825452,0.07852647106248822,0.07852647106248822,0.6905485160560216,0.4591650320091324,False,False,,weak or unstable predictive evidence
LogisticRegression,3,target_up,0.5872717508055854,0.5094219099329287,1.59002775273485,1.2336559114570351,0.35637184127781496,,,0.5872717508055854,0.5094219099329287,0.07784984087265667,0.07784984087265667,0.5422166494090299,0.4686241245175297,False,False,,weak or unstable predictive evidence
HistGradientBoosting,3,target_clean_direction,0.5764790764790765,0.4996612466124661,0.7168876946097508,0.7738684808835607,-0.05698078627380998,,,0.5764790764790765,0.4996612466124661,0.0768178298666104,0.0768178298666104,0.5231470171316035,0.4587415294469714,False,False,,weak or unstable predictive evidence
XGBoost,5,target_trade,0.5842607313195548,0.5108593896274106,0.7637965682345005,0.7377089930755921,0.02608757515890836,,,0.5842607313195548,0.5108593896274106,0.07340134169214418,0.07340134169214418,0.5280042678021251,0.4480333929651244,False,False,,weak or unstable predictive evidence
LogisticRegressionStrongL2,10,target_up,0.578888888888889,0.5058875316386046,1.4430523501626755,1.4648288201967836,-0.021776470034108097,,,0.578888888888889,0.5058875316386046,0.07300135725028445,0.07300135725028445,0.5837005654499138,0.4667562602681269,False,False,,weak or unstable predictive evidence
LightGBM,5,target_up,0.5446428571428571,0.4734083850931676,0.8698594220833771,0.7445749946577603,0.12528442742561674,,,0.5446428571428571,0.4734083850931676,0.07123447204968947,0.07123447204968947,0.5204398138141483,0.4281384859848807,False,True,ml_risk_budget_enhancement,"selected by strategy-layer utility, not pure prediction score"
mlp_small,1,target_clean_direction,0.5304761904761904,0.4597759103641456,1.4060482565312975,0.9415437553944962,0.4645045011368013,,,0.5304761904761904,0.4597759103641456,0.07070028011204482,0.07070028011204482,0.4941828861046527,0.4687388264544566,False,False,,weak or unstable predictive evidence
ExtraTrees,5,target_clean_direction,0.5355072463768117,0.4663009404388715,0.7140510828499356,0.7074081605906729,0.0066429222592626624,,,0.5355072463768117,0.4663009404388715,0.0692063059379402,0.0692063059379402,0.4948697287623254,0.4606453954363562,False,False,,weak or unstable predictive evidence
mlp_tiny,1,target_clean_direction,0.4980952380952381,0.429467787114846,0.9237260974833916,0.9014244029596932,0.022301694523698457,,,0.4980952380952381,0.429467787114846,0.06862745098039208,0.06862745098039208,0.4468046060903424,0.4553234998571394,False,False,,weak or unstable predictive evidence
LogisticRegressionStrongL2,10,target_big_up,0.6070509521358723,0.5387948995749646,1.7114315955448731,1.5595007008645307,0.15193089468034238,,,0.6070509521358723,0.5387948995749646,0.06825605256090772,0.06825605256090772,0.5837005654499138,0.4667562602681269,False,False,,weak or unstable predictive evidence
LogisticRegressionStrongL2,3,target_big_up,0.5959194488606253,0.5279966645820303,1.2609097947008152,1.123364028587569,0.1375457661132462,,,0.5959194488606253,0.5279966645820303,0.067922784278595,0.067922784278595,0.5445623219607291,0.4723958262181938,False,False,,weak or unstable predictive evidence
GradientBoosting,5,target_up,0.4971590909090909,0.4295419254658385,0.7134750993443084,0.6725738480966609,0.04090125124764754,,,0.4971590909090909,0.4295419254658385,0.06761716544325236,0.06761716544325236,0.4678265212265409,0.4269783209988572,False,False,,weak or unstable predictive evidence
HistGradientBoosting,5,target_up,0.5476190476190477,0.4803959627329193,0.8807161925221356,0.758616889474479,0.1220993030476566,,,0.5476190476190477,0.4803959627329193,0.06722308488612838,0.06722308488612838,0.5179130807743705,0.4357923609209597,False,False,,weak or unstable predictive evidence
RandomForestDeep,1,target_ret,,,,,,0.0770296482214006,0.0098939279689036,0.0770296482214006,0.0098939279689036,0.067135720252497,,0.4776694405727049,0.5090525215544474,False,False,,weak or unstable predictive evidence
XGBoost,10,target_ret,,,,,,-0.0474518355465739,-0.1140021964708523,-0.0474518355465739,-0.1140021964708523,0.0665503609242784,,0.5444053588245549,0.4204321330862544,False,False,,weak or unstable predictive evidence
GradientBoosting,3,target_big_down,0.484029484029484,0.4176124789011117,0.6520920640351328,0.5792637075742105,0.07282835646092223,,,0.484029484029484,0.4176124789011117,0.06641700512837229,0.06641700512837229,0.452098478207081,0.4663289260039216,False,False,,weak or unstable predictive evidence
XGBoostRegularized,5,target_trade,0.5850556438791733,0.5186762778505898,0.7260544730172187,0.7211738889314013,0.004880584085817374,,,0.5850556438791733,0.5186762778505898,0.06637936602858352,0.06637936602858352,0.5291271512800536,0.4588407670735495,False,False,,weak or unstable predictive evidence
ExtraTrees,10,target_ret,,,,,,0.1913138525818681,0.1260128657366429,0.1913138525818681,0.1260128657366429,0.0653009868452252,,0.5640734286150841,0.4839468169513137,False,False,,weak or unstable predictive evidence
XGBoost,5,target_up,0.5416666666666666,0.476659549689441,0.7627745420139205,0.7326464412066188,0.03012810080730166,,,0.5416666666666666,0.476659549689441,0.06500711697722561,0.06500711697722561,0.5280042678021251,0.4480333929651244,False,False,,weak or unstable predictive evidence
LightGBM,1,target_ret,,,,,,0.0482124652901909,-0.0164157970565793,0.0482124652901909,-0.0164157970565793,0.0646282623467702,,0.4939044652525206,0.5031735571072883,False,False,,weak or unstable predictive evidence
LogisticRegression,1,target_big_down,0.5643788996029495,0.5013072862710275,2.04128150823074,1.1401223690605866,0.9011591391701532,,,0.5643788996029495,0.5013072862710275,0.06307161333192202,0.06307161333192202,0.5141755083335096,0.5010626279004815,False,False,,weak or unstable predictive evidence
XGBoostRegularized,10,target_big_down,0.5607627666451196,0.49812151833139,0.6791686024397412,0.5948151945548878,0.08435340788485335,,,0.5607627666451196,0.49812151833139,0.06264124831372958,0.06264124831372958,0.5611839786779644,0.4187938846723131,False,False,,weak or unstable predictive evidence
mlp_small,1,target_up,0.5285639412997903,0.4661133603238866,1.0879265057169412,1.0646809182377184,0.023245587479222785,,,0.5285639412997903,0.4661133603238866,0.062450580975903724,0.062450580975903724,0.4941828861046527,0.4687388264544566,False,False,,weak or unstable predictive evidence
XGBoostRegularized,10,target_ret,,,,,,-0.0208929971990406,-0.0831165554472856,-0.0208929971990406,-0.0831165554472856,0.062223558248245006,,0.5611839786779644,0.4187938846723131,False,False,,weak or unstable predictive evidence
RidgeClassifier,1,target_up,0.5715408805031447,0.5095141700404858,0.8424387915947793,0.7364006316192097,0.10603815997556965,,,0.5715408805031447,0.5095141700404858,0.06202671046265884,0.06202671046265884,0.5172463068450633,0.5102438874485524,False,False,,weak or unstable predictive evidence
RidgeClassifier,10,target_big_down,0.6292824822236587,0.5673014639201969,0.6366264863818454,0.6585126846898084,-0.021886198307963012,,,0.6292824822236587,0.5673014639201969,0.06198101830346181,0.06198101830346181,0.6093032928981269,0.5019666955662921,False,False,,weak or unstable predictive evidence
ElasticNet,20,target_trade,0.7657142857142857,0.7041028781383957,1.688379686234699,1.060106554306656,0.628273131928043,,,0.7657142857142857,0.7041028781383957,0.06161140757589001,0.06161140757589001,0.6878357396998861,0.6520359965727028,False,False,,weak or unstable predictive evidence
mlp_small,3,target_big_down,0.5482186732186731,0.4878645014841977,1.3048426649177896,0.914039320778228,0.3908033441395615,,,0.5482186732186731,0.4878645014841977,0.06035417173447544,0.06035417173447544,0.4607542875137492,0.479749074966835,False,False,,weak or unstable predictive evidence
ElasticNet,20,target_big_down,0.6094439541041483,0.5498804780876494,2.5576728277423295,1.9106096297687112,0.6470631979736183,,,0.6094439541041483,0.5498804780876494,0.05956347601649892,0.05956347601649892,0.6878357396998861,0.6520359965727028,False,False,,weak or unstable predictive evidence
XGBoostRegularized,3,target_trade,0.5584381551362683,0.5032940360610263,0.7031874373844051,0.716969960744821,-0.013782523360415855,,,0.5584381551362683,0.5032940360610263,0.05514411907524197,0.05514411907524197,0.5121397708580456,0.4912617720753,False,False,,weak or unstable predictive evidence
ExtraTrees,10,target_up,0.5950000000000001,0.5404423902277979,0.6912644621155538,0.6627969252285933,0.028467536886960465,,,0.5950000000000001,0.5404423902277979,0.05455760977220214,0.05455760977220214,0.5640734286150841,0.4839468169513137,False,False,,weak or unstable predictive evidence
LogisticRegressionStrongL2,20,target_up,0.7388010540184453,0.6843985202194158,1.3131837269797466,0.9139089054554246,0.39927482152432203,,,0.7388010540184453,0.6843985202194158,0.054402533799029484,0.054402533799029484,0.6921154861207556,0.598857198746542,False,False,,weak or unstable predictive evidence
XGBoost,3,target_clean_direction,0.5483405483405484,0.493970189701897,0.7571580091738932,0.7578670043648468,-0.0007089951909535763,,,0.5483405483405484,0.493970189701897,0.05437035863865136,0.05437035863865136,0.5041200982336582,0.4798770191957249,False,False,,weak or unstable predictive evidence
RandomForest,1,target_ret,,,,,,0.040108442735513,-0.012902481739847,0.040108442735513,-0.012902481739847,0.05301092447536,,0.4930110003439354,0.5029765742063539,False,False,,weak or unstable predictive evidence
LogisticRegressionStrongL2,1,target_up,0.5600104821802936,0.5072064777327935,1.4187557839168652,0.9336147995610544,0.48514098435581077,,,0.5600104821802936,0.5072064777327935,0.05280400444750011,0.05280400444750011,0.5003654280795709,0.5099169198991583,False,False,,weak or unstable predictive evidence
XGBoostRegularized,10,target_big_up,0.552753474009264,0.5016668055671306,0.8265185667806265,0.8691738294344488,-0.042655262653822246,,,0.552753474009264,0.5016668055671306,0.05108666844213339,0.05108666844213339,0.5611839786779644,0.4187938846723131,False,False,,weak or unstable predictive evidence
LogisticRegression,1,target_up,0.5555555555555556,0.5053441295546559,1.9771083878271043,1.0781696137514765,0.8989387740756278,,,0.5555555555555556,0.5053441295546559,0.05021142600089967,0.05021142600089967,0.5141755083335096,0.5010626279004815,False,False,,weak or unstable predictive evidence
mlp_small,5,target_trade,0.5042395336512984,0.4546901329339075,3.3298303812957526,2.97918585089866,0.3506445303970924,,,0.5042395336512984,0.4546901329339075,0.04954940071739089,0.04954940071739089,0.4990158533133702,0.4496856511669222,False,False,,weak or unstable predictive evidence
XGBoostRegularized,5,target_up,0.5476190476190477,0.4984957298136646,0.74632532483896,0.7090095610663775,0.0373157637725825,,,0.5476190476190477,0.4984957298136646,0.04912331780538309,0.04912331780538309,0.5291271512800536,0.4588407670735495,False,False,,weak or unstable predictive evidence
ExtraTreesDeep,1,target_ret,,,,,,0.1100411733648958,0.061553760199526,0.1100411733648958,0.061553760199526,0.0484874131653698,,0.4778155098216083,0.501318807529865,False,False,,stable but moderate predictive power
mlp_small_fs30,3,target_clean_direction,0.5901875901875901,0.5419376693766937,0.72270437817741,0.8221334882858577,-0.0994291101084478,,,0.5901875901875901,0.5419376693766937,0.04824992081089641,0.04824992081089641,0.5225056385490133,0.4796022114025229,False,False,,stable but moderate predictive power
RidgeClassifier,3,target_clean_direction,0.5422077922077921,0.4941734417344173,0.8355013713588105,0.7750154228570828,0.060485948501727727,,,0.5422077922077921,0.4941734417344173,0.04803435047337484,0.04803435047337484,0.5688823870401634,0.4723984718214687,False,False,,weak or unstable predictive evidence
ElasticNet,1,target_up,0.5542452830188679,0.5062753036437246,1.7286235575404207,1.01401970350718,0.7146038540332407,,,0.5542452830188679,0.5062753036437246,0.047969979375143246,0.047969979375143246,0.5113517279973346,0.5042076141179634,False,False,,weak or unstable predictive evidence
LogisticRegression,20,target_clean_direction,0.7508116883116883,0.7029970520799214,2.870272354255545,1.5636572744561203,1.3066150797994245,,,0.7508116883116883,0.7029970520799214,0.04781463623176696,0.04781463623176696,0.6656901861560193,0.6440411280624673,False,False,,stable but moderate predictive power
XGBoostRegularized,5,target_clean_direction,0.5311594202898551,0.4834117032392894,0.7982446645332664,0.7974840401336398,0.0007606243996265416,,,0.5311594202898551,0.4834117032392894,0.047747717050565686,0.047747717050565686,0.5291271512800536,0.4588407670735495,False,False,,weak or unstable predictive evidence
mlp_small,10,target_big_up,0.5270200720535255,0.4795399616634719,2.581945348335212,2.395389750500028,0.18655559783518383,,,0.5270200720535255,0.4795399616634719,0.04748011039005362,0.04748011039005362,0.5512644628101167,0.4101703771365868,False,False,,weak or unstable predictive evidence
RidgeClassifier,10,target_ret,,,,,,0.0901437884703203,0.0430432017075447,0.0901437884703203,0.0430432017075447,0.0471005867627756,,0.6093032928981269,0.5019666955662921,False,False,,weak or unstable predictive evidence
LogisticRegressionStrongL2,10,target_ret,,,,,,0.0901437884703203,0.0430432017075447,0.0901437884703203,0.0430432017075447,0.0471005867627756,,0.5837005654499138,0.4667562602681269,False,False,,weak or unstable predictive evidence
RidgeClassifier,10,target_up,0.6005555555555556,0.5546384945526577,0.6734006326539204,0.6853133803366004,-0.011912747682680025,,,0.6005555555555556,0.5546384945526577,0.04591706100289794,0.04591706100289794,0.6093032928981269,0.5019666955662921,False,False,,stable but moderate predictive power
GradientBoosting,5,target_trade,0.4944356120826709,0.4493540535480247,0.7370101379562031,0.6933361266963792,0.04367401125982384,,,0.4944356120826709,0.4493540535480247,0.04508155853464618,0.04508155853464618,0.4678265212265409,0.4269783209988572,False,False,,weak or unstable predictive evidence
mlp_small_fs30,5,target_big_up,0.6296,0.5846290349839446,1.1779917115137388,0.8506511980404755,0.3273405134732633,,,0.6296,0.5846290349839446,0.044970965016055464,0.044970965016055464,0.5912217297255472,0.4958942882499487,False,False,,stable but moderate predictive power
ElasticNet,1,target_big_down,0.5465116279069767,0.5015539440580139,1.774743722907189,1.028854640833147,0.745889082074042,,,0.5465116279069767,0.5015539440580139,0.044957683848962815,0.044957683848962815,0.5113517279973346,0.5042076141179634,False,False,,weak or unstable predictive evidence
RandomForest,20,target_ret,,,,,,0.1458405508321047,0.1036091681398625,0.1458405508321047,0.1036091681398625,0.042231382692242206,,0.6905485160560216,0.4591650320091324,False,False,,stable but moderate predictive power
mlp_small,10,target_ret,,,,,,-0.08810180789694,-0.1300681691546878,-0.08810180789694,-0.1300681691546878,0.0419663612577478,,0.5512644628101167,0.4101703771365868,False,False,,weak or unstable predictive evidence
LightGBM,1,target_clean_direction,0.579047619047619,0.5371988795518208,0.6903773268962696,0.7203812220533584,-0.03000389515708879,,,0.579047619047619,0.5371988795518208,0.04184873949579826,0.04184873949579826,0.4939044652525206,0.5031735571072883,False,False,,stable but moderate predictive power
LightGBMRegularized,5,target_up,0.5381493506493507,0.4964819487577639,0.8188224448253055,0.7128008062578524,0.10602163856745317,,,0.5381493506493507,0.4964819487577639,0.04166740189158674,0.04166740189158674,0.5103769504230764,0.4372775641460901,False,False,,weak or unstable predictive evidence
ElasticNet,10,target_big_up,0.5923829130211014,0.5509209100758397,2.245737061907899,1.8414116932083489,0.40432536869955005,,,0.5923829130211014,0.5509209100758397,0.0414620029452617,0.0414620029452617,0.5604185127360527,0.4960554265456656,False,False,,stable but moderate predictive power
GradientBoosting,3,target_clean_direction,0.4913419913419913,0.4505758807588076,0.7148612029057987,0.7030885849608682,0.011772617944930452,,,0.4913419913419913,0.4505758807588076,0.04076611058318369,0.04076611058318369,0.452098478207081,0.4663289260039216,False,False,,weak or unstable predictive evidence
mlp_small_fs30,3,target_big_down,0.5248771498771498,0.4846632908445376,0.6719849513513633,0.6374921612676191,0.034492790083744174,,,0.5248771498771498,0.4846632908445376,0.040213859032612265,0.040213859032612265,0.5225056385490133,0.4796022114025229,False,False,,weak or unstable predictive evidence
mlp_small_fs30,1,target_up,0.5490041928721173,0.5090283400809716,0.6934042431341795,0.6975906095399724,-0.004186366405792952,,,0.5490041928721173,0.5090283400809716,0.03997585279114568,0.03997585279114568,0.5046042497788081,0.4964923286501886,False,False,,weak or unstable predictive evidence
mlp_small_fs30,3,target_trade,0.5479559748427674,0.508885228848821,0.7452107253300039,0.7034232229824273,0.041787502347576555,,,0.5479559748427674,0.508885228848821,0.03907074599394633,0.03907074599394633,0.5225056385490133,0.4796022114025229,False,False,,weak or unstable predictive evidence
LogisticRegression,20,target_trade,0.761904761904762,0.7241273729332517,1.9669628310547045,1.1700404825939308,0.7969223484607737,,,0.761904761904762,0.7241273729332517,0.037777388971510284,0.037777388971510284,0.6656901861560193,0.6440411280624673,False,False,,stable but moderate predictive power
LightGBMRegularized,10,target_big_down,0.537491919844861,0.4997408990801917,0.6971787792065927,0.6054470726516228,0.09173170655496987,,,0.537491919844861,0.4997408990801917,0.037751020764669296,0.037751020764669296,0.5320023998659769,0.4210683029022893,False,False,,weak or unstable predictive evidence
XGBoostRegularized,3,target_clean_direction,0.5450937950937951,0.5082655826558264,0.7311967085717518,0.7393781613550103,-0.008181452783258547,,,0.5450937950937951,0.5082655826558264,0.03682821243796863,0.03682821243796863,0.5121397708580456,0.4912617720753,False,False,,weak or unstable predictive evidence
RidgeClassifier,1,target_big_down,0.5391378332387975,0.5037245325834937,0.8263732765761961,0.7051089707644523,0.12126430581174374,,,0.5391378332387975,0.5037245325834937,0.03541330065530379,0.03541330065530379,0.5172463068450633,0.5102438874485524,False,False,,weak or unstable predictive evidence
XGBoost,10,target_big_down,0.5497737556561086,0.5151574038087836,0.7203111720915332,0.5951375200723495,0.12517365201918362,,,0.5497737556561086,0.5151574038087836,0.03461635184732503,0.03461635184732503,0.5444053588245549,0.4204321330862544,False,False,,weak or unstable predictive evidence
HistGradientBoosting,3,target_trade,0.5283018867924528,0.493888696255201,0.7715768994259081,0.7382853214851606,0.03329157794074755,,,0.5283018867924528,0.493888696255201,0.034413190537251837,0.034413190537251837,0.5231470171316035,0.4587415294469714,False,False,,weak or unstable predictive evidence
HistGradientBoosting,3,target_up,0.5196025778732546,0.4859697951361956,0.7313893071102907,0.7171296014332806,0.01425970567701007,,,0.5196025778732546,0.4859697951361956,0.033632782737059,0.033632782737059,0.5231470171316035,0.4587415294469714,False,False,,weak or unstable predictive evidence
LightGBM,3,target_clean_direction,0.5119047619047619,0.4802168021680217,0.7514501461394097,0.7481652254262875,0.0032849207131222524,,,0.5119047619047619,0.4802168021680217,0.03168795973674016,0.03168795973674016,0.490503783340182,0.461565747693802,False,False,,weak or unstable predictive evidence
mlp_small,5,target_clean_direction,0.5213768115942029,0.4903996865203761,2.3421272545850043,2.6014637486961183,-0.25933649411111404,,,0.5213768115942029,0.4903996865203761,0.030977125073826828,0.030977125073826828,0.4990158533133702,0.4496856511669222,False,False,,weak or unstable predictive evidence
LogisticRegression,10,target_big_up,0.5890375707668553,0.5594216184682057,2.656858296603103,2.0805024168716386,0.5763558797314645,,,0.5890375707668553,0.5594216184682057,0.02961595229864955,0.02961595229864955,0.5215919044275202,0.492524399311407,False,False,,stable but moderate predictive power
mlp_tiny,3,target_clean_direction,0.5202020202020202,0.4922086720867208,1.0886909640035105,0.8608826957007655,0.22780826830274503,,,0.5202020202020202,0.4922086720867208,0.02799334811529941,0.02799334811529941,0.4829519586349726,0.4891110649832047,False,False,,weak or unstable predictive evidence
LogisticRegression,1,target_clean_direction,0.533968253968254,0.5066666666666667,2.5076725765875683,1.125196654308527,1.3824759222790413,,,0.533968253968254,0.5066666666666667,0.02730158730158727,0.02730158730158727,0.5141755083335096,0.5010626279004815,False,False,,weak or unstable predictive evidence
mlp_small_fs30,5,target_trade,0.5625331213566507,0.5353398240029957,1.0832226019719498,0.8725390549587629,0.2106835470131868,,,0.5625331213566507,0.5353398240029957,0.027193297353654944,0.027193297353654944,0.5912217297255472,0.4958942882499487,False,False,,stable but moderate predictive power
LightGBMRegularized,3,target_up,0.5335660580021482,0.5069124423963134,0.7243951303602871,0.6858237040787468,0.03857142628154031,,,0.5335660580021482,0.5069124423963134,0.02665361560583479,0.02665361560583479,0.4978509659597226,0.4787374734161309,False,False,,weak or unstable predictive evidence
RandomForestDeep,3,target_clean_direction,0.5425685425685426,0.5163956639566396,0.7042958015696956,0.7045271215176014,-0.000231319947905817,,,0.5425685425685426,0.5163956639566396,0.026172878611902983,0.026172878611902983,0.5001581163041711,0.485053609668385,False,False,,weak or unstable predictive evidence
LightGBMRegularized,10,target_big_up,0.4884199691199177,0.4622885240436702,0.9108829483974894,0.8906245412885316,0.020258407108957766,,,0.4884199691199177,0.4622885240436702,0.026131445076247484,0.026131445076247484,0.5320023998659769,0.4210683029022893,False,False,,weak or unstable predictive evidence
RandomForest,10,target_big_down,0.524240465416936,0.49812151833139,0.702012599023792,0.6995468911010407,0.002465707922751248,,,0.524240465416936,0.49812151833139,0.026118947085546018,0.026118947085546018,0.580841196492836,0.4361410448061658,False,False,,weak or unstable predictive evidence
RandomForest,1,target_up,0.5317085953878407,0.5066396761133604,0.69042455384785,0.6977854316467346,-0.007360877798884613,,,0.5317085953878407,0.5066396761133604,0.025068919274480295,0.025068919274480295,0.4930110003439354,0.5029765742063539,False,False,,weak or unstable predictive evidence
mlp_small_fs30,1,target_clean_direction,0.5555555555555556,0.5307563025210085,0.6788819310189212,0.7093874133489809,-0.030505482330059674,,,0.5555555555555556,0.5307563025210085,0.02479925303454711,0.02479925303454711,0.5046042497788081,0.4964923286501886,False,False,,stable but moderate predictive power
XGBoostRegularized,5,target_big_up,0.5725333333333333,0.5496873415582221,0.7107895658436544,0.7215500953942238,-0.010760529550569387,,,0.5725333333333333,0.5496873415582221,0.022845991775111263,0.022845991775111263,0.5291271512800536,0.4588407670735495,False,False,,stable but moderate predictive power
RandomForest,1,target_clean_direction,0.5307936507936508,0.5087955182072829,0.6934664988511191,0.702882380556667,-0.009415881705547857,,,0.5307936507936508,0.5087955182072829,0.021998132586367958,0.021998132586367958,0.4930110003439354,0.5029765742063539,False,False,,weak or unstable predictive evidence
XGBoost,1,target_clean_direction,0.5492063492063493,0.5287394957983194,0.7130957680349944,0.7205111057163458,-0.007415337681351386,,,0.5492063492063493,0.5287394957983194,0.020466853408029895,0.020466853408029895,0.4943686898458559,0.5099070750994672,False,False,,stable but moderate predictive power
LightGBM,10,target_big_up,0.4727225939269172,0.4532044337028085,1.016184201294001,0.8929858994306767,0.12319830186332426,,,0.4727225939269172,0.4532044337028085,0.019518160224108683,0.019518160224108683,0.5300725537080326,0.4165091912255295,False,False,,weak or unstable predictive evidence
GradientBoosting,1,target_clean_direction,0.5612698412698413,0.5440896358543417,0.6878096977634259,0.6937421658569394,-0.005932468093513443,,,0.5612698412698413,0.5440896358543417,0.017180205415499583,0.017180205415499583,0.4905489747050245,0.5197759772313336,False,False,,stable but moderate predictive power
ExtraTrees,1,target_up,0.5372117400419287,0.520404858299595,0.6918365326331257,0.6931248433729283,-0.0012883107398026228,,,0.5372117400419287,0.520404858299595,0.01680688174233369,0.01680688174233369,0.4661847465840723,0.5084036358192587,False,False,,stable but moderate predictive power
LogisticRegression,20,target_big_down,0.5741394527802295,0.5576892430278886,3.1410233421920823,2.1808678396288195,0.9601555025632629,,,0.5741394527802295,0.5576892430278886,0.016450209752340905,0.016450209752340905,0.6656901861560193,0.6440411280624673,False,False,,stable but moderate predictive power
LightGBM,3,target_up,0.5077873254564984,0.4919925172240726,0.7398595018273362,0.6955240802824395,0.04433542154489667,,,0.5077873254564984,0.4919925172240726,0.015794808232425794,0.015794808232425794,0.490503783340182,0.461565747693802,False,False,,weak or unstable predictive evidence
mlp_tiny,1,target_ret,,,,,,-0.0205921286844351,-0.0363473555451982,-0.0205921286844351,-0.0363473555451982,0.015755226860763097,,0.4468046060903424,0.4553234998571394,False,False,,weak or unstable predictive evidence
RidgeClassifier,1,target_clean_direction,0.5384126984126983,0.5240336134453781,0.9396989897887648,0.7353012227185294,0.20439776707023538,,,0.5384126984126983,0.5240336134453781,0.01437908496732021,0.01437908496732021,0.5172463068450633,0.5102438874485524,False,False,,stable but moderate predictive power
LogisticRegression,10,target_trade,0.5321959273527793,0.5178743961352658,2.084464863114755,2.1942970326375777,-0.10983216952282282,,,0.5321959273527793,0.5178743961352658,0.014321531217513561,0.014321531217513561,0.5215919044275202,0.492524399311407,False,False,,weak or unstable predictive evidence
RidgeClassifier,20,target_clean_direction,0.7459415584415585,0.7318211595152309,0.7556132607714396,0.6071363612412435,0.14847689953019616,,,0.7459415584415585,0.7318211595152309,0.01412039892632766,0.01412039892632766,0.6876724232573352,0.6385530658428725,False,False,,stable but moderate predictive power
LogisticRegressionStrongL2,1,target_big_down,0.5158820192853091,0.5018992649597948,1.4428249459263254,0.9058716704835514,0.5369532754427739,,,0.5158820192853091,0.5018992649597948,0.013982754325514324,0.013982754325514324,0.5003654280795709,0.5099169198991583,False,False,,weak or unstable predictive evidence
ElasticNet,20,target_up,0.7351778656126483,0.722477356805715,1.7172855589745295,0.995141037320742,0.7221445216537875,,,0.7351778656126483,0.722477356805715,0.012700508806933297,0.012700508806933297,0.6878357396998861,0.6520359965727028,False,False,,stable but moderate predictive power
LightGBMRegularized,1,target_clean_direction,0.5523809523809524,0.5397198879551821,0.6882118640739303,0.7181907691179876,-0.029978905044057313,,,0.5523809523809524,0.5397198879551821,0.012661064425770308,0.012661064425770308,0.4964841909372207,0.510865834421181,False,False,,stable but moderate predictive power
LightGBMRegularized,3,target_clean_direction,0.5227272727272727,0.510230352303523,0.7552714433193015,0.7274407491174495,0.027830694201852024,,,0.5227272727272727,0.510230352303523,0.012496920423749724,0.012496920423749724,0.4978509659597226,0.4787374734161309,False,False,,weak or unstable predictive evidence
LogisticRegressionStrongL2,3,target_clean_direction,0.51010101010101,0.4976964769647697,1.6969043750629125,1.144809407037583,0.5520949680253295,,,0.51010101010101,0.4976964769647697,0.012404533136240348,0.012404533136240348,0.5445623219607291,0.4723958262181938,False,False,,weak or unstable predictive evidence
RidgeClassifier,20,target_up,0.7196969696969697,0.708636305651231,0.6280731814950019,0.5781458251293737,0.04992735636562817,,,0.7196969696969697,0.708636305651231,0.011060664045738688,0.011060664045738688,0.6876724232573352,0.6385530658428725,False,False,,stable but moderate predictive power
ElasticNet,1,target_clean_direction,0.5257142857142857,0.5149579831932773,2.1633193988263915,1.0337499383478364,1.129569460478555,,,0.5257142857142857,0.5149579831932773,0.010756302521008343,0.010756302521008343,0.5113517279973346,0.5042076141179634,False,False,,weak or unstable predictive evidence
XGBoost,3,target_up,0.5177228786251343,0.5075055892686042,0.7780317478045041,0.6902050775440834,0.08782667026042068,,,0.5177228786251343,0.5075055892686042,0.010217289356530102,0.010217289356530102,0.5041200982336582,0.4798770191957249,False,False,,weak or unstable predictive evidence
LightGBM,3,target_trade,0.4918763102725367,0.4822728848821082,0.7404778996974569,0.7227369884135301,0.017740911283926852,,,0.4918763102725367,0.4822728848821082,0.009603425390428522,0.009603425390428522,0.490503783340182,0.461565747693802,False,False,,weak or unstable predictive evidence
XGBoost,10,target_big_up,0.511322696860525,0.5020001666805567,0.9136118489305431,0.8769856375419427,0.03662621138860045,,,0.511322696860525,0.5020001666805567,0.009322530179968314,0.009322530179968314,0.5444053588245549,0.4204321330862544,False,False,,weak or unstable predictive evidence
mlp_small,3,target_big_up,0.5272919978802331,0.5180321033979571,0.9335373273361198,1.3174033669162324,-0.38386603958011256,,,0.5272919978802331,0.5180321033979571,0.009259894482275932,0.009259894482275932,0.4607542875137492,0.479749074966835,False,False,,weak or unstable predictive evidence
LightGBM,10,target_big_down,0.5180995475113122,0.5094571835730017,0.7625284745725245,0.5962810360589345,0.16624743851359003,,,0.5180995475113122,0.5094571835730017,0.008642363938310416,0.008642363938310416,0.5300725537080326,0.4165091912255295,False,False,,weak or unstable predictive evidence
RidgeClassifier,1,target_big_up,0.5815217391304348,0.5729568719583824,0.8086926209101117,0.7133234629816195,0.09536915792849221,,,0.5815217391304348,0.5729568719583824,0.008564867172052404,0.008564867172052404,0.5172463068450633,0.5102438874485524,False,False,,stable but moderate predictive power
ElasticNet,3,target_clean_direction,0.5014430014430014,0.4958672086720868,2.0528848382601184,1.3345131426694674,0.718371695590651,,,0.5014430014430014,0.4958672086720868,0.005575792770914578,0.005575792770914578,0.5409650024553089,0.485003636633011,False,False,,weak or unstable predictive evidence
mlp_tiny,1,target_up,0.460167714884696,0.4551012145748987,0.8947389501192741,0.8046445537681886,0.09009439635108552,,,0.460167714884696,0.4551012145748987,0.005066500309797273,0.005066500309797273,0.4468046060903424,0.4553234998571394,False,False,,weak or unstable predictive evidence
mlp_small,1,target_big_down,0.5459444129325014,0.5415618371071974,0.8172209970193641,0.6690434484620622,0.14817754855730192,,,0.5459444129325014,0.5415618371071974,0.0043825758253039915,0.0043825758253039915,0.4941828861046527,0.4687388264544566,False,False,,stable but moderate predictive power
RandomForestDeep,5,target_up,0.5257034632034632,0.5217391304347826,0.7127252525215837,0.7029756045268705,0.009749647994713229,,,0.5257034632034632,0.5217391304347826,0.0039643327686805785,0.0039643327686805785,0.4981436456781545,0.466947972154182,False,False,,stable but moderate predictive power
LogisticRegression,3,target_clean_direction,0.5054112554112553,0.5014905149051491,2.3351487800407047,1.4974310217174005,0.8377177583233042,,,0.5054112554112553,0.5014905149051491,0.003920740506106246,0.003920740506106246,0.5422166494090299,0.4686241245175297,False,False,,weak or unstable predictive evidence
LogisticRegression,1,target_big_up,0.5680641821946171,0.5657828494713878,1.7399032072868912,1.0273538013035286,0.7125494059833626,,,0.5680641821946171,0.5657828494713878,0.002281332723229279,0.002281332723229279,0.5141755083335096,0.5010626279004815,False,False,,stable but moderate predictive power
ExtraTreesDeep,3,target_up,0.5338345864661654,0.5326458913172424,0.6948120047338926,0.6644185219324509,0.030393482801441718,,,0.5338345864661654,0.5326458913172424,0.001188695148923058,0.001188695148923058,0.5106076147616098,0.490364189344698,False,False,,stable but moderate predictive power
LightGBMRegularized,3,target_trade,0.5047169811320755,0.5037274618585298,0.733271977332639,0.7100269816259747,0.023244995706664384,,,0.5047169811320755,0.5037274618585298,0.0009895192735457359,0.0009895192735457359,0.4978509659597226,0.4787374734161309,False,False,,weak or unstable predictive evidence
XGBoost,3,target_trade,0.5107442348008385,0.509882108183079,0.76817285574157,0.7153368511519302,0.05283600458963977,,,0.5107442348008385,0.509882108183079,0.0008621266177595288,0.0008621266177595288,0.5041200982336582,0.4798770191957249,False,False,,weak or unstable predictive evidence
RandomForestDeep,1,target_clean_direction,0.5330158730158729,0.5329971988795519,0.6951065797917609,0.7027376174334485,-0.007631037641687599,,,0.5330158730158729,0.5329971988795519,1.867413632106185e-05,1.867413632106185e-05,0.4776694405727049,0.5090525215544474,False,False,,stable but moderate predictive power
ExtraTreesDeep,3,target_clean_direction,0.5072150072150072,0.5073170731707317,0.7208539551042732,0.6952100109378531,0.02564394416642013,,,0.5072150072150072,0.5073170731707317,-0.00010206595572448407,-0.00010206595572448407,0.5106076147616098,0.490364189344698,False,False,,weak or unstable predictive evidence
XGBoostRegularized,1,target_clean_direction,0.5473015873015873,0.5479551820728291,0.702924093617998,0.7114238996235663,-0.008499806005568322,,,0.5473015873015873,0.5479551820728291,-0.0006535947712418277,-0.0006535947712418277,0.4962708095194338,0.5200234179094327,False,False,,stable but moderate predictive power
LogisticRegressionStrongL2,1,target_clean_direction,0.5228571428571428,0.5242016806722689,1.727758513347421,0.9347152695277644,0.7930432438196565,,,0.5228571428571428,0.5242016806722689,-0.0013445378151261123,-0.0013445378151261123,0.5003654280795709,0.5099169198991583,False,False,,stable but moderate predictive power
HistGradientBoosting,10,target_big_down,0.5303813833225599,0.5324523902059852,0.827526927654974,0.5935047044272119,0.23402222322776212,,,0.5303813833225599,0.5324523902059852,-0.0020710068834253192,-0.0020710068834253192,0.5167423934784956,0.4168310618270104,False,False,,stable but moderate predictive power
mlp_small_fs30,3,target_ret,,,,,,0.002028012714466,0.0047046431817084,0.002028012714466,0.0047046431817084,-0.0026766304672424,,0.5225056385490133,0.4796022114025229,False,False,,weak or unstable predictive evidence
RandomForest,1,target_trade,0.5391147709727226,0.5431128830519074,0.6880198290911125,0.6892471665997313,-0.0012273375086188087,,,0.5391147709727226,0.5431128830519074,-0.003998112079184768,-0.003998112079184768,0.4930110003439354,0.5029765742063539,False,False,,stable but moderate predictive power
XGBoostRegularized,3,target_up,0.5166487647690655,0.5209654606013597,0.7186951199877647,0.6820167079761977,0.03667841201156696,,,0.5166487647690655,0.5209654606013597,-0.004316695832294215,-0.004316695832294215,0.5121397708580456,0.4912617720753,False,False,,stable but moderate predictive power
mlp_small,1,target_trade,0.4845599588265569,0.4888993120700438,0.8779617677583119,0.8888926814737761,-0.010930913715464174,,,0.4845599588265569,0.4888993120700438,-0.0043393532434868876,-0.0043393532434868876,0.4941828861046527,0.4687388264544566,False,False,,weak or unstable predictive evidence
RandomForest,5,target_clean_direction,0.5442028985507247,0.5497648902821317,0.7058841409093009,0.6957867094066401,0.010097431502660736,,,0.5442028985507247,0.5497648902821317,-0.005561991731407034,-0.005561991731407034,0.4772509032507559,0.5022882563710257,False,False,,stable but moderate predictive power
mlp_small,5,target_big_up,0.5221333333333333,0.5277589994929863,2.7434544473326947,2.250151386121516,0.49330306121117884,,,0.5221333333333333,0.5277589994929863,-0.005625666159652987,-0.005625666159652987,0.4990158533133702,0.4496856511669222,False,False,,stable but moderate predictive power
HistGradientBoosting,3,target_big_up,0.5784313725490196,0.5840733791953304,0.7225342299652608,0.6991243076440277,0.02340992232123318,,,0.5784313725490196,0.5840733791953304,-0.005642006646310871,-0.005642006646310871,0.5231470171316035,0.4587415294469714,False,False,,stable but moderate predictive power
ElasticNet,10,target_up,0.5222222222222223,0.5283922086497194,1.9613343426596208,1.727337605642703,0.2339967370169178,,,0.5222222222222223,0.5283922086497194,-0.0061699864274971095,-0.0061699864274971095,0.5604185127360527,0.4960554265456656,False,False,,stable but moderate predictive power
GradientBoosting,3,target_up,0.4801288936627282,0.4869963954920838,0.6925616843291786,0.6592785316443894,0.03328315268478921,,,0.4801288936627282,0.4869963954920838,-0.006867501829355582,-0.006867501829355582,0.452098478207081,0.4663289260039216,False,False,,weak or unstable predictive evidence
mlp_small,5,target_ret,,,,,,-0.0253245831109309,-0.0182852085830098,-0.0253245831109309,-0.0182852085830098,-0.0070393745279211,,0.4990158533133702,0.4496856511669222,False,False,,weak or unstable predictive evidence
HistGradientBoosting,10,target_big_up,0.4450591868244982,0.4536211350945912,1.1727323117157014,0.9215475919381436,0.25118471977755774,,,0.4450591868244982,0.4536211350945912,-0.00856194827009299,-0.00856194827009299,0.5167423934784956,0.4168310618270104,False,False,,weak or unstable predictive evidence
ExtraTreesDeep,1,target_up,0.5102201257861635,0.5190688259109312,0.7053991345834218,0.6974982828044357,0.00790085177898614,,,0.5102201257861635,0.5190688259109312,-0.008848700124767683,-0.008848700124767683,0.4778155098216083,0.501318807529865,False,False,,weak or unstable predictive evidence
GradientBoosting,1,target_trade,0.5409161091096243,0.5497772045028142,0.6915724816779112,0.6923402217204961,-0.0007677400425849523,,,0.5409161091096243,0.5497772045028142,-0.00886109539318991,-0.00886109539318991,0.4905489747050245,0.5197759772313336,False,False,,stable but moderate predictive power
XGBoost,1,target_up,0.5246331236897275,0.5339676113360323,0.705987289186056,0.7005948171393298,0.0053924720467262155,,,0.5246331236897275,0.5339676113360323,-0.009334487646304845,-0.009334487646304845,0.4943686898458559,0.5099070750994672,False,False,,stable but moderate predictive power
LogisticRegression,20,target_up,0.7364953886693018,0.7462048730705446,1.9987039230707104,1.0755270586688717,0.9231768644018388,,,0.7364953886693018,0.7462048730705446,-0.009709484401242863,-0.009709484401242863,0.6656901861560193,0.6440411280624673,False,False,,stable but moderate predictive power
ElasticNet,1,target_big_up,0.563664596273292,0.5737120322201712,1.5157625012400349,0.9522348451205624,0.5635276561194724,,,0.563664596273292,0.5737120322201712,-0.01004743594687918,-0.01004743594687918,0.5113517279973346,0.5042076141179634,False,False,,stable but moderate predictive power
RandomForestDeep,3,target_big_up,0.6081081081081082,0.6184698770064624,0.6592379417499105,0.6478342823260228,0.011403659423887658,,,0.6081081081081082,0.6184698770064624,-0.010361768898354162,-0.010361768898354162,0.5001581163041711,0.485053609668385,False,False,,stable but moderate predictive power
mlp_tiny,1,target_big_down,0.504254112308565,0.5152681170144541,0.8166087010540392,0.6910859992859905,0.1255227017680487,,,0.504254112308565,0.5152681170144541,-0.011014004705889091,-0.011014004705889091,0.4468046060903424,0.4553234998571394,False,False,,weak or unstable predictive evidence
mlp_small,3,target_trade,0.4753668763102725,0.4876907073509016,3.175257222071086,2.3332176651359187,0.8420395569351675,,,0.4753668763102725,0.4876907073509016,-0.012323831040629063,-0.012323831040629063,0.4607542875137492,0.479749074966835,False,False,,weak or unstable predictive evidence
mlp_tiny,3,target_big_up,0.5712771595124537,0.5840316864707109,0.9217484668257564,0.7490377708948026,0.17271069593095378,,,0.5712771595124537,0.5840316864707109,-0.012754526958257184,-0.012754526958257184,0.4829519586349726,0.4891110649832047,False,False,,stable but moderate predictive power
ExtraTreesDeep,1,target_clean_direction,0.5088888888888888,0.5224089635854342,0.7122856294875178,0.7071934951617944,0.005092134325723419,,,0.5088888888888888,0.5224089635854342,-0.01352007469654537,-0.01352007469654537,0.4778155098216083,0.501318807529865,False,False,,stable but moderate predictive power
LightGBM,3,target_big_up,0.5712771595124535,0.5865749426725037,0.7352603040327306,0.7002939912015337,0.03496631283119689,,,0.5712771595124535,0.5865749426725037,-0.015297783160050149,-0.015297783160050149,0.490503783340182,0.461565747693802,False,False,,stable but moderate predictive power
RandomForestDeep,3,target_trade,0.5013102725366876,0.517120319001387,0.7157042712190322,0.6970604710179018,0.018643800201130434,,,0.5013102725366876,0.517120319001387,-0.015810046464699412,-0.015810046464699412,0.5001581163041711,0.485053609668385,False,False,,weak or unstable predictive evidence
ExtraTreesDeep,3,target_trade,0.5,0.5166868932038835,0.7081897370721022,0.6860413022288342,0.022148434843268006,,,0.5,0.5166868932038835,-0.0166868932038835,-0.0166868932038835,0.5106076147616098,0.490364189344698,False,False,,weak or unstable predictive evidence
RandomForestDeep,3,target_up,0.5088614393125672,0.5260756490395584,0.7021564117765576,0.680718760315266,0.021437651461291618,,,0.5088614393125672,0.5260756490395584,-0.01721420972699117,-0.01721420972699117,0.5001581163041711,0.485053609668385,False,False,,stable but moderate predictive power
ExtraTreesDeep,1,target_big_down,0.4753261486103233,0.4931675793004785,0.6767096331377838,0.656130963067058,0.02057867007072578,,,0.4753261486103233,0.4931675793004785,-0.017841430690155202,-0.017841430690155202,0.4778155098216083,0.501318807529865,False,False,,weak or unstable predictive evidence
ExtraTreesDeep,3,target_big_up,0.5964493905670377,0.6144256827183656,0.6666878870729154,0.6478800308169079,0.01880785625600745,,,0.5964493905670377,0.6144256827183656,-0.0179762921513279,-0.0179762921513279,0.5106076147616098,0.490364189344698,False,False,,stable but moderate predictive power
LightGBM,1,target_trade,0.5177560473494597,0.5360772357723578,0.7220227973507536,0.7107659705384661,0.011256826812287457,,,0.5177560473494597,0.5360772357723578,-0.018321188422898094,-0.018321188422898094,0.4939044652525206,0.5031735571072883,False,False,,stable but moderate predictive power
mlp_small_fs30,3,target_big_up,0.5315315315315315,0.5502188868042527,0.6905599151469606,0.7046713779943833,-0.014111462847422707,,,0.5315315315315315,0.5502188868042527,-0.01868735527272114,-0.01868735527272114,0.5225056385490133,0.4796022114025229,False,False,,stable but moderate predictive power
ExtraTrees,1,target_ret,,,,,,0.0468916848116204,0.0655834528808446,0.0468916848116204,0.0655834528808446,-0.018691768069224207,,0.4661847465840723,0.5084036358192587,False,False,,stable but moderate predictive power
mlp_small_fs30,1,target_trade,0.4716932578486875,0.4907754846779237,0.7132138957126442,0.7093674896039965,0.0038464061086476153,,,0.4716932578486875,0.4907754846779237,-0.019082226829236215,-0.019082226829236215,0.5046042497788081,0.4964923286501886,False,False,,weak or unstable predictive evidence
ExtraTreesDeep,1,target_trade,0.498713329902213,0.5191525953721076,0.7047200093170012,0.7018346248759574,0.0028853844410438034,,,0.498713329902213,0.5191525953721076,-0.020439265469894552,-0.020439265469894552,0.4778155098216083,0.501318807529865,False,False,,weak or unstable predictive evidence
mlp_tiny,3,target_big_down,0.4628378378378379,0.4837320295675456,0.8383431848071354,0.706548880597806,0.13179430420932947,,,0.4628378378378379,0.4837320295675456,-0.02089419172970769,-0.02089419172970769,0.4829519586349726,0.4891110649832047,False,False,,weak or unstable predictive evidence
ExtraTrees,1,target_trade,0.5072053525476068,0.5292370231394622,0.6911674886737006,0.6906784659498855,0.0004890227238151246,,,0.5072053525476068,0.5292370231394622,-0.0220316705918554,-0.0220316705918554,0.4661847465840723,0.5084036358192587,False,False,,stable but moderate predictive power
RandomForestDeep,10,target_big_down,0.4909502262443438,0.514639201969167,0.7578873682809928,0.6776480691885476,0.0802392990924452,,,0.4909502262443438,0.514639201969167,-0.023688975724823202,-0.023688975724823202,0.5525795293218513,0.4231846057579524,False,False,,weak or unstable predictive evidence
XGBoost,5,target_big_up,0.5373333333333333,0.5613909075545039,0.7429628326113991,0.7099239559399497,0.033038876671449335,,,0.5373333333333333,0.5613909075545039,-0.024057574221170608,-0.024057574221170608,0.5280042678021251,0.4480333929651244,False,False,,stable but moderate predictive power
XGBoost,3,target_big_up,0.5924748277689454,0.6171357098186367,0.6991998205208915,0.6820077171848965,0.017192103335994968,,,0.5924748277689454,0.6171357098186367,-0.0246608820496913,-0.0246608820496913,0.5041200982336582,0.4798770191957249,False,False,,stable but moderate predictive power
XGBoost,1,target_trade,0.5123520329387545,0.5374843652282676,0.7175263747584333,0.7073318263406037,0.01019454841782963,,,0.5123520329387545,0.5374843652282676,-0.02513233228951306,-0.02513233228951306,0.4943686898458559,0.5099070750994672,False,False,,stable but moderate predictive power
XGBoostRegularized,1,target_up,0.5188679245283019,0.544089068825911,0.6988809180122064,0.689192727600584,0.009688190411622388,,,0.5188679245283019,0.544089068825911,-0.025221144297609133,-0.025221144297609133,0.4962708095194338,0.5200234179094327,False,False,,stable but moderate predictive power
GradientBoosting,3,target_trade,0.4694706498951782,0.4951889736477115,0.7022364831565101,0.6806337043595874,0.02160277879692274,,,0.4694706498951782,0.4951889736477115,-0.025718323752533245,-0.025718323752533245,0.452098478207081,0.4663289260039216,False,False,,weak or unstable predictive evidence
LightGBMRegularized,1,target_trade,0.5169840452907875,0.5431128830519074,0.7121052319330534,0.7059901422968627,0.006115089636190674,,,0.5169840452907875,0.5431128830519074,-0.02612883776111996,-0.02612883776111996,0.4964841909372207,0.510865834421181,False,False,,stable but moderate predictive power
LightGBMRegularized,1,target_big_down,0.4744753261486104,0.501011296926644,0.686391618595994,0.6137887692744444,0.07260284932154959,,,0.4744753261486104,0.501011296926644,-0.026535970778033657,-0.026535970778033657,0.4964841909372207,0.510865834421181,False,False,,weak or unstable predictive evidence
mlp_tiny,3,target_trade,0.5013102725366876,0.5295162968099861,1.0839434528514296,0.8206630042904659,0.26328044856096366,,,0.5013102725366876,0.5295162968099861,-0.028206024273298547,-0.028206024273298547,0.4829519586349726,0.4891110649832047,False,False,,stable but moderate predictive power
LightGBM,1,target_big_down,0.4619965967101531,0.4913916432341769,0.69419561829841,0.6226829136116363,0.07151270468677373,,,0.4619965967101531,0.4913916432341769,-0.029395046524023805,-0.029395046524023805,0.4939044652525206,0.5031735571072883,False,False,,weak or unstable predictive evidence
RandomForest,10,target_ret,,,,,,-0.0030120621605076,0.027716356440418,-0.0030120621605076,0.027716356440418,-0.0307284186009256,,0.580841196492836,0.4361410448061658,False,False,,weak or unstable predictive evidence
mlp_small_fs30,5,target_ret,,,,,,0.0355999703825785,0.067555185328997,0.0355999703825785,0.067555185328997,-0.0319552149464185,,0.5912217297255472,0.4958942882499487,False,False,,stable but moderate predictive power
LightGBM,1,target_up,0.5036687631027253,0.5357894736842105,0.7086835504196203,0.6952917315016112,0.013391818918009113,,,0.5036687631027253,0.5357894736842105,-0.032120710581485135,-0.032120710581485135,0.4939044652525206,0.5031735571072883,False,False,,stable but moderate predictive power
LightGBMRegularized,1,target_big_up,0.5701345755693581,0.6024920288639033,0.7036735191961939,0.6470917002683831,0.05658181892781078,,,0.5701345755693581,0.6024920288639033,-0.0323574532945452,-0.0323574532945452,0.4964841909372207,0.510865834421181,False,False,,stable but moderate predictive power
HistGradientBoosting,1,target_trade,0.5303654143077714,0.5630472170106317,0.7332447182191691,0.7057237942243837,0.02752092399478545,,,0.5303654143077714,0.5630472170106317,-0.03268180270286025,-0.03268180270286025,0.4831403353768766,0.5140874833669957,False,False,,stable but moderate predictive power
RidgeClassifier,5,target_big_up,0.5269333333333333,0.5602078756126415,0.8034980999363627,0.7234232645489804,0.08007483538738225,,,0.5269333333333333,0.5602078756126415,-0.03327454227930826,-0.03327454227930826,0.5996846229341923,0.4752406026166163,False,False,,stable but moderate predictive power
ExtraTreesDeep,5,target_big_up,0.5357333333333334,0.5696298800067601,0.6996355838495236,0.6697224948724408,0.02991308897708278,,,0.5357333333333334,0.5696298800067601,-0.033896546673426675,-0.033896546673426675,0.5734395904425622,0.4564124550678857,False,False,,stable but moderate predictive power
RidgeClassifier,1,target_ret,,,,,,0.0528114621127135,0.0869977995897445,0.0528114621127135,0.0869977995897445,-0.034186337477031,,0.5172463068450633,0.5102438874485524,False,False,,stable but moderate predictive power
LogisticRegressionStrongL2,1,target_ret,,,,,,0.0528114621127135,0.0869977995897445,0.0528114621127135,0.0869977995897445,-0.034186337477031,,0.5003654280795709,0.5099169198991583,False,False,,stable but moderate predictive power
RidgeClassifier,1,target_trade,0.5458054554812145,0.5800500312695434,0.8027039723724857,0.7018552419951128,0.10084873037737285,,,0.5458054554812145,0.5800500312695434,-0.034244575788328846,-0.034244575788328846,0.5172463068450633,0.5102438874485524,False,False,,stable but moderate predictive power
RandomForestDeep,1,target_trade,0.4930519814719505,0.5280253283302064,0.702587004302833,0.6962763471511693,0.00631065715166379,,,0.4930519814719505,0.5280253283302064,-0.03497334685825593,-0.03497334685825593,0.4776694405727049,0.5090525215544474,False,False,,stable but moderate predictive power
RandomForestDeep,5,target_trade,0.4909909909909909,0.5260250889346565,0.7467475907989939,0.6984882373284919,0.04825935347050203,,,0.4909909909909909,0.5260250889346565,-0.035034097943665576,-0.035034097943665576,0.4981436456781545,0.466947972154182,False,False,,stable but moderate predictive power
LogisticRegressionStrongL2,20,target_big_up,0.5645908389089037,0.6007512152010606,2.388753142143354,1.7655804645471076,0.6231726775962463,,,0.5645908389089037,0.6007512152010606,-0.03616037629215685,-0.03616037629215685,0.6921154861207556,0.598857198746542,False,False,,stable but moderate predictive power
RandomForest,1,target_big_up,0.5703933747412009,0.6068132236952509,0.6859289579019466,0.6613204504980303,0.02460850740391629,,,0.5703933747412009,0.6068132236952509,-0.03641984895405004,-0.03641984895405004,0.4930110003439354,0.5029765742063539,False,False,,stable but moderate predictive power
LogisticRegression,1,target_trade,0.5321667524446732,0.5695356472795498,1.6569151980074104,0.9439320486718458,0.7129831493355646,,,0.5321667524446732,0.5695356472795498,-0.0373688948348766,-0.0373688948348766,0.5141755083335096,0.5010626279004815,False,False,,stable but moderate predictive power
XGBoostRegularized,3,target_big_up,0.6009538950715422,0.6384406920992287,0.7056080546222392,0.663199019564011,0.04240903505822824,,,0.6009538950715422,0.6384406920992287,-0.037486797027686536,-0.037486797027686536,0.5121397708580456,0.4912617720753,False,False,,stable but moderate predictive power
LightGBMRegularized,3,target_big_up,0.5529941706412295,0.5919533041484262,0.7358016117562239,0.6869990896520399,0.04880252210418401,,,0.5529941706412295,0.5919533041484262,-0.03895913350719671,-0.03895913350719671,0.4978509659597226,0.4787374734161309,False,False,,stable but moderate predictive power
RandomForestDeep,1,target_up,0.4774633123689727,0.5164372469635627,0.7038516657117575,0.7010300456504075,0.0028216200613500053,,,0.4774633123689727,0.5164372469635627,-0.03897393459459003,-0.03897393459459003,0.4776694405727049,0.5090525215544474,False,False,,weak or unstable predictive evidence
LogisticRegressionStrongL2,1,target_big_up,0.5445134575569357,0.5836130223191811,1.3128082989768066,0.863867121554614,0.44894117742219264,,,0.5445134575569357,0.5836130223191811,-0.03909956476224541,-0.03909956476224541,0.5003654280795709,0.5099169198991583,False,False,,stable but moderate predictive power
mlp_small,3,target_up,0.4873791621911922,0.5272619427841402,2.785849439058379,1.8150411085356717,0.9708083305227071,,,0.4873791621911922,0.5272619427841402,-0.039882780592947975,-0.039882780592947975,0.4607542875137492,0.479749074966835,False,False,,stable but moderate predictive power
mlp_small_fs30,1,target_big_up,0.5641821946169772,0.6044638362141299,0.6929955386322757,0.6462600617241635,0.046735476908112195,,,0.5641821946169772,0.6044638362141299,-0.04028164159715275,-0.04028164159715275,0.5046042497788081,0.4964923286501886,False,False,,stable but moderate predictive power
HistGradientBoosting,1,target_big_down,0.4821327283040271,0.5228158452962359,0.685398230399284,0.6130001209240575,0.07239810947522651,,,0.4821327283040271,0.5228158452962359,-0.040683116992208834,-0.040683116992208834,0.4831403353768766,0.5140874833669957,False,False,,stable but moderate predictive power
HistGradientBoosting,1,target_clean_direction,0.4917460317460317,0.5326050420168067,0.7542084757253944,0.7229055692043403,0.03130290652105405,,,0.4917460317460317,0.5326050420168067,-0.04085901027077499,-0.04085901027077499,0.4831403353768766,0.5140874833669957,False,False,,stable but moderate predictive power
GradientBoosting,1,target_big_up,0.5649585921325052,0.6067712703473737,0.691301778323572,0.6448898129251013,0.0464119653984707,,,0.5649585921325052,0.6067712703473737,-0.04181267821486845,-0.04181267821486845,0.4905489747050245,0.5197759772313336,False,False,,stable but moderate predictive power
ExtraTrees,3,target_clean_direction,0.4848484848484848,0.5270325203252032,0.7056188677538762,0.6794580067087198,0.02616086104515636,,,0.4848484848484848,0.5270325203252032,-0.042184035476718396,-0.042184035476718396,0.4499822327482173,0.4872369947579831,False,False,,stable but moderate predictive power
mlp_small,3,target_ret,,,,,,-0.0742439879416978,-0.0311462913103455,-0.0742439879416978,-0.0311462913103455,-0.0430976966313523,,0.4607542875137492,0.479749074966835,False,False,,weak or unstable predictive evidence
LogisticRegressionStrongL2,1,target_trade,0.5293360782295419,0.5726235146966854,1.306408827063248,0.8418455072027264,0.46456331986052146,,,0.5293360782295419,0.5726235146966854,-0.0432874364671435,-0.0432874364671435,0.5003654280795709,0.5099169198991583,False,False,,stable but moderate predictive power
LightGBM,1,target_big_up,0.5618530020703932,0.6052609498237961,0.7066909412192112,0.6472936092136673,0.05939733200554387,,,0.5618530020703932,0.6052609498237961,-0.04340794775340284,-0.04340794775340284,0.4939044652525206,0.5031735571072883,False,False,,stable but moderate predictive power
GradientBoosting,1,target_up,0.5159853249475891,0.5594736842105263,0.68580482097138,0.6732882543455389,0.012516566625841108,,,0.5159853249475891,0.5594736842105263,-0.04348835926293726,-0.04348835926293726,0.4905489747050245,0.5197759772313336,False,False,,stable but moderate predictive power
XGBoostRegularized,1,target_trade,0.4945959855892948,0.5384224515322076,0.7171221481178731,0.702779561006051,0.014342587111822125,,,0.4945959855892948,0.5384224515322076,-0.043826465942912785,-0.043826465942912785,0.4962708095194338,0.5200234179094327,False,False,,stable but moderate predictive power
mlp_tiny,1,target_trade,0.4529078744209984,0.4973420888055034,0.948414720040884,0.8440875996172703,0.1043271204236137,,,0.4529078744209984,0.4973420888055034,-0.04443421438450501,-0.04443421438450501,0.4468046060903424,0.4553234998571394,False,False,,weak or unstable predictive evidence
RandomForest,5,target_trade,0.5039745627980923,0.5489140610372589,0.7109885945001095,0.6765071348107909,0.034481459689318594,,,0.5039745627980923,0.5489140610372589,-0.04493949823916665,-0.04493949823916665,0.4772509032507559,0.5022882563710257,False,False,,stable but moderate predictive power
XGBoost,1,target_big_down,0.4832671582529779,0.5297715948892506,0.6828855851474027,0.6236266586715651,0.05925892647583764,,,0.4832671582529779,0.5297715948892506,-0.04650443663627274,-0.04650443663627274,0.4943686898458559,0.5099070750994672,False,False,,stable but moderate predictive power
RandomForest,5,target_up,0.4926948051948052,0.5393536490683231,0.7170511817208279,0.6853690462567,0.0316821354641279,,,0.4926948051948052,0.5393536490683231,-0.046658843873517875,-0.046658843873517875,0.4772509032507559,0.5022882563710257,False,False,,stable but moderate predictive power
RandomForest,3,target_trade,0.4648846960167715,0.512005894590846,0.7056332060996192,0.6856757301799095,0.019957475919709755,,,0.4648846960167715,0.512005894590846,-0.047121198574074485,-0.047121198574074485,0.4238707575295398,0.5081978007294342,False,False,,weak or unstable predictive evidence
ElasticNet,1,target_trade,0.5244467318579515,0.5715681676047529,1.4799234216159505,0.8949349852623127,0.5849884363536377,,,0.5244467318579515,0.5715681676047529,-0.04712143574680139,-0.04712143574680139,0.5113517279973346,0.5042076141179634,False,False,,stable but moderate predictive power
HistGradientBoosting,1,target_up,0.4897798742138365,0.5378137651821862,0.7346580912735319,0.6918858203469556,0.04277227092657632,,,0.4897798742138365,0.5378137651821862,-0.048033890968349646,-0.048033890968349646,0.4831403353768766,0.5140874833669957,False,False,,stable but moderate predictive power
XGBoostRegularized,1,target_big_up,0.5833333333333334,0.6319852324215472,0.695758909760242,0.6385174285666497,0.05724148119359229,,,0.5833333333333334,0.6319852324215472,-0.04865189908821388,-0.04865189908821388,0.4962708095194338,0.5200234179094327,False,False,,stable but moderate predictive power
mlp_small_fs30,1,target_big_down,0.501701644923426,0.5541907158008978,0.7210313382091604,0.5941363923064126,0.12689494590274786,,,0.501701644923426,0.5541907158008978,-0.0524890708774719,-0.0524890708774719,0.5046042497788081,0.4964923286501886,False,False,,"test improvement, do not use for ex-post selection"
HistGradientBoosting,5,target_big_up,0.4842666666666667,0.5373500084502282,0.8943888803058678,0.72809129724995,0.1662975830559178,,,0.4842666666666667,0.5373500084502282,-0.0530833417835615,-0.0530833417835615,0.5179130807743705,0.4357923609209597,False,False,,"test improvement, do not use for ex-post selection"
LightGBMRegularized,5,target_big_up,0.4850666666666666,0.5395048166300489,0.808288711767963,0.7148537427059487,0.09343496906201432,,,0.4850666666666666,0.5395048166300489,-0.05443814996338231,-0.05443814996338231,0.5103769504230764,0.4372775641460901,False,False,,"test improvement, do not use for ex-post selection"
RandomForestDeep,1,target_big_up,0.5551242236024845,0.6109246517872127,0.680158277595307,0.6450753802235699,0.03508289737173709,,,0.5551242236024845,0.6109246517872127,-0.05580042818472819,-0.05580042818472819,0.4776694405727049,0.5090525215544474,False,False,,"test improvement, do not use for ex-post selection"
ExtraTrees,3,target_big_up,0.5323264440911499,0.5912028351052742,0.6998376688745873,0.6645966886891082,0.035240980185479165,,,0.5323264440911499,0.5912028351052742,-0.05887639101412423,-0.05887639101412423,0.4499822327482173,0.4872369947579831,False,False,,"test improvement, do not use for ex-post selection"
ExtraTrees,1,target_clean_direction,0.4644444444444444,0.5236974789915967,0.7084178818092891,0.6938729790777571,0.014544902731531972,,,0.4644444444444444,0.5236974789915967,-0.059253034547152306,-0.059253034547152306,0.4661847465840723,0.5084036358192587,False,False,,"test improvement, do not use for ex-post selection"
LightGBMRegularized,1,target_up,0.4918763102725367,0.5524696356275303,0.7052671671293744,0.6854187117507973,0.019848455378577157,,,0.4918763102725367,0.5524696356275303,-0.060593325354993566,-0.060593325354993566,0.4964841909372207,0.510865834421181,False,False,,"test improvement, do not use for ex-post selection"
RandomForest,3,target_big_down,0.4367321867321868,0.4973517257435538,0.7402836184301311,0.6654867071811034,0.07479691124902776,,,0.4367321867321868,0.4973517257435538,-0.06061953901136702,-0.06061953901136702,0.4238707575295398,0.5081978007294342,False,False,,"test improvement, do not use for ex-post selection"
LogisticRegressionStrongL2,5,target_big_up,0.492,0.5534899442284942,1.7996718414157915,1.070853507035958,0.7288183343798336,,,0.492,0.5534899442284942,-0.06148994422849419,-0.06148994422849419,0.5845909887088439,0.4732898777691721,False,False,,"test improvement, do not use for ex-post selection"
mlp_small,1,target_big_up,0.5087991718426501,0.5710689713039101,0.8550180754032551,0.7068341281381907,0.14818394726506445,,,0.5087991718426501,0.5710689713039101,-0.06226979946125999,-0.06226979946125999,0.4941828861046527,0.4687388264544566,False,False,,"test improvement, do not use for ex-post selection"
ExtraTrees,3,target_trade,0.4418238993710692,0.5054611650485438,0.7117177297370874,0.6694735560323339,0.04224417370475342,,,0.4418238993710692,0.5054611650485438,-0.06363726567747457,-0.06363726567747457,0.4499822327482173,0.4872369947579831,False,False,,"test improvement, do not use for ex-post selection"
mlp_tiny,5,target_big_up,0.4752,0.539082305222241,1.1741540643415582,1.0454736914782574,0.1286803728633008,,,0.4752,0.539082305222241,-0.06388230522224098,-0.06388230522224098,0.5327598279937896,0.4165644579934142,False,False,,"test improvement, do not use for ex-post selection"
ExtraTreesDeep,10,target_ret,,,,,,-0.0234663175294653,0.040846012569091,-0.0234663175294653,0.040846012569091,-0.0643123300985563,,0.6241029136265633,0.4118509175195295,False,False,,"test improvement, do not use for ex-post selection"
RandomForest,1,target_big_down,0.4682359614293817,0.5326328252182921,0.70200226243243,0.6774349068910237,0.02456735554140632,,,0.4682359614293817,0.5326328252182921,-0.06439686378891046,-0.06439686378891046,0.4930110003439354,0.5029765742063539,False,False,,"test improvement, do not use for ex-post selection"
mlp_tiny,3,target_up,0.472610096670247,0.5376191997079892,1.0924822285483164,0.8996993570269212,0.19278287152139528,,,0.472610096670247,0.5376191997079892,-0.06500910303774221,-0.06500910303774221,0.4829519586349726,0.4891110649832047,False,False,,"test improvement, do not use for ex-post selection"
RandomForestDeep,1,target_big_down,0.4858196256381168,0.5522667850624043,0.6794718010105205,0.652466870722811,0.02700493028770956,,,0.4858196256381168,0.5522667850624043,-0.06644715942428753,-0.06644715942428753,0.4776694405727049,0.5090525215544474,False,False,,"test improvement, do not use for ex-post selection"
ExtraTrees,1,target_big_up,0.5232919254658386,0.5912485316328243,0.6967316731059459,0.6755520982680006,0.021179574837945303,,,0.5232919254658386,0.5912485316328243,-0.06795660616698573,-0.06795660616698573,0.4661847465840723,0.5084036358192587,False,False,,"test improvement, do not use for ex-post selection"
ExtraTrees,1,target_big_down,0.4685195689166194,0.5368260075970598,0.7140901875101864,0.68214172612381,0.031948461386376414,,,0.4685195689166194,0.5368260075970598,-0.0683064386804404,-0.0683064386804404,0.4661847465840723,0.5084036358192587,False,False,,"test improvement, do not use for ex-post selection"
XGBoostRegularized,1,target_big_down,0.4702212138400453,0.5389472645651423,0.6802652558855234,0.6073208421532552,0.07294441373226823,,,0.4702212138400453,0.5389472645651423,-0.06872605072509702,-0.06872605072509702,0.4962708095194338,0.5200234179094327,False,False,,"test improvement, do not use for ex-post selection"
RandomForestDeep,5,target_big_up,0.5013333333333333,0.5703481494000338,0.7120911788219598,0.6624206183509556,0.049670560471004266,,,0.5013333333333333,0.5703481494000338,-0.06901481606670046,-0.06901481606670046,0.4981436456781545,0.466947972154182,False,False,,"test improvement, do not use for ex-post selection"
LightGBM,5,target_big_up,0.4725333333333333,0.544617204664526,0.8522294746015985,0.7114912591170793,0.14073821548451915,,,0.4725333333333333,0.544617204664526,-0.0720838713311927,-0.0720838713311927,0.5204398138141483,0.4281384859848807,False,True,ml_risk_budget_enhancement,"selected by strategy-layer utility, not pure prediction score"
XGBoost,1,target_big_up,0.5364906832298137,0.6087850310454774,0.7062147530998746,0.6475466235596284,0.05866812954024614,,,0.5364906832298137,0.6087850310454774,-0.07229434781566368,-0.07229434781566368,0.4943686898458559,0.5099070750994672,False,False,,"test improvement, do not use for ex-post selection"
LogisticRegression,10,target_up,0.4686111111111111,0.5419830527126664,2.4895998713387453,1.9159920941250217,0.5736077772137236,,,0.4686111111111111,0.5419830527126664,-0.07337194160155536,-0.07337194160155536,0.5215919044275202,0.492524399311407,False,False,,"test improvement, do not use for ex-post selection"
ExtraTreesDeep,1,target_big_up,0.5315734989648033,0.6050511830844101,0.6845110491250203,0.6483565729102703,0.036154476214749987,,,0.5315734989648033,0.6050511830844101,-0.07347768411960676,-0.07347768411960676,0.4778155098216083,0.501318807529865,False,False,,"test improvement, do not use for ex-post selection"
LogisticRegression,10,target_ret,,,,,,-0.0292735562886442,0.0478724000370893,-0.0292735562886442,0.0478724000370893,-0.0771459563257335,,0.5215919044275202,0.492524399311407,False,False,,"test improvement, do not use for ex-post selection"
RandomForestDeep,10,target_ret,,,,,,-0.1357823748662529,-0.058609528351879,-0.1357823748662529,-0.058609528351879,-0.0771728465143739,,0.5525795293218513,0.4231846057579524,False,False,,"test improvement, do not use for ex-post selection"
mlp_small,3,target_clean_direction,0.433982683982684,0.5113143631436314,1.8817574553854424,2.0488963472667203,-0.16713889188127795,,,0.433982683982684,0.5113143631436314,-0.07733167916094741,-0.07733167916094741,0.4607542875137492,0.479749074966835,False,False,,"test improvement, do not use for ex-post selection"
GradientBoosting,3,target_big_up,0.5165606783253842,0.5966228893058162,0.7000321728138998,0.6613184605367078,0.038713712277192,,,0.5165606783253842,0.5966228893058162,-0.08006221098043198,-0.08006221098043198,0.452098478207081,0.4663289260039216,False,False,,"test improvement, do not use for ex-post selection"
ElasticNet,20,target_big_up,0.5540401441070509,0.6342907644719399,3.0812533883591966,2.099409247768654,0.9818441405905425,,,0.5540401441070509,0.6342907644719399,-0.08025062036488895,-0.08025062036488895,0.6878357396998861,0.6520359965727028,False,False,,"test improvement, do not use for ex-post selection"
ElasticNet,5,target_big_up,0.4845333333333333,0.565193510224776,2.3025505959564234,1.1854457912559018,1.1171048047005216,,,0.4845333333333333,0.565193510224776,-0.08066017689144273,-0.08066017689144273,0.5802573248528965,0.4936190728703079,False,False,,"test improvement, do not use for ex-post selection"
ExtraTrees,3,target_up,0.4207841031149302,0.503809827987407,0.7118067477422683,0.6688207083490477,0.04298603939322054,,,0.4207841031149302,0.503809827987407,-0.08302572487247684,-0.08302572487247684,0.4499822327482173,0.4872369947579831,False,False,,"test improvement, do not use for ex-post selection"
LogisticRegression,1,target_ret,,,,,,0.0015735923053593,0.0872060335329544,0.0015735923053593,0.0872060335329544,-0.0856324412275951,,0.5141755083335096,0.5010626279004815,False,False,,"test improvement, do not use for ex-post selection"
HistGradientBoosting,1,target_big_up,0.5341614906832298,0.6226715891928176,0.7287047072430102,0.6420206134915583,0.08668409375145192,,,0.5341614906832298,0.6226715891928176,-0.0885100985095878,-0.0885100985095878,0.4831403353768766,0.5140874833669957,False,False,,"test improvement, do not use for ex-post selection"
RandomForest,3,target_big_up,0.5185479597244304,0.6080883885761934,0.7009813049762444,0.6519030679733198,0.049078237002924685,,,0.5185479597244304,0.6080883885761934,-0.08954042885176305,-0.08954042885176305,0.4238707575295398,0.5081978007294342,False,False,,"test improvement, do not use for ex-post selection"
LogisticRegression,5,target_big_up,0.4808,0.5712776744972115,2.7164556797403145,1.2798793606304324,1.4365763191098821,,,0.4808,0.5712776744972115,-0.09047767449721145,-0.09047767449721145,0.5635804550588884,0.4804733026591868,False,False,,"test improvement, do not use for ex-post selection"
RandomForest,3,target_clean_direction,0.4195526695526695,0.5130758807588076,0.7242949464180239,0.694953261120369,0.029341685297654907,,,0.4195526695526695,0.5130758807588076,-0.0935232112061381,-0.0935232112061381,0.4238707575295398,0.5081978007294342,False,False,,"test improvement, do not use for ex-post selection"
RandomForest,5,target_big_up,0.4637333333333334,0.5667145512928848,0.7176526758615016,0.6636502023495671,0.054002473511934546,,,0.4637333333333334,0.5667145512928848,-0.10298121795955145,-0.10298121795955145,0.4772509032507559,0.5022882563710257,False,False,,"test improvement, do not use for ex-post selection"
RidgeClassifier,20,target_big_up,0.5612454966546578,0.6671232876712327,0.8855519503541903,0.7136475329439441,0.1719044174102462,,,0.5612454966546578,0.6671232876712327,-0.10587779101657491,-0.10587779101657491,0.6876724232573352,0.6385530658428725,False,False,,"test improvement, do not use for ex-post selection"
LogisticRegression,20,target_big_up,0.5501801338136902,0.6581087052585064,3.493670564046727,2.400481456685578,1.093189107361149,,,0.5501801338136902,0.6581087052585064,-0.10792857144481616,-0.10792857144481616,0.6656901861560193,0.6440411280624673,False,False,,"test improvement, do not use for ex-post selection"
GradientBoosting,1,target_big_down,0.4194554736245036,0.5309062207093879,0.6762728828895044,0.5940217683871151,0.08225111450238931,,,0.4194554736245036,0.5309062207093879,-0.11145074708488428,-0.11145074708488428,0.4905489747050245,0.5197759772313336,False,False,,"test improvement, do not use for ex-post selection"
GradientBoosting,5,target_big_up,0.3958666666666666,0.508281223593037,0.7517841909457323,0.6779566242033247,0.07382756674240765,,,0.3958666666666666,0.508281223593037,-0.11241455692637037,-0.11241455692637037,0.4678265212265409,0.4269783209988572,False,False,,"test improvement, do not use for ex-post selection"
mlp_small_fs30,10,target_ret,,,,,,-0.1625015614350154,-0.0334725747062369,-0.1625015614350154,-0.0334725747062369,-0.1290289867287785,,0.652783284731514,0.4874042516969917,False,False,,"test improvement, do not use for ex-post selection"
ExtraTrees,5,target_big_up,0.4293333333333333,0.5602501267534223,0.7104895109920508,0.6750107390750207,0.03547877191703008,,,0.4293333333333333,0.5602501267534223,-0.13091679342008905,-0.13091679342008905,0.4948697287623254,0.4606453954363562,False,False,,"test improvement, do not use for ex-post selection"
mlp_tiny,1,target_big_up,0.4360766045548654,0.568719583822789,0.9359489794257626,0.750481448479611,0.18546753094615165,,,0.4360766045548654,0.568719583822789,-0.13264297926792357,-0.13264297926792357,0.4468046060903424,0.4553234998571394,False,False,,"test improvement, do not use for ex-post selection"
RandomForest,3,target_up,0.442266380236305,0.5797326276406443,0.7081066578041145,0.6640861431373654,0.044020514666749166,,,0.442266380236305,0.5797326276406443,-0.13746624740433927,-0.13746624740433927,0.4238707575295398,0.5081978007294342,False,False,,"test improvement, do not use for ex-post selection"
GradientBoosting,10,target_ret,,,,,,-0.0909489877413836,0.1019215904548535,-0.0909489877413836,0.1019215904548535,-0.1928705781962371,,0.5444485200153842,0.421427302381696,False,False,,"test improvement, do not use for ex-post selection"
ElasticNet,1,target_ret,,,,,,,-0.0512804550317637,,-0.0512804550317637,,,0.5113517279973346,0.5042076141179634,False,False,,weak or unstable predictive evidence
